Country Name,1980,1981,1982,1983,1984,1985,1986,1987,1988,1989,1990,1991,1992,1993,1994,1995,1996,1997,1998,1999,2000,2001,2002,2003,2004,2005,2006,2007,2008,2009,2010,2011,2012,2013,2014,2015,2016,2017,2018,2019,2020,2021,2022,2023,2024
Albania,3714.541,3786.318,3724.358,3775.8096,3738.4922,3689.6462,3781.372,3753.8347,3589.6863,3816.0518,3681.2083,3299.2512,3009.153,3512.3381,4027.3682,4391.234,4862.4824,4539.818,4993.022,5292.0273,5315.43,5525.691,5636.1846,5861.1265,6038.8965,6531.797,7108.6143,7666.5283,8615.24,9320.368,10522.667,10711.467,11106.769,10646.325,11079.809,11644.792,11674.589,12126.523,12267.312,12531.788,12531.788,12531.788,12531.788,12531.788,12531.788
Algeria,12254.745,13108.504,13264.293,13552.555,13698.406,13826.624,11472.412,10669.394,9404.003,9448.048,9721.904,9304.236,9052.307,8473.165,8359.784,8597.436,8914.097,8496.63,8693.352,8883.031,9704.585,9655.797,9881.31,10634.918,11033.535,12356.633,13424.695,13692.437,14433.803,13045.797,14808.767,15523.892,14968.809,14278.215,13804.14,12512.007,11854.604,11408.486,11773.642,11787.492,11787.492,11787.492,11787.492,11787.492,11787.492
Angola,3467.9797,3313.958,3239.0059,3134.6028,3312.689,3309.2307,2844.8027,3084.3647,2805.978,2891.2588,3037.319,2719.6064,3080.0872,2566.381,2650.4155,2293.484,2820.7495,2809.5435,2861.1235,2696.8333,2228.5913,2334.3542,2533.5806,2682.5945,3131.4824,4116.556,5289.559,5809.966,6923.387,5130.315,6834.37,8334.11,9143.057,9320.892,9460.202,8058.727,7581.5454,7718.8564,7588.662,7159.579,7159.579,7159.579,7159.579,7159.579,7159.579
Anguilla,13551.983,14257.335,14406.914,14239.026,14715.496,15906.639,18924.375,19504.379,20031.396,22339.72,27838.922,20851.457,26989.988,27517.727,27761.29,27267.066,25643.43,24837.19,27783.72,29367.742,27215.838,26351.488,22947.178,26614.742,29567.043,35076.99,36554.652,42495.77,42161.152,29729.021,28403.244,27989.922,25566.455,21739.592,20429.637,17478.207,15636.513,13414.325,10206.005,15177.923,15177.923,15177.923,15177.923,15177.923,15177.923
Antigua and Barbuda,7961.821,8542.538,8887.541,10661.641,9872.611,8301.26,10811.342,11580.012,12113.277,12859.191,13509.29,13184.683,12963.708,13023.911,13952.826,12543.144,13284.202,13282.802,8923.83,12703.485,15362.205,12442.862,12615.345,14083.061,10951.267,16398.395,18315.209,22632.906,22791.188,21124.994,21019.088,21799.564,21588.543,19078.605,9101.859,16416.924,16229.569,16229.569,16229.569,16229.569,16229.569,16229.569,16229.569,16229.569,16229.569
Argentina,4492.1455,4459.6807,4606.9507,4914.8843,5155.431,4955.8945,5429.1235,5689.87,5963.5186,5657.7783,6260.611,7267.511,8444.155,9568.051,11006.12,12187.799,15569.968,15884.046,15672.702,14590.631,14332.45,13321.491,11287.75,12115.066,13113.357,14113.8545,15259.149,16769.285,17920.453,16903.314,19190.504,21360.64,21611.586,21429.314,20635.297,21197.787,20887.232,23272.184,23018.549,21826.838,21826.838,21826.838,21826.838,21826.838,21826.838
Armenia,2669.13596,2755.043572,2840.951184,2926.858795,3012.766407,3098.674019,3184.58163,3270.489242,3356.396853,3442.304465,3528.212077,3614.119688,3700.0273,3642.7449,2893.7903,3076.1155,3441.8337,3621.5447,3328.9885,3688.1565,3798.6646,4040.34,4396.316,5031.019,5389.253,6023.9185,6901.371,7882.088,8643.752,8038.7026,8880.064,9795.726,11476.973,11309.393,10791.942,11156.541,11325.965,12979.432,13588.856,14735.138,14735.138,14735.138,14735.138,14735.138,14735.138
Aruba,18259.441,19773.898,21300.975,22914.127,24753.596,26849.021,29503.621,34672.11,41638.746,43538.53,48472.41,49169.902,49396.02,51011.426,54404.49,52090.984,47801.598,50110.71,53399.832,54537.957,45452.684,50899.41,37426.957,38158.094,42818.92,45670.03,48062.984,46978.355,48225.316,41864.246,38688.96,39288.484,38024.7,45309.645,39269.96,37580.465,31666.953,29066.117,32544.37,32613.762,32613.762,32613.762,32613.762,32613.762,32613.762
Australia,24692.652,25480.332,24547.38,25622.756,26227.945,26544.85,26864.248,28604.322,29805.865,30357.975,29933.852,29537.36,30333.725,31075.062,32160.309,33466.836,34960.195,36290.953,37137.207,38633.94,39331.9,40172.168,40712.246,41971.69,42933.586,45488.26,45679.094,46090.77,47621.637,46605.594,50222.52,52136.227,51097.926,52768.6,51919.355,48712.19,51497.21,52536.19,54236.766,54147.008,54147.008,54147.008,54147.008,54147.008,54147.008
Austria,20080.336,20037.82,20134.324,20551.975,20423.42,20841.47,21803.77,22667.035,24061.92,25263.441,26615.162,27652.299,28590.305,28989.445,30206.715,31342.947,31967.035,33539.09,34845.543,36093.906,38036.566,37042.785,37653.426,38394.566,39732.598,43298.79,43980.133,45328.258,46818.812,44564.95,45806.348,47593.11,48182.363,47261.83,49125.188,49618.703,49865.79,51954.277,52968.19,53344.508,53344.508,53344.508,53344.508,53344.508,53344.508
Azerbaijan,7939.215537,8194.996683,8450.777829,8706.558976,8962.340122,9218.121268,9473.902415,9729.683561,9985.464707,10241.24585,10497.027,8947.8769,7398.7268,5849.5767,4515.355,2779.1174,2625.0737,2399.5999,2387.8008,2512.8457,2816.3289,3176.2764,3260.5984,3405.857,3566.5247,5500.5513,7976.9453,10800.024,11934.759,12098.649,14367.471,18106.38,19267.303,17494.54,18844.375,14581.192,13778.009,14091.36,15542.556,15858.924,15858.924,15858.924,15858.924,15858.924,15858.924
Bahamas,28855.234,23725.016,24608.107,26402.072,31176.812,31468.486,30311.287,33097.246,31711.605,33132.844,29458.385,27419.734,27700.953,26600.822,25366.29,24513.105,29444.889,28613.36,30194.86,33521.77,35694.668,33718.145,39583.043,37698.773,35546.84,39094.715,35367.03,38033.254,35293.496,34834.35,33069.75,33998.285,35776.676,31076.469,33804.51,30962.688,30996.61,32001.691,32339.086,33088.543,33088.543,33088.543,33088.543,33088.543,33088.543
Bahrain,26381.996,23138.994,18585.969,18770.12,19838.254,10468.514,12100.579,12193.796,14515.557,14204.736,15927.094,15453.469,15647.954,17267.734,17321.08,17423.264,16330.566,19281.459,17578.443,20788.555,27777.154,26450.092,24152.715,28342.62,30043.441,38436.684,41118.086,43345.777,55378.93,44195.965,46553.12,47956.34,56269.977,55316.56,53111.383,48509.74,46738.793,49238.594,49276.605,46964.977,46964.977,46964.977,46964.977,46964.977,46964.977
Bangladesh,1333.4319,1325.1575,1288.6855,1280.0214,1369.7687,1393.2859,1390.7646,1360.6252,1383.9873,1502.3505,1531.382,1553.5822,1562.9657,1568.4761,1607.5397,1648.079,1660.2803,1623.2451,1577.4174,1499.0077,1520.2449,1535.8394,1588.2731,1606.8379,1621.7179,1666.4171,1793.9163,1978.3098,2193.2632,2353.637,2650.6636,3030.0151,3113.8965,3260.8838,3453.2925,3714.8008,3833.7283,4112.704,4428.1455,4658.01,4658.01,4658.01,4658.01,4658.01,4658.01
Barbados,12789.05,12660.261,12830.858,13217.297,13541.944,11801.507,13744.875,14967.196,15623.32,16818.102,15811.569,16659.28,12578.095,13225.763,21747.504,23666.096,25243.86,23422.648,24377.67,24084.865,23597.746,23029.361,22733.799,20911.803,21595.09,22032.338,20567.945,21718.01,19940.24,17594.64,16825.586,15311.92,14260.479,13108.818,13087.195,12689.137,12570.785,11801.709,12009.456,12217.291,12217.291,12217.291,12217.291,12217.291,12217.291
Belarus,10839.38795,11188.56176,11537.73556,11886.90937,12236.08317,12585.25698,12934.43078,13283.60459,13632.77839,13981.9522,14331.126,13916.575,12404.728,13180.414,8683.532,8409.264,8840.275,9363.7295,9184.577,9084.586,9388.4455,9692.305,9920.514,10457.991,11319.383,12043.056,13609.858,15058.907,17549.406,17012.016,18824.506,21223.59,20276.56,19838.09,20188.39,19728.426,18609.34,20307.428,21174.275,21665.938,21665.938,21665.938,21665.938,21665.938,21665.938
Belgium,23806.79,22679.863,21934.953,21274.96,21207.998,20143.088,21584.13,22772.012,24514.705,25045.986,26114.314,26425.402,27306.836,27369.021,27974.865,29060.271,28905.15,30190.76,30345.209,31710.693,33739.33,33801.445,34587.23,35921.406,36637.98,40701.17,39286.82,40197.406,43370.99,41608.61,44733.914,44285.63,44366.01,43980.91,43960.465,42891.355,43413.094,45150.195,44205.297,44839.68,44839.68,44839.68,44839.68,44839.68,44839.68
Belize,5292.127,4845.993,4896.779,4740.473,4706.758,4750.915,5345.7656,5793.093,6093.674,6570.756,7192.621,6851.145,6758.351,7071.161,7399.0845,7794.7563,6607.7505,6156.386,5889.978,5897.188,6530.451,6299.567,6895.2183,7420.105,7606.347,7805.492,8127.245,8185.3877,7690.259,7087.6943,7784.203,8055.136,8062.7334,7291.5586,7270.5225,6594.8223,6321.782,6199.1445,5793.2246,5602.4204,5602.4204,5602.4204,5602.4204,5602.4204,5602.4204
Benin,2214.1562,2724.9905,1909.6669,1824.89,1882.8116,2021.0591,1716.2102,1542.1,1542.7927,1352.494,1348.4304,1372.9437,1370.6992,1360.4703,1231.7274,1316.4723,1341.8204,1440.5328,1464.8466,1558.879,1695.3029,1762.793,1888.796,1952.2593,2025.2596,2065.6758,2058.9084,2123.7812,2125.9502,2070.7388,2078.012,2160.346,2384.7007,2567.6763,2831.6736,3072.4944,3162.433,3071.0347,3118.2515,3245.0645,3245.0645,3245.0645,3245.0645,3245.0645,3245.0645
Bermuda,17009.22238,17980.88677,18952.55115,19924.21554,20895.87992,21867.54431,22839.20869,23810.87308,24782.53746,25754.20185,26725.86623,27697.53062,28669.195,29640.85938,30612.52377,31584.18815,32555.85254,33527.51692,34499.18131,35470.84569,36442.51008,37414.17446,38385.83885,39357.50323,40329.16762,41300.832,44465.117,45943.42,58765.383,61147.863,66545.414,68593.26,54710.883,49732.24,50001.98,48334.645,48434.652,50412.773,50109.297,51003.266,51003.266,51003.266,51003.266,51003.266,51003.266
Bhutan,2085.9502,2398.5237,2443.7375,2691.6025,2672.7383,2702.9836,2797.4094,2810.3242,2883.323,2887.9648,2956.5295,3021.925,3352.5876,3161.7402,3188.662,3242.181,3463.349,3853.8672,3911.8835,4394.509,4428.868,4585.326,5162.9624,5553.9844,6377.2344,6264.4834,6182.142,6538.2363,7184.4434,7688.8325,8901.771,9147.525,9464.409,8591.17,8779.765,9778.855,10569.886,11190.055,11457.6455,11778.3955,11778.3955,11778.3955,11778.3955,11778.3955,11778.3955
Bolivia,2474.8115,2498.947,2406.6848,2340.8616,2392.7231,2471.14,2431.5186,2480.736,2180.893,2239.5469,2334.6396,2441.7268,2510.4255,2627.3396,2791.7134,3056.6145,3349.7717,3327.961,3334.2295,3275.3877,3264.6858,3341.6895,3441.554,3547.0254,3703.2166,3896.6584,4040.7559,4219.324,4686.3604,4799.179,5248.621,5819.723,6424.1636,7039.8984,7257.5317,7336.2764,7606.1006,8176.8667,8489.708,8584.631,8584.631,8584.631,8584.631,8584.631,8584.631
Bosnia and Herzegovina,868.6462841,895.9574545,923.268625,950.5797955,977.8909659,1005.202136,1032.513307,1059.824477,1087.135648,1114.446818,1141.757989,1169.069159,1196.38033,1223.6915,1682.9862,2458.7297,4819.343,6011.9326,6191.644,6813.799,6590.9287,6768.977,6890.504,6795.021,6872.452,7924.7686,8515.68,9146.995,9872.349,9866.624,10212.632,10612.199,11026.567,11099.285,11334.895,11810.186,12295.962,12650.211,13240.263,13795.342,13795.342,13795.342,13795.342,13795.342,13795.342
Botswana,2597.8147,2872.4485,2970.5972,3373.7844,4099.9224,4591.7314,4919.174,5230.4263,5572.6147,6851.0835,7205.6685,7522.306,7602.1924,7634.3486,7741.875,8272.153,9232.805,9649.924,9751.764,10506.664,11064.159,10805.393,12533.8545,12158.926,12506.996,14003.922,14303.025,14592.438,14481.412,13197.055,14527.12,15922.705,14734.384,14868.127,16191.077,15194.871,15642.398,16208.257,16123.994,16484.375,16484.375,16484.375,16484.375,16484.375,16484.375
Brazil,5876.957,5949.227,5947.452,5689.513,5770.7944,5942.8237,6652.9414,6739.375,6660.645,6684.725,6406.3853,6870.1934,6943.6846,7364.7383,8154.492,9343.925,11043.685,10535.267,9941.913,9463.232,9460.318,9288.298,9232.4375,9082.942,9449.636,9686.668,10455.969,11527.026,12705.692,13057.089,15012.523,16611.414,16416.596,16445.102,16262.959,15077.577,14219.3955,14284.612,14522.992,14593.961,14593.961,14593.961,14593.961,14593.961,14593.961
British Virgin Islands,10376.451,9952.631,9722.236,9852.981,9889.355,8587.797,8081.9966,9268.979,7387.406,10209.4795,11463.707,16625.326,17467.611,21650.596,30842.465,36508.855,39234.33,49741.67,39237.97,38649.668,48253.137,58126.535,59756.99,48647.707,37570.3,44813.06,50704.734,41761.414,37877.914,35767.12,29813.06,37936.527,28231.674,34141.562,37089.062,35163.727,36035.777,35850.496,36693.86,37368.71,37368.71,37368.71,37368.71,37368.71,37368.71
Brunei,102404.6,95613.98,89716.195,85583.445,82208.664,74525.74,53128.832,55889.07,49223.35,53985.72,60654.81,56637.906,64131.664,60985.883,54907.414,51049.883,64683.543,55034.957,46824.184,52497.906,60517.664,57681.754,57069.73,63741.97,69490.195,83200.984,95823.44,94212.97,100560.6,75805.57,81980.625,101071.7,106950.56,101447.52,89740.49,68632.53,63107.637,64383.55,70022.805,73249.19,73249.19,73249.19,73249.19,73249.19,73249.19
Bulgaria,8413.145,9009.623,9347.919,9916.832,10104.723,10631.926,10804.255,11746.984,12186.966,11892.826,12042.437,11277.964,10513.491,9749.018,9731.46,10361.104,9957.917,7654.9644,9056.117,9082.772,9956.198,10270.034,10737.501,11144.845,11735.487,13120.203,13993.135,15213.048,16406.996,15935.777,16649.312,16569.482,17080.576,16343.87,16967.645,17693.727,18665.13,19579.834,20390.068,21347.125,21347.125,21347.125,21347.125,21347.125,21347.125
Burkina Faso,1221.3806,1276.2411,1242.2354,1138.1323,1080.0626,1124.8083,1205.4205,1147.7544,1184.9922,1160.8605,1117.4508,1160.7626,1139.0725,1153.5916,1018.1679,1134.3264,1227.7261,1305.8582,1357.7869,1434.6727,1452.5415,1464.6792,1488.1113,1517.3728,1555.4323,1641.1025,1654.415,1603.9171,1590.919,1540.9338,1634.3345,1657.573,1750.7736,1779.4204,1712.6461,1716.6113,1844.6614,1919.5693,2054.6062,2120.1392,2120.1392,2120.1392,2120.1392,2120.1392,2120.1392
Burundi,976.77563,1016.79407,975.1791,968.25446,962.67194,1009.5938,1032.3475,1007.2282,1060.4954,998.24243,1015.2844,1035.9885,996.49475,916.3178,912.09564,816.39825,746.30005,724.5763,793.5564,789.194,747.8341,742.2993,758.14923,773.5017,789.04614,754.1615,759.1195,748.0403,764.151,746.0979,766.5949,811.1974,815.9228,871.4557,884.5523,853.4425,860.21265,826.2287,807.7167,790.046,790.046,790.046,790.046,790.046,790.046
Cambodia,894.67957,877.52185,851.91943,858.90594,865.22314,870.8439,877.9492,1023.8046,1124.1324,1163.6613,1126.2883,1187.5183,1458.3253,1260.4546,1362.662,1448.8633,1337.8323,1339.7513,1261.9955,1326.7015,1397.3701,1470.0815,1545.2461,1641.2275,1719.1466,1984.006,2081.027,2307.1787,2536.2568,2369.3308,2470.1335,2657.1636,2878.9788,3102.1301,3171.4949,3481.1858,3681.8535,3950.9294,4267.497,4500.0527,4500.0527,4500.0527,4500.0527,4500.0527,4500.0527
Cameroon,2402.5652,2633.9414,2900.8455,3208.8503,3513.9512,3536.363,3327.603,3174.7092,3011.1538,2825.573,2634.4004,2455.0403,2371.2751,2404.5642,2255.2986,2426.949,2508.1604,2550.758,2604.0693,2642.5076,2673.2998,2664.7683,2678.5527,2767.8074,2764.6033,2795.1963,2822.2488,2889.4202,2970.7505,2895.9507,2935.96,3044.646,3175.768,3226.7278,3319.3752,3367.5437,3484.3015,3521.3113,3606.3958,3651.4968,3651.4968,3651.4968,3651.4968,3651.4968,3651.4968
Canada,28173.58,28833.945,27830.648,28486.627,30159.096,30560.17,30737.06,32477.46,33621.164,34377.15,34183.887,32881.074,32806.844,33201.17,34410.92,35738.742,36273.516,37363.715,37557.99,39872.336,41998.54,41247.48,41119.555,42749.91,44200.812,47073.375,46799.203,47230.992,48610.477,43182.203,45646.465,47756.727,47564.656,48815.652,49926.117,46945.504,47032.89,48902.645,49458.035,49884.055,49884.055,49884.055,49884.055,49884.055,49884.055
Cape Verde,1821.4053,1924.9347,2020.5928,2131.804,1999.5618,2004.428,2237.2231,2306.6113,2327.5518,2454.1282,2351.278,2315.471,2466.6572,2542.366,2908.7559,2616.093,3093.3218,2945.0842,3250.8147,3736.329,3989.5159,4109.213,4204.4116,4363.4233,4656.1147,4703.1978,4901.2266,5551.7295,6065.5244,6153.6187,6556.2974,7107.8853,6783.9106,6385.5093,6257.3496,6515.8477,6723.243,6890.046,6825.9004,7271.0767,7271.0767,7271.0767,7271.0767,7271.0767,7271.0767
Cayman Islands,51621.28,54615.707,58045.33,63366.176,66410.53,55282.1,59219.766,67225.03,69878.91,73861.96,93746.13,85993.81,77732.41,86448.875,77573.98,76383.76,72067.63,78804.516,84630.88,80817.87,83431.4,79287.72,76854.555,79635.29,75014.9,84655.234,89880.04,91240.3,87702.87,74597.54,70624.02,66650.5,63185.582,61047.55,61900.49,64717.41,64717.41,64717.41,64717.41,64717.41,64717.41,64717.41,64717.41,64717.41,64717.41
Central African Republic,1139.7721,1291.9447,1265.4109,1159.7468,1213.225,1316.1558,1275.4431,1166.7627,1207.1034,1252.5315,1208.3816,1160.3212,1084.0619,1032.7296,1221.8749,1223.6832,1013.72034,1037.5809,1065.0952,1028.9662,1038.0139,1029.7571,1009.83325,943.44836,951.1939,952.6827,980.513,1015.932,1022.9952,1084.954,1120.8365,1132.229,1250.9657,822.4136,787.7278,872.60364,910.5085,928.03546,951.7136,978.34937,978.34937,978.34937,978.34937,978.34937,978.34937
Chad,910.7886,805.9136,847.67834,1074.3043,1140.9663,1218.2876,1155.4182,1147.6157,1212.209,1224.7379,1196.3903,1208.9354,1182.6046,1128.1547,1139.4438,1160.8763,1068.9586,1147.1814,1112.789,1098.5048,1031.267,1084.1892,782.2993,884.8151,1280.5431,1561.0459,1638.4246,1762.3224,1829.6758,1664.0165,2135.6323,2020.7445,2114.5605,1804.3229,1811.2366,1942.6559,1681.2961,1579.2462,1620.899,1615.0825,1615.0825,1615.0825,1615.0825,1615.0825,1615.0825
Chile,7306.0596,7561.518,6520.5186,6224.6113,6341.75,6258.4023,6473.5034,6856.113,7400.482,7956.8716,8012.586,8506.622,9371.283,9827.764,10543.915,11898.526,12283.932,12358.101,12066.892,11407.16,11693.727,11511.693,11481.016,11870.72,13106.786,14570.872,16854.547,18105.645,17407.621,17554.469,20055.396,22020.885,23062.062,23622.014,23741.92,23214.646,22606.166,22864.049,23286.533,23252.557,23252.557,23252.557,23252.557,23252.557,23252.557
China,1678.2577,1667.3282,1762.4872,1871.7107,2095.368,2336.5251,2366.6023,2443.5935,2548.7253,2507.4414,2427.055,2519.9937,2722.6484,2943.4604,3133.4246,3431.2358,3659.8289,3757.72,3741.418,3930.9387,4199.84,4540.0283,4940.1445,5365.0444,5952.99,6588.563,7144.8,7817.45,8281.87,8938.087,10116.533,10874.707,11501.821,11899.735,12411.439,12784.436,13147.852,13854.229,13819.324,14128.812,14128.812,14128.812,14128.812,14128.812,14128.812
Colombia,7802.737,7679.038,7548.4917,7354.1274,7349.4995,7189.221,7491.647,7407.0815,7494.5967,7517.981,7624.974,7516.794,7725.0728,8091.757,8380.605,8597.688,8479.622,8537.107,8211.042,7650.2524,7760.558,7679.919,7661.362,7820.7036,8089.7007,8529.045,9216.343,10036.59,10897.64,10974.397,11956.13,13226.351,13683.41,13840.157,14080.851,13796.842,13566.159,13426.758,13782.132,14057.756,14057.756,14057.756,14057.756,14057.756,14057.756
Comoros,4266.2812,4038.74,4215.6074,4198.4766,4737.9204,4635.968,4984.446,4846.2847,4593.6357,4238.011,4056.2666,3769.3975,3876.7458,3651.4758,3244.372,3733.7634,3529.6528,3555.6924,3173.8198,3116.7026,2951.0872,3198.0337,3194.0566,3096.7175,2993.5403,3319.014,3208.023,2526.7837,2664.4934,2631.4363,2503.1409,2731.474,2961.5688,2985.0916,3005.5605,2988.6812,3090.4937,3136.6602,3181.9802,3208.8936,3208.8936,3208.8936,3208.8936,3208.8936,3208.8936
Congo,3852.466,3053.0005,3173.9421,5011.885,5729.822,5242.557,3222.5457,2961.7996,2677.1343,2614.498,3021.775,3294.95,2339.3525,2408.0479,2232.0698,2098.3245,2318.4878,2151.5488,1664.5428,2086.742,2908.7065,2714.7468,2628.9763,2674.9067,3128.918,4293.3706,4609.468,3629.85,4920.0557,3763.5007,5782.8184,7036.3994,7537.829,6984.387,6489.6,4702.7046,3968.5942,4074.6653,4925.4014,4657.116,4657.116,4657.116,4657.116,4657.116,4657.116
Costa Rica,8711.516,8399.101,7640.261,7521.541,7872.4414,7791.8486,8399.367,8193.195,8200.516,8503.62,8554.561,8486.701,9139.446,9528.854,9725.536,9864.47,9468.594,9664.772,10392.514,10271.373,10515.262,10787.231,10691.711,10874.106,11215.025,11871.861,11952.692,12489.902,13053.728,13642.417,13726.42,14410.855,15094.226,14711.616,15424.482,16333.762,17231.314,18127.814,18217.113,18522.178,18522.178,18522.178,18522.178,18522.178,18522.178
Cote d'Ivoire,2666.682,2685.6575,2653.4292,2571.5454,2539.6838,2716.5298,2742.6409,2603.6125,2570.049,2721.9626,2428.3728,2402.7683,2423.8716,2311.1638,2193.9429,2441.3,2563.752,2489.2673,2470.8025,2367.7683,2261.1787,2223.586,2147.0774,2347.7002,2188.2683,2141.6702,2195.8384,2274.3438,2359.7388,2507.6616,2796.2966,2889.4258,3346.0703,3657.7283,4091.1125,4541.9023,4546.2495,4548.877,4816.764,5035.349,5035.349,5035.349,5035.349,5035.349,5035.349
Croatia,10384.43788,10718.00039,11051.5629,11385.12541,11718.68793,12052.25044,12385.81295,12719.37546,13052.93798,13386.50049,13720.063,10899.353,9573.355,8944.084,9685.564,10301.132,10736.777,11729.542,12132.699,12464.765,13427.418,14111.179,15212.699,16221.238,16700.596,18152.627,19902.887,21548.15,22912.477,21806.916,21639.455,22431.89,22540.734,21535.82,21477.525,22547.463,23327.596,25359.7,25104.54,26001.002,26001.002,26001.002,26001.002,26001.002,26001.002
Curacao,16480.56893,17010.74857,17540.92821,18071.10786,18601.2875,19131.46714,19661.64679,20191.82643,20722.00607,21252.18571,21782.36536,22312.545,22842.72464,23372.90429,23903.08393,24433.26357,24963.44321,25493.62286,26023.8025,26553.98214,27084.16179,27614.34143,28144.52107,28674.70071,29204.88036,29735.06,30349.594,28991.113,29011.537,25348.887,25380.31,25552.223,24902.684,24368.346,23849.953,23669.424,23076.78,22077.744,21425.494,21161.58,21161.58,21161.58,21161.58,21161.58,21161.58
Cyprus,15213.302,15136.402,16109.721,16706.447,18406.432,17863.164,17977.922,19194.125,20122.25,22119.771,22535.14,21508.553,22322.89,21656.121,22380.373,23329.41,22778.906,23260.777,22803.709,24305.844,27567.72,28040.58,26906.66,25184.34,25365.447,28928.69,29449.406,30878.047,32407.42,31801.402,31855.75,30961.527,31319.172,28148.766,26588.385,28228.88,30758.475,31253.988,31223.533,32301.82,32301.82,32301.82,32301.82,32301.82,32301.82
Czechia,18336.55239,18926.53795,19516.52351,20106.50907,20696.49463,21286.4802,21876.46576,22466.45132,23056.43688,23646.42244,24236.408,20435.57,20256.303,20536.512,21647.84,22479.887,23518.648,22708.32,21872.21,21805.762,22501.195,23598.492,23222.879,24319.578,25010.672,27212.762,27721.584,30006.361,31376.184,29960.416,30265.84,31122.107,30945.021,30546.51,31932.49,32746.5,33460.086,35579.258,36724.83,37521.227,37521.227,37521.227,37521.227,37521.227,37521.227
Democratic Republic of Congo,2184.8337,2040.1947,2033.0565,2041.6466,2290.527,2143.602,1969.2367,1874.8965,1958.4717,1950.5587,1488.0116,1175.7506,1461.757,1105.5034,784.545,790.26294,688.00446,690.3284,611.7234,619.6863,544.67126,529.6276,534.1964,564.896,604.6236,637.1298,672.71466,692.3488,663.3836,657.2143,712.1791,746.29626,773.65466,826.7409,890.464,944.79175,1060.6923,1006.6029,1009.11975,1021.6937,1021.6937,1021.6937,1021.6937,1021.6937,1021.6937
Denmark,23979.723,23128.795,23511.057,23736.13,24247.697,24626.002,26436.166,27056.191,27024.982,27144.453,27817.977,27846.027,28845.56,28523.4,29687.18,30550.236,31560.564,33088.336,33963.254,35450.438,37403.957,37265.41,37064.266,37679.652,39556.914,43031.414,44582.707,45687.332,48294.336,46005.824,48860.055,49686.81,49100.336,47969.64,47861.254,47492.906,48930.09,51671.598,51931.836,54027.15,54027.15,54027.15,54027.15,54027.15,54027.15
Djibouti,5107.33,4949.243,5151.8027,5059.7607,4864.727,4289.876,3885.9102,3656.5532,3446.8655,3062.8909,2821.9785,2598.2007,3161.4287,4025.1177,2773.0012,3340.168,2834.8452,2986.8728,2856.339,2943.6538,2903.8945,2834.9243,2698.7766,2885.093,2938.2139,3091.2205,3676.9048,3831.8237,4261.8994,3492.941,3053.9675,3988.0984,4246.295,4208.9355,4432.3965,4751.606,4650.5986,4334.2344,5987.0894,6132.4233,6132.4233,6132.4233,6132.4233,6132.4233,6132.4233
Dominica,6083.3755,6924.2544,7283.1685,7537.6323,7831.475,7370.2637,7995.8228,8616.792,9080.219,9029.308,9631.405,9337.949,9820.334,9978.319,9629.527,10189.949,10944.1045,10016.836,8828.669,8781.039,9353.935,7700.026,7415.5117,7567.7173,7428.3965,8052.147,8223.727,8869.237,10131.416,8891.999,10033.593,9614.865,10366.576,10052.645,10507.92,10134.615,10835.492,10115.859,9857.702,10327.737,10327.737,10327.737,10327.737,10327.737,10327.737
Dominican Republic,4097.7725,4566.82,4543.4604,4677.358,5125.0703,5130.9897,5342.396,5853.104,6098.4043,5615.8857,5110.1016,5105.4014,5854.0356,6292.9736,6502.6357,6529.189,6672.229,7267.3047,8032.611,8440.989,8391.977,9149.304,9048.389,8276.985,8504.553,9431.821,10494.584,11406.723,11560.211,12149.653,13096.969,13231.797,13328.421,13388.624,13998.327,15161.65,16169.959,16557.008,17155.328,17926.738,17926.738,17926.738,17926.738,17926.738,17926.738
Ecuador,7915.238,7944.1943,7629.58,7228.126,7104.497,7071.114,6646.994,6400.9155,5996.1777,5937.264,6184.4883,6281.0986,6303.641,5729.5166,5744.652,5668.046,5577.771,5744.345,5735.9287,5309.485,5510.876,5798.6143,6233.989,6496.728,7106.095,7963.3896,8460.081,8832.098,9664.322,9225.989,9908.478,10796.917,11377.923,12181.178,12239.398,11354.9,11039.747,11413.081,11474.869,11235.628,11235.628,11235.628,11235.628,11235.628,11235.628
Egypt,1503.4878,1707.8383,1693.1415,1900.1423,2057.0928,2057.7676,2056.2388,2034.7579,1951.1313,2102.777,2363.0264,2703.5154,2913.518,3333.448,3734.867,4353.5874,5141.719,5202.5977,5185.884,5334.436,5409.2036,5587.2725,5645.3623,5750.7285,5913.924,6153.4644,6531.3677,7413.0864,8747.43,9276.948,10419.649,11504.672,13117.716,12747.484,12364.076,12621.582,12098.37,12009.694,12278.8955,12059.8955,12059.8955,12059.8955,12059.8955,12059.8955,12059.8955
El Salvador,1060.5958,993.04865,968.7961,988.1849,1028.891,1032.434,1106.808,1094.3303,1135.3795,1131.9446,1048.6945,1068.5349,1157.3202,1336.123,1418.6335,1621.5951,1753.0057,1919.1135,2004.0417,2121.941,2323.745,2438.77,2671.4375,2915.498,3126.8823,3658.7615,4014.762,4418.236,4903.5405,5222.856,6049.7974,7215.2173,7372.193,7369.935,7582.2363,7584.579,7707.979,7942.096,7987.9927,8116.269,8116.269,8116.269,8116.269,8116.269,8116.269
Equatorial Guinea,2976.1514,2895.4849,2842.3718,2740.7205,2569.4846,2727.949,2424.7856,2471.5378,2520.7517,2417.3616,2488.5537,2531.407,2556.1719,2461.125,1484.0676,2145.9746,3670.2224,6662.3823,6236.4053,7854.0034,10087.055,14263.422,12665.386,14122.253,18373.035,27228.81,27331.096,31566.941,41114.87,27650.639,38225.527,45539.74,46761.9,42763.11,39636,27242.693,23845.719,25498.295,26722.547,24712.76,24712.76,24712.76,24712.76,24712.76,24712.76
Estonia,9387.132756,9688.10478,9989.076805,10290.04883,10591.02085,10891.99288,11192.9649,11493.93693,11794.90895,12095.88098,12396.853,12626.786,10090.747,9817.439,9675.688,10758.367,11699.906,11957.48,11838.959,11732.874,13010.503,13763.808,14746.476,15846.114,16687.523,20291.969,22042.734,24741.186,25228.648,22535.018,23852.137,26704.477,28276.275,28599.617,29229.885,28516.846,29319.807,30981.602,32280.738,33852.387,33852.387,33852.387,33852.387,33852.387,33852.387
Eswatini,3907.6487,4077.9585,4156.957,4161.295,4124.9736,4335.37,5063.0854,5925.4014,5631.8486,5907.3047,6759.976,6948.137,7287.436,7876.7534,7577.3896,8668.011,9497.396,8819.031,8465.643,8155.3706,8695.067,8389.276,7652.306,7709.519,7734.836,8902.012,8401.989,8710.374,7952.5454,8396.381,8761.442,8815.126,9065.634,8916.7,8801.49,8732.5625,8586.797,8301.934,8628.518,7827.8228,7827.8228,7827.8228,7827.8228,7827.8228,7827.8228
Ethiopia,728.37317,793.6692,846.10913,955.9807,938.786,961.0323,910.83856,874.7271,834.4272,746.96246,821.5864,718.16644,625.87164,665.6744,600.59186,651.8162,642.32446,682.9968,613.8791,618.1026,593.4034,672.91284,580.5012,601.9647,692.32605,806.1251,793.5053,919.3985,978.5417,1006.8923,1155.4794,1267.2755,1336.031,1400.8866,1666.4066,1758.5656,1970.3477,2025.7733,2266.0593,2720.7412,2720.7412,2720.7412,2720.7412,2720.7412,2720.7412
Fiji,6420.8706,6118.285,5764.992,5260.1216,5520.5474,5376.1157,5364.3496,5332.7505,5601.918,6144.84,6942.425,6394.4062,6496.3394,6429.617,6653.023,6433.8896,6641.1167,6384.437,6189.0454,6589.7676,6694.667,6628.3354,6544.038,6119.557,6088.171,5941.677,6637.2476,6748.2866,7331.2466,7884.717,8670.004,9192.673,9773.799,10762.616,12349.98,12973.972,12733.721,12996.861,14065.826,13753.734,13753.734,13753.734,13753.734,13753.734,13753.734
Finland,21286.984,21549.025,21664.705,21860.852,22333.465,22419.217,23742.021,24809.166,26612.57,27585.281,27493.334,25045.555,24002.836,23815.592,25278.773,28161.002,28040.688,30470.166,32887.984,34454.28,35949.78,36123.156,35880.758,36471.54,38077.883,40534.965,41241.23,44680.04,46203.7,42181.793,43468.39,44077.234,43473.6,41426.906,41140.89,41660.523,42577.58,43827.152,44198.883,44928.516,44928.516,44928.516,44928.516,44928.516,44928.516
France,24980.373,24369.193,24201.264,23726.705,23348.615,22841.9,23972.672,24539.062,25643.527,26444.75,27149.924,27119.656,27494.258,27321.758,27763.336,28275.717,28793.59,30322.691,31888.025,33225.113,34969,35672.86,35605.21,34481.52,34925.938,37604.82,38307.066,39857.41,39980.652,38507.375,39900.06,40818.42,41133.777,40529.363,40418.523,40998.42,41386.223,42818.76,43192.387,43755.062,43755.062,43755.062,43755.062,43755.062,43755.062
Gabon,14617.956,13484.786,12496.025,13374.945,14403.564,12808.571,9648.201,9154.91,8039.773,10190.508,11923.6875,12111.3545,11212.015,11046.66,9800.424,10694.767,11755.115,10027.706,8458.978,9760.922,11433.374,10162.868,10450.114,11533.039,13587.453,17984.838,16863.58,17205.846,19817.643,12171.495,13814.3545,18695.826,16368.317,16564.46,16101.84,15222.635,14748.529,14775.115,15297.462,15492.227,15492.227,15492.227,15492.227,15492.227,15492.227
Gambia,2889.3718,3316.4436,3441.4219,3194.308,3172.493,3144.0452,3110.8923,2983.408,2931.216,2895.34,2878.5708,2846.5674,2821.216,2832.5757,2750.1882,2729.706,2708.5466,2687.5923,2623.0505,2765.31,2913.8247,2924.8987,2688.4856,2872.544,3446.551,3571.4543,3208.4622,3192.231,2932.5203,2923.3157,2956.557,2571.8005,2585.108,2447.1323,2291.7373,2270.7078,2157.3025,2192.0273,2381.808,2408.8591,2408.8591,2408.8591,2408.8591,2408.8591,2408.8591
Georgia,8914.507244,9199.97522,9485.443195,9770.911171,10056.37915,10341.84712,10627.3151,10912.78307,11198.25105,11483.71902,11769.187,10201.25,4524.8506,2817.3699,2509.4797,2719.6353,3244.0845,3652.0256,3655.5417,3750.9312,3831.3064,4132.7324,4461.047,4981.2437,5438.092,6093.007,7033.607,7908.328,8304.929,8481.528,8912.809,9718.428,10511.552,10954.579,11742.295,12695.076,13287.4795,14371.111,15141.594,17055.666,17055.666,17055.666,17055.666,17055.666,17055.666
Germany,22038.219,21626.012,21183.645,21225.652,21446.943,21471.29,23138.275,24096.135,25283.973,26246.838,28100.42,29495.428,30374.363,30521.496,31559.746,32570.662,32941.7,33996.99,35165.75,36591.91,37290.406,37771.26,37600.027,38480.516,39573.63,41565.598,42595.03,45097.15,46266.527,43240.043,45435.336,47754.105,47312.203,47302.22,48789.92,48064.566,49255.832,51253.33,51284.934,51190.89,51190.89,51190.89,51190.89,51190.89,51190.89
Ghana,3524.42,3221.0073,2682.9583,2580.863,2736.7095,2842.3237,2823.1868,2804.1926,2993.3928,2906.5305,2928.9849,3126.7476,2958.546,2714.1685,2769.907,2818.9734,2790.3516,2996.9326,2913.6665,2988.0742,3467.5833,3139.4385,3076.7017,3189.0496,3336.3586,3346.965,3352.8547,3924.3242,4304.033,3999.699,4363.8564,4841.9297,5338.2764,5636.321,5831.9644,5354.642,5022.625,5080.747,5111.909,5363.2695,5363.2695,5363.2695,5363.2695,5363.2695,5363.2695
Greece,15780.877,15657.779,15041.686,14754.898,15021.075,15503.57,16073.81,15873.447,16948.709,17681.326,17753.793,18705.66,18831.648,19071.445,19892.023,20419.39,20910.096,22679.924,23877.654,24256.174,25357.277,26199.316,27155.65,27225.674,28451.61,29086.717,31469.406,31673.479,32849.035,32017.865,29795.945,27150.488,26113.637,26244.691,26016.303,26330.736,25818.572,26477.574,26602.74,27201.492,27201.492,27201.492,27201.492,27201.492,27201.492
Grenada,3980.395,3625.9138,3712.8953,3801.5757,4090.536,3942.925,3865.1084,4595.8306,4672.7876,5282.0195,5515.6846,5702.315,6739.3413,6127.722,6546.8994,6780.0474,7839.924,7435.233,7908.883,7996.8306,7914.278,6760.9136,7363.9844,6201.2905,7919.5044,9267.035,9101.866,9678.0205,10330.033,9767.289,10547.423,11302.909,11606.327,11899.725,12829.253,13115.285,13742.592,14169.07,14948.8955,15374.282,15374.282,15374.282,15374.282,15374.282,15374.282
Guatemala,4045.0833,4083.051,3922.1082,3825.3538,3799.5938,3610.5532,3702.9429,3742.5781,3677.962,3890.3545,4007.8723,4178.646,4243.597,4408.7407,4507.147,4710.4346,4731.76,4891.013,5072.119,5235.681,5402.275,5599.318,5682.7383,5760.5005,5866.695,6019.3354,6234.127,6527.2104,6697.68,6729.5073,6941.2446,7311.478,7688.2773,7549.355,7533.8525,7737.959,7599.908,7507.966,7611.8486,7769.828,7769.828,7769.828,7769.828,7769.828,7769.828
Guinea,3471.9214,3365.8965,3374.7673,3301.7886,3276.7043,3331.3857,3292.2568,3337.615,3470.8967,3449.4065,3456.2473,3433.778,3374.5256,3463.0415,3543.2302,3596.579,3811.9185,3396.286,3348.479,3048.5176,2790.3203,2564.04,2408.5251,2088.6907,1971.0288,1972.3492,2000.3522,1966.5919,1981.6384,1839.9288,2021.2056,2100.6245,2156.9602,2168.7979,2068.8657,2086.2366,2241.378,2422.3333,2222.562,2286.8052,2286.8052,2286.8052,2286.8052,2286.8052,2286.8052
Guinea-Bissau,1446.381,1589.3062,1579.7024,1526.5634,1492.009,1177.161,1511.5546,1523.3267,1702.9788,1661.8091,1698.1646,1673.0015,1344.7874,1563.6981,1705.976,1693.8235,1748.7427,1991.6619,1641.0256,1844.4546,1771.9899,1765.8668,1679.818,1658.1754,1681.6792,1645.1265,1574.5001,1535.3137,1503.4553,1431.9447,1487.183,1567.6436,1509.9551,1479.8452,1477.3801,1665.3973,1773.1919,1907.2388,1825.0135,1850.2985,1850.2985,1850.2985,1850.2985,1850.2985,1850.2985
Guyana,4304.212,4371.685,3746.5916,3514.884,3356.702,3258.88,3264.0886,3379.369,3210.4604,3075.8865,3122.467,3157.2493,3420.059,3684.8477,3800.4458,3941.6248,4204.8394,4491.9917,4376.413,4497.9424,4687.493,5137.6855,5379.752,5925.3257,6723.5146,7447.572,7942.798,8511.495,9169.561,8740.866,9053.243,9759.514,10287.94,10370.794,10368.097,11144.114,11153.875,12187.789,12421.113,13010.421,13010.421,13010.421,13010.421,13010.421,13010.421
Haiti,1954.6372,1842.3234,1699.9161,1695.7954,1683.6487,1618.9492,1610.377,1621.505,1614.3726,1485.8901,1491.0653,1446.8429,1398.8191,1347.3322,1147.6416,1469.2036,1665.4725,1708.7142,1675.785,1852.2206,2175.7676,2077.2568,2032.5906,2040.7458,1908.9474,1898.3846,1846.8743,1994.0726,1845.7612,1879.1141,1826.8264,1833.386,1827.4252,1817.1644,1854.9742,1913.0902,1826.075,1653.7714,1580.17,1554.0212,1554.0212,1554.0212,1554.0212,1554.0212,1554.0212
Honduras,3063.8535,3047.877,2987.632,2862.73,2918.3853,2851.46,2962.9722,3031.748,3166.1099,3166.6462,3253.6936,3317.5164,3328.1123,3499.39,3484.4119,3764.519,3494.7537,3529.9968,3539.1255,3387.3474,3541.5427,3504.368,3572.1562,3653.394,3779.1619,4056.4424,4097.702,4267.364,4018.6868,3958.0103,4111.901,4355.0127,4573.7173,4343.8896,4569.137,4976.4863,5222.59,5346.9595,5359.8574,5428.0635,5428.0635,5428.0635,5428.0635,5428.0635,5428.0635
Hong Kong,19482.244,20445.72,20518.682,21255.424,22743.074,21794.006,24438.684,28007.12,28645.143,30233.621,32684.734,34285.547,36898.36,39106.062,40133.45,40662.207,42334.58,43059.8,39778.902,40050.832,44197.266,46896.504,49144.324,50446.914,57668.973,60869.176,55957.227,58844.316,57288.324,51092.26,55370.082,59504.652,61950.71,68567.914,59591.82,51588.312,50629.367,49927.07,55578.684,54810.02,54810.02,54810.02,54810.02,54810.02,54810.02
Hungary,11746.491,11913.976,12029.851,11928.243,12058.004,12054.406,12704.198,13604.163,13766.645,14200.329,14206.8,12905.632,12944.678,13785.752,14444.355,14655.2,15073.184,15012.571,15098.154,15424.706,16553.885,17554.031,18547.61,19247.383,19075.494,21192.756,21244.473,21433.201,23260.053,22472.57,23814.271,24415.496,24178.588,24297.898,24896.941,25278.672,25366.865,26908.965,27914.674,29236.4,29236.4,29236.4,29236.4,29236.4,29236.4
Iceland,29624.107,30693.291,31506.791,28065.7,30520.912,29867.027,32202.543,35800.88,36398.66,34395.797,33947.117,34226.85,32496.238,32630.027,33346.33,33038.734,33539.9,36563.273,37906.273,40203.78,39474.6,41138.188,40690.414,40512.914,42238.293,45611.082,43693.656,45280.676,56671.1,47770.586,43342.04,44048.383,45529.61,45043.26,45567.027,47414.69,48601.99,49844.32,50344.73,53011.742,53011.742,53011.742,53011.742,53011.742,53011.742
India,1310.5286,1269.2772,1211.3611,1217.4896,1192.4418,1184.8011,1207.8566,1244.0525,1313.3569,1376.0935,1430.1027,1446.1476,1495.1007,1543.7616,1603.368,1702.7816,1806.5155,1854.2544,1976.453,2078.6558,2137.655,2214.3452,2295.8237,2463.0178,2650.0457,2973.66,3281.6194,3622.2944,3784.6685,3991.5815,4554.7417,4893.672,5230.3315,5236.9985,5397.0723,5634.441,5886.458,6188.4565,6579.506,6711.385,6711.385,6711.385,6711.385,6711.385,6711.385
Indonesia,2408.41,2555.3286,2541.1729,2667.9094,2754.0002,2729.8496,2737.75,2785.3623,2831.756,3078.749,3436.3403,3678.3901,3856.453,4041.942,4275.9375,4604.4634,4933.6025,4941.9053,3943.8677,3939.083,3753.7678,3800.953,3817.389,3824.2468,4128.3716,4452.749,4878.2227,5392.1104,6382.0293,6983.9497,8177.112,9775.595,10309.083,10405.758,10458.301,10247.408,10315.834,10640.702,11247.842,11595.102,11595.102,11595.102,11595.102,11595.102,11595.102
Iran,4104.1333,3558.3552,4196.292,3930.367767,3664.443533,3398.5193,2961.505,3018.511,2673.9895,2835.5413,3292.6057,3758.9773,4024.4224,5111.1772,5340.2954,5455.5435,6564.5312,6825.542,6865.6553,7616.8496,8242.715,9235.28,10496.199,11498.957,12932.736,14921.047,15904.463,17915.809,17714.201,18044.977,19116.523,19992.902,17011.908,16181.029,15579.527,13497.838,13911.05,14040.69,13188.87,13240.924,13240.924,13240.924,13240.924,13240.924,13240.924
Iraq,9622.123,8840.235,8281.057,7053.921,6778.2827,6724.9497,7102.0757,8231.529,8376.651,7346.6567,7201.835,2384.9258,2900.8054,3581.337914,4261.870429,4942.402943,5622.935457,6303.467971,6984.000486,7664.533,7589.3145,7541.6704,6848.861,4265.7666,6351.675,6618.354,7361.5635,8337.189,9964.243,11294.439,13105.479,15326.204,17235.873,17390.014,15000.737,10494.439,10037.072,11522.754,11616.762,11920.252,11920.252,11920.252,11920.252,11920.252,11920.252
Ireland,14064.997,14136.983,14162.08,13791.215,14015.858,13992.832,14832.848,15861.533,16536.195,17637.57,19040.83,19321.967,20577.31,21711.354,22653.373,25668.748,27494.088,30539.477,33236.836,36071.598,39746.35,42077.63,46392.895,49762.98,51708.684,55875.633,56340.168,60186.035,56254.652,52878.867,52986.938,53714.656,54413.625,54242.168,58406.457,75990.266,81188.49,86808.65,91647.37,102622.45,102622.45,102622.45,102622.45,102622.45,102622.45
Israel,18795.83,19529.758,19713.549,20157.574,20137.555,20157.389,21147.588,22510.836,22937.654,22135.908,23651.15,24962.555,26136.834,26611.432,27426.521,28639.363,29926.4,30878.256,31693.592,32805.27,35327.105,35125.93,34616.707,32723.291,32018.518,31816.086,31477.191,31280.05,30694.04,31679.553,32680.99,33663.434,34910.715,36078.668,36230.445,37281.348,39039.242,38979.03,38243.504,38562.625,38562.625,38562.625,38562.625,38562.625,38562.625
Italy,21941.047,21531.7,21148.318,20860.445,21096.102,21268.63,22689.629,23829.486,24882.01,25912.541,27016.469,27820.145,28310.203,28232.004,29150.04,30583.93,31243.602,32623.664,34237.78,35258.895,36099.543,35995.87,35316.086,35236.848,35210.15,36438.453,37629.727,39278.04,40041.08,38338.21,38651.53,39455.664,38435.727,37340.996,36959.64,36995.258,38755.73,40155.508,40546.684,40732.03,40732.03,40732.03,40732.03,40732.03,40732.03
Jamaica,4754.8774,4632.693,4555.445,4668.686,4421.726,3884.63,4262.8516,4693.703,4898.8657,4952.0605,5283.718,5111.889,5378.626,5708.223,5663.591,5687.16,5759.154,5669.9473,5717.9023,5800.85,5864.0728,5846.3657,5833.9844,6346.4126,6432.5444,6879.6313,7092.3403,7476.824,7398.19,7390.9375,7533.5967,7649.4287,7937.296,8067.0303,8039.1553,8088.889,8092.5947,8206.209,8419.628,8434.522,8434.522,8434.522,8434.522,8434.522,8434.522
Japan,20852.17,20679.117,20248.773,19793.24,19753.05,20254.344,21946.01,23362.334,25594.398,27335.031,29385.457,31110.086,32143.326,33009.44,33976.027,35783.742,37559.605,37646.12,37128.617,37066.08,37915.273,37468.684,37384.547,37952.09,38901.746,39823.617,40255.957,41021.09,40303.45,38058.36,39789.7,39162.33,39235.848,39666.53,39171.812,40274.207,39467.09,39598.293,39352.13,39704.234,39704.234,39704.234,39704.234,39704.234,39704.234
Jordan,4253.421,4123.5654,4115.7188,4058.369,4531.1445,4214.2676,4113.129,4617.339,4667.1274,4790.7837,3835.9253,3660.4214,3673.8845,3626.1243,3513.9275,3672.9226,3625.6355,3640.8474,3739.8901,3605.2463,3860.0205,4065.502,4361.312,4536.236,5471.129,6394.599,7247.3047,7958.8003,9320.339,10554.338,10614.14,11674.002,11807.083,11130.207,10663.561,10457.684,10088.105,10580.568,10844.865,10789.006,10789.006,10789.006,10789.006,10789.006,10789.006
Kazakhstan,9319.423902,9617.179512,9914.935122,10212.69073,10510.44634,10808.20195,11105.95756,11403.71317,11701.46878,11999.22439,12296.98,12059.725,12268.858,9139.337,7337.676,6327.2026,6314.6064,5977.298,5654.1704,5462.7803,6245.465,7108.0825,7424.8936,8357.259,9474.033,11327.526,13785.8545,16015.968,18475.537,17390.83,20422.447,24606.053,25478.342,26628.018,27303.03,23783.732,23054.086,26073.014,26528.416,28306.396,28306.396,28306.396,28306.396,28306.396,28306.396
Kenya,2226.308,2186.1978,2177.3225,2215.3674,2282.3682,2245.7778,2337.3232,2283.0342,2335.4775,2280.5957,2314.9226,2289.481,2166.9836,2224.6921,2483.4678,2319.676,2348.0977,2324.112,2272.3665,2233.9749,2150.2163,2180.0522,2068.823,1974.1195,2007.8159,2093.7253,2248.7551,2328.893,2348.9912,2425.5322,2608.519,2757.1055,2919.0146,3051.3423,3285.298,3538.2283,3722.6748,4044.9116,4127.8296,4236.668,4236.668,4236.668,4236.668,4236.668,4236.668
Kuwait,64392.37,52016.83,45344.285,44392.49,43481.633,37271.21,28894.271,32357.936,27122.844,30126.678,22365.754,13656.198,28928.295,41244.383,46504.32,48900.95,51898.883,49563.918,47770.168,42102.957,44734.074,40424.04,41322.36,50936.25,61267.508,77999.84,91529.48,94019.56,107644.99,73103.82,77888.24,92054.21,99057.34,92745.53,81626.6,54531.47,52925.594,56270.934,64310.188,62054.52,62054.52,62054.52,62054.52,62054.52,62054.52
Kyrgyzstan,2360.54927,2433.728278,2506.907287,2580.086296,2653.265304,2726.444313,2799.623322,2872.80233,2945.981339,3019.160348,3092.339357,3165.518365,3238.697374,3311.876383,3385.055391,3458.2344,3415.5847,2722.4521,2427.8135,2328.6938,2277.8918,2229.5718,2222.7515,2408.9219,2531.2393,2550.532,2922.445,3264.4473,3767.0996,3706.0405,3658.1638,4444.5493,4857.9067,5036.5723,7218.551,4853.494,5174.08425,5494.6745,5815.26475,6135.855,6135.855,6135.855,6135.855,6135.855,6135.855
Laos,914.1924,1033.9799,1090.1415,1141.3661,1091.7526,1183.6136,1200.0243,1202.1127,1292.083,1405.0205,1411.6147,1414.6007,1429.1765,1472.1792,1567.7957,1639.9609,1776.4961,1853.0448,1845.5016,1984.1149,1969.959,2297.8406,2542.7307,2521.3416,2679.5947,2778.2986,3324.1777,3700.1042,3872.342,4269.4673,4470.572,5020.6104,6011.9536,6421.7993,6724.28,6627.723,6938.6943,7266.4316,7316.1323,7585.5537,7585.5537,7585.5537,7585.5537,7585.5537,7585.5537
Latvia,12734.45263,13142.20917,13549.96571,13957.72224,14365.47878,14773.23532,15180.99185,15588.74839,15996.50493,16404.26146,16812.018,15180.126,10802.577,9722.774,9779.343,9602.492,9774.577,10087.817,10657.002,11096.609,11853.215,12857.024,13439.671,13875.85,14565.601,16700.621,17877.363,19655.76,21019.832,18491.115,19327.377,21471.896,22556.6,22681.514,23613.543,24716.605,25500.613,27162.365,28488.854,29411.12,29411.12,29411.12,29411.12,29411.12,29411.12
Lebanon,6439.4565,6350.816,4185.7407,5965.4224,7150.031,9172.637,7821.5693,9125.984,6085.798,3388.6477,4827.023,6604.7803,4863.4556,4396.6157,4346.113,4252.1343,4173.863,3374.225,4001.9006,4863.3467,5547.0024,6084.5947,7628.178,8718.86,10569.491,13152.828,12710.368,13772.124,15355.109,17219.682,17581.867,15972.841,15461.838,15096.267,15051.937,15271.155,15853.267,15941.899,15562.606,14749.867,14749.867,14749.867,14749.867,14749.867,14749.867
Lesotho,2064.5159,2087.038,2123.7068,2010.56,2021.3737,2020.2097,1936.5029,2008.6007,2240.9773,2386.3708,2404.6335,2422.9668,2348.4326,2537.032,2472.0566,2548.1997,2752.0222,2788.244,2403.7263,2417.4946,2454.0264,2607.8137,2642.6309,2679.8435,2691.1995,2771.7478,2838.2239,2745.5413,3062.158,2988.5417,2692.5435,2726.6133,2954.8572,3054.4631,3212.4592,3382.4414,3232.3171,3033.479,2682.2034,2694.87,2694.87,2694.87,2694.87,2694.87,2694.87
Liberia,2122.7612,1803.3485,1731.4435,1676.0461,1593.9938,1503.4092,1497.796,1594.0042,1640.7352,1718.617,906.8702,857.01886,544.51636,374.1144,286.61758,271.83838,246.74171,486.9445,609.59265,670.56396,995.2094,836.1581,837.2262,609.7082,1137.8593,1106.6305,998.0357,901.40137,939.89246,885.25195,879.09454,885.662,913.2115,936.11194,1028.6824,1210.1753,1267.2236,1377.4381,1591.0184,1258.1931,1258.1931,1258.1931,1258.1931,1258.1931,1258.1931
Lithuania,11134.93151,11490.96156,11846.99161,12203.02166,12559.05171,12915.08176,13271.1118,13627.14185,13983.1719,14339.20195,14695.232,12118.736,10424.5625,9673.154,8895.302,9495.179,9932.157,10424.372,10837.324,11259.69,12111.563,13060.229,13447.231,14941.42,15235.697,17388.69,18709.89,20561.068,22023.621,19256.902,20978.105,23665.562,25366.955,25697.758,26893.27,27162.244,28086.762,29832.797,30921.453,32483.44,32483.44,32483.44,32483.44,32483.44,32483.44
Luxembourg,28116.154,26984.379,26985.086,26846.723,26482.469,26308.791,30128.865,30807.178,33786.363,37509.53,38945.746,42679.285,42778.45,45307.543,47157.14,46934.92,47193.207,51031.633,54626.34,60363.395,66585.98,62035.97,59912.57,57764.754,53136.387,66100.27,64797.258,68275.55,66359.66,60593.63,67784.19,66803.414,68756.31,65823.29,76519.35,82382.44,86516.09,90597.55,88604.07,90479.41,90479.41,90479.41,90479.41,90479.41,90479.41
Macao,14934.289,15809.837,15814.07,17433.713,17986.902,17246.932,18351.348,20857.385,22260.357,23101.346,25753.53,27740.357,31699.717,32924.31,33717.316,35288.605,34133.414,33226.598,31305.89,30374.732,31524.324,31750.494,34357.2,39182.785,48285.36,50222.133,57177.03,66999.1,74003.49,80128.95,104660.08,139520.05,144189.69,143194.12,145062.58,99116.414,90852.59,94059.52,99487.21,93488.375,93488.375,93488.375,93488.375,93488.375,93488.375
Madagascar,1546.6405,1457.8478,1434.4271,1462.372,1467.4402,1494.5985,1740.9473,1551.2799,1495.9714,1408.77,1423.8962,1293.9891,1217.8358,1206.9618,1170.8748,1174.5333,1195.0319,1207.5371,1232.3171,1258.1376,1269.4547,1303.8961,1165.6875,1273.0856,1347.7919,1391.3483,1429.0686,1445.6991,1583.9712,1535.5137,1652.3534,1758.6234,1760.0046,1708.0085,1648.2905,1643.5133,1676.6515,1632.06,1544.0632,1539.063,1539.063,1539.063,1539.063,1539.063,1539.063
Malawi,1267.7512,1282.022,1316.3142,1385.2129,1437.9813,1544.4951,1370.787,1232.4524,1113.8799,1145.124,1061.9098,1113.9692,977.5057,1047.2645,1214.8795,1154.6603,1094.4213,1177.9026,980.3685,990.67676,954.1786,856.27875,1013.1568,1024.0898,1150.7426,1200.087,1218.9154,1432.0919,1623.2701,1196.9756,1159.4869,1192.2114,1081.9175,1206.1454,1081.6387,1124.0508,1084.6626,1147.5176,1135.2921,1161.3806,1161.3806,1161.3806,1161.3806,1161.3806,1161.3806
Malaysia,7404.997,7702.452,7999.085,8291.545,8706.645,7855.67,7072.2646,7407.977,7862.274,8485.793,9329.916,10076.065,10451.805,11117.8955,11731.379,12752.089,13556.125,13890.785,11568.118,11857.314,13385.826,12923.659,13435.977,14028.735,15080.205,16883.428,16887.713,18299.684,20175.873,18632.186,19924.387,22259.436,23680.81,24149.773,23988.04,23256.72,23426.953,24159.168,24924.95,25735.309,25735.309,25735.309,25735.309,25735.309,25735.309
Maldives,3825.0854,3556.1409,4929.9824,3794.0764,4338.4688,4581.963,4938.286,5556.2563,5932.0366,6366.232,7194.9873,7513.603,7269.428,7317.825,7536.7607,7262.8433,7795.224,7908.1436,8492.197,8408.608,9386.698,9457.586,10279.531,11579.064,14296.089,13147.602,17987.719,21281.37,19939.926,14146.273,14370.84,18797.334,19079.422,19377.64,20513.053,18039.447,18515.838,19260.004,18324.07,19411.275,19411.275,19411.275,19411.275,19411.275,19411.275
Mali,713.9233,799.7422,854.50085,832.7715,778.43677,1003.8789,993.90375,891.3832,750.88885,764.2424,749.7677,800.8988,722.42957,745.08734,731.20605,973.89197,1206.5997,1270.6154,1292.2141,1354.6953,1380.9473,1471.3109,1452.6434,1567.0706,1408.7047,1467.487,1612.9946,1591.8174,1693.3593,1974.575,2017.8123,1988.0868,1909.7675,1942.9255,2041.3866,1987.0233,2165.8777,2240.447,2374.083,2446.2075,2446.2075,2446.2075,2446.2075,2446.2075,2446.2075
Malta,11051.612,12356.599,13207.663,12834.836,12643.952,12688.6045,12798.695,12899.997,13957.469,15020.836,15090.885,16015.602,15791.303,16685.729,17058.139,17098.65,16998.31,19442.06,20159.824,21028.7,25529.684,22631.324,23054.066,24119.35,22724.908,25560.506,25058.86,26269.72,26133.05,25905.693,26953.379,28355.166,28859.14,27884.654,28741.291,33804.832,34217,35154.08,38692.336,38910.08,38910.08,38910.08,38910.08,38910.08,38910.08
Mauritania,3907.9526,4009.1125,3680.1545,3605.647,3417.9114,3369.3516,3354.3926,3382.8704,3378.6135,3330.347,3229.0403,3214.9565,3289.0698,3439.5308,3529.8088,3361.778,3572.4348,3292.4946,3339.2522,3272.3584,3186.7036,3062.9712,3156.3757,3252.0417,3626.7964,3666.465,3858.7742,3914.8733,3848.079,3794.6167,4468.001,4535.4854,4403.5103,4763.6836,4307.874,4392.759,4473.6323,4935.1816,4725.573,4676.1816,4676.1816,4676.1816,4676.1816,4676.1816,4676.1816
Mauritius,6689.592,6874.5713,7011.1123,7069.1177,8116.009,7834.695,8453.151,10437.358,10521.875,10940.205,11846.35,12521.868,12847.364,13506.218,14134.569,14867.98,16621.65,16413.287,16652.344,16476.227,16539.104,16063.076,15961.274,15697.031,15586.288,15024.487,15771.482,17298.73,17349.8,16718.84,17088.406,18954.357,19543.262,19607.258,20028.928,20134.156,21841.797,22267.203,22654.246,23437.75,23437.75,23437.75,23437.75,23437.75,23437.75
Mexico,14127.015,14891.229,14380.749,13198.649,13302.488,13072.401,12007.635,11930.41,11692.257,11889.863,12382.703,12630.54,12845.684,12747.229,13056.868,12184.501,12283.149,13003.718,13815.467,14059.859,14849.223,14646.398,14265.164,14228.5205,14894.119,15638.168,15983.76,16249.967,16461.701,15710.421,16873.336,18200.082,18862.564,18710.57,18637.203,18518.387,18913.807,18939.904,19200.268,18736.527,18736.527,18736.527,18736.527,18736.527,18736.527
Moldova,4809.118668,4960.703141,5112.287615,5263.872088,5415.456561,5567.041034,5718.625507,5870.20998,6021.794454,6173.378927,6324.9634,6027.69,3519.7107,3583.7754,3231.8638,3406.426,3357.8108,3147.6797,2840.9084,2393.5798,2596.4407,2745.8767,3037.6013,3377.0925,3558.1033,3973.4304,4252.946,4308.73,4554.759,4507.9023,5130.034,5895.299,6565.321,6746.7275,7270.467,7468.925,8005.567,9095.337,9252.155,9438.566,9438.566,9438.566,9438.566,9438.566,9438.566
Mongolia,1948.1152,1741.7229,2007.8376,2236.9404,2476.6765,2420.2268,2548.3118,2704.7932,2788.5193,2711.9817,3805.8362,2750.6504,2605.642,2085.4915,2192.1812,2816.2039,2636.7656,2745.057,2734.5671,2867.4656,3213.1985,3544.928,3844.4285,4135.0933,4826.171,5646.2065,6549.9546,7459.4053,7980.5854,7461.222,8756.164,10886.072,12384.991,11937.9,11395.379,10785.082,10377.35,10477.258,10774.735,11900.283,11900.283,11900.283,11900.283,11900.283,11900.283
Montenegro,9088.837098,9378.412488,9667.987878,9957.563268,10247.13866,10536.71405,10826.28944,11115.86483,11405.44022,11695.01561,11984.591,10688.416,8148.8125,5158.308,5222.344,5978.0923,7632.735,8124.8535,8604.232,7867.6074,8886.786,9384.036,9092.71,9134.672,9620.688,10241.369,12927.465,16121.166,17189.854,15797.233,16865.262,17592.91,17188.65,16900.223,16785.021,18007.459,18450.861,19436.828,20342.494,21849.92,21849.92,21849.92,21849.92,21849.92,21849.92
Montserrat,20961.883,21615.217,22885.037,22323.283,23243.99,24655.137,25949.322,27271.643,30946.145,37046.992,44466.906,33814.934,31249.406,30531.39,30592.682,28653.969,21360.838,22186.242,20473.916,23720.965,25091.531,25724.342,26827.398,25634.645,25306.066,25767.91,24748.207,24131.92,25614.217,23058.46,22261.395,26456.205,22123.744,17907.37,17627.98,15236.805,16501.613,14536.58,14780.203,15573.098,15573.098,15573.098,15573.098,15573.098,15573.098
Morocco,2952.8308,2931.5547,3207.5452,3352.5264,3551.1257,3815.4817,4125.105,4154.6846,4538.2295,4548.4233,4546.292,4981.141,4926.653,4906.9033,5409.1533,5263.4424,6074.2617,5563.501,5535.1978,5239.0044,4984.969,5038.877,4916.895,5038.5156,4968.7354,4880.08,5234.098,5459.017,6071.832,6548.865,6897.943,7624.126,7691.662,7642.4927,7204.2603,7604.1436,7520.1714,7591.129,7752.627,7923.9307,7923.9307,7923.9307,7923.9307,7923.9307,7923.9307
Mozambique,573.4102484,588.1976758,602.9851032,617.7725305,632.5599579,647.3473853,662.1348126,676.92224,683.47253,735.58936,714.2318,737.18176,652.9243,680.57495,709.37213,706.4072,739.23663,787.13995,820.5415,856.4412,857.1803,916.54047,1035.5167,1116.901,1118.0697,1190.0143,1195.8993,1222.9473,1247.1465,1233.3835,1227.096,1180.8969,1209.8844,1220.9983,1292.8986,1343.997,1429.1407,1266.6051,1239.6433,1228.8705,1228.8705,1228.8705,1228.8705,1228.8705,1228.8705
Myanmar,856.58966,890.81946,923.71234,959.4475,982.6799,963.75653,929.1391,840.624,777.5221,779.78595,762.569,768.03217,890.3298,969.58545,1001.1642,1044.4792,1039.1057,1072.9498,1153.1647,1118.5929,1123.4163,1188.8003,1325.4946,1477.2902,1620.1046,1804.991,2012.7296,2321.3628,2624.933,3090.497,3679.6335,4060.4766,3289.9768,4627.186,4873.386,4774.1333,4740.627,4762.926,4919.757,5153.375,5153.375,5153.375,5153.375,5153.375,5153.375
Namibia,6340.8257,6324.9673,6357.816,5973.8315,5984.9395,5944.221,6012.985,5921.8633,5699.2427,5668.043,5062.8765,5452.567,5578.148,5600.0737,5547.6943,5657.326,5870.3735,5892.804,5961.859,6077.285,6176.4526,6266.549,6440.5117,6352.984,6827.219,7330.709,7915.397,8090.007,8809.402,8456.091,8970.764,9607.41,10300.408,9976.187,11200.09,11041.704,10507.842,9921.88,9473.263,9353.127,9353.127,9353.127,9353.127,9353.127,9353.127
Nepal,804.27454,871.8905,903.03314,918.15704,960.36456,979.39825,1020.0691,1014.00824,1069.532,1133.1582,1137.8658,1204.0892,1189.3293,1248.1986,1465.9276,1528.8193,1626.9994,1595.658,1511.2021,1479.8984,1485.4597,1392.387,1366.9335,1484.0645,1422.6223,1422.8258,1481.497,1560.5021,1702.9414,1915.5867,2118.272,2321.922,2554.7559,2674.5566,2849.1494,2829.85,2930.8179,3278.159,3466.9692,3631.0178,3631.0178,3631.0178,3631.0178,3631.0178,3631.0178
Netherlands,26173.992,25294.805,24475.873,24419.023,24767.418,24075.873,25028.982,25144.99,25964.035,26902.656,28432.918,29128.871,29365.768,30104.893,30778.459,32155.63,33305.76,35467.707,36453.566,39085.13,42616.637,42938.492,42863.04,42688.3,43293.613,48942.477,50002.72,53258.062,55246.902,50439.02,50553.598,51588.31,52656.027,54954.08,52230.89,51664.715,51435.76,54233.45,54921.65,55569.44,55569.44,55569.44,55569.44,55569.44,55569.44
New Zealand,18241.316,18732.959,18761.36,19685.424,20427.186,19984.455,21285.105,22114.45,23043.379,23056.01,23036.617,22237.072,22482.072,23766.602,24903.42,25871.375,26873.715,27581.033,27843.195,29434.182,29589.344,30121.984,30559.318,31083.648,30939.174,31823.973,31891.816,33771.05,33758.484,33797.086,34903.133,36292.402,36036.375,36690.316,37205.36,37060.945,38738.773,39728.855,40128.21,41522.477,41522.477,41522.477,41522.477,41522.477,41522.477
Nicaragua,5681.732,5855.8413,5457.936,5694.53,5577.607,5565.932,5212.5024,5330.3335,3912.7607,3511.0037,3537.7476,3537.6482,3436.5547,3260.1873,3386.7668,3521.3818,3626.3523,3717.2358,3840.3413,4005.3787,4033.3044,4049.704,3973.5537,4003.177,4092.6555,4306.813,4301.6465,4450.838,4567.6216,4367.1304,4466.5146,4676.193,4794.1655,4840.0674,5079.5557,5300.7627,5536.5967,5654.6304,5232.654,5024.2754,5024.2754,5024.2754,5024.2754,5024.2754,5024.2754
Niger,1954.8835,1810.8234,1781.5747,1694.8641,1281.2731,1345.5496,1313.9994,1282.6211,1244.8372,1191.0474,1210.1617,1177.3971,1129.103,1094.7175,1076.4741,1123.6465,1080.9954,1056.9218,1131.9476,1106.8685,1036.8898,1089.2837,1106.1584,1107.5525,1030.2905,1036.2706,1055.6915,1039.9606,1081.9208,1080.0107,1190.5724,1131.7478,1208.476,1170.2283,1194.3004,1191.8284,1147.8324,1128.3477,1188.8394,1210.8782,1210.8782,1210.8782,1210.8782,1210.8782,1210.8782
Nigeria,4807.376,4411.4473,3746.5696,3567.825286,3389.080972,3210.336658,3031.592344,2852.848029,2674.103715,2495.359401,2316.615087,2137.870773,1959.126459,1780.382145,1601.637831,1422.893516,1244.149202,1065.404888,886.6605741,707.91626,941.4752,998.49536,1261.6782,1643.9158,2163.4158,3456.3408,3955.1292,4276.3486,4314.6997,4471.677,5035.7593,5234.2905,5303.822,5541.9263,5730.014,5576.2925,5327.929,5060.9785,5177.499,4983.6753,4983.6753,4983.6753,4983.6753,4983.6753,4983.6753
North Macedonia,4971.358476,5127.724878,5284.09128,5440.457683,5596.824085,5753.190488,5909.55689,6065.923293,6222.289695,6378.656098,6535.0225,6423.7256,6026.3403,6068.8237,6134.763,6264.3115,6312.8086,6512.4634,6800.1895,7353.0337,8013.895,8306.393,8290.83,8313.259,8676.874,9492.968,10074.951,10573.322,11798.38,12264.356,12668.96,12742.101,13226.012,13212.767,13865.769,14449.225,15152.281,15235.447,15241.899,15779.604,15779.604,15779.604,15779.604,15779.604,15779.604
Norway,27764.758,27909.139,27530.096,28735.143,30379.668,30526.918,29406.348,30044.559,28691.742,29728.45,32764.594,32687.062,33537.234,33683.6,34806.59,37309.195,41733.71,43845.07,41572.94,46062.18,56381.223,56772.67,54437.688,58280.91,61862.293,76282.555,82402.68,82926.92,93274.22,77867,83524.734,90686.55,94650.805,91533.164,84909.97,70778.65,67263.195,69604.79,75245.914,73668.79,73668.79,73668.79,73668.79,73668.79,73668.79
Oman,13303.522,14730.736,14617.675,15399.518,16190.798,16705.205,12386.672,13105.668,10293.955,12129.822,13676.447,12072.485,13114.275,12175.392,11401.985,12821.027,13943.505,14537.415,13420.698,15925.568,19674.732,21549.213,21396.451,24714.47,29832.668,32524.393,43162.62,47329.754,56371.73,45516.336,47959.402,52046.33,53091.266,51248.316,43454.582,35037.953,32396.064,31078.33,32119.912,30723.287,30723.287,30723.287,30723.287,30723.287,30723.287
Pakistan,2266.4963,2328.2283,2364.1052,2431.8967,2490.659,2563.723,2559.0054,2640.15,2739.5498,2781.578,2764.075,2693.3384,2785.7932,2797.3147,2756.6943,2844.1104,2929.303,2841.4192,2880.3252,2870.1143,2879.3796,2829.9724,2881.1455,2904.5984,3076.1675,3334.0825,3591.6812,3776.2563,3911.9106,4040.5366,4204.3774,4465.341,4508.8867,4434.178,4487.1455,4649.5283,4587.18,4743.69,4957.3164,5026.2085,5026.2085,5026.2085,5026.2085,5026.2085,5026.2085
Palestine,2653.0166,2268.058,2475.7566,2277.8005,2348.56,2258.4558,2618.1763,2440.909,2335.102,2295.9272,2615.589,2391.8281,2855.064,3031.5386,3374.3728,3455.62,3292.7256,3622.061,3954.3655,4113.1206,3609.345,3168.3806,2769.2385,3102.1863,3617.2095,3893.7705,3777.4338,3781.253,4058.9243,4242.925,4354.9844,4745.2334,5532.1567,5612.651,5597.787,6230.2207,6545.307,6610.7993,6578.907,7386.203,7386.203,7386.203,7386.203,7386.203,7386.203
Panama,6774.9336,7134.437,6950.901,7230.4272,7016.913,6655.5693,7230.471,7624.924,6661.949,6565.7065,6951.8916,7586.668,7968.5127,8132.2944,8183.407,7965.124,8275.609,8972.132,9551.403,9670.39,10030.54,10025.104,10359.59,11373.855,11404.923,13825.336,14851.861,13690.339,14888.1875,15173.578,16334.601,18371.814,20502.666,21937.14,23684.98,24786.473,26693.416,29459.16,29920.34,29879.904,29879.904,29879.904,29879.904,29879.904,29879.904
Paraguay,4648.966,5022.7,4875.323,4679.377,4653.8193,4671.1924,4459.2876,4569.5127,4767.345,4869.812,5233.1987,5246.422,5277.4873,5419.332,5594.098,5732.649,5718.5835,5757.7593,5850.6387,5484.534,5208.9824,5397.5947,6900.767,7130.463,7358.905,7434.926,7810.5986,8203.628,8691.898,9207.959,10500.25,11502.423,11276.215,11698.768,11972.812,11727.364,12007.704,12347.542,12377.3125,12319.808,12319.808,12319.808,12319.808,12319.808,12319.808
Peru,4275.3647,4517.3174,4441.657,4016.476,4093.1025,4007.1255,4506.593,4936.536,4575.1016,3734.9497,3700.6125,3785.0408,3798.636,3983.6047,4564.2563,5024.6562,5212.2085,5464.8857,5261.916,5175.4785,5241.1553,5204.9727,5464.4907,5745.861,6147.094,6727.838,7547.1685,8302.518,9017.797,8962.979,10113.219,11022.33,11566.978,11749.8545,11764.07,11662.247,11747.658,11956.625,12158.256,12236.712,12236.712,12236.712,12236.712,12236.712,12236.712
Philippines,3493.8743,3567.647,3647.2795,3581.968,3263.6243,3008.201,3108.9236,3340.9497,3606.8936,3837.3877,4103.079,4092.483,4187.64,4349.928,4741.4224,5121.7134,5470.8286,5259.2334,4727.5693,4508.39,4540.9434,4485.08,4454.3926,4472.4077,4514.1797,4605.2607,4742.3433,5020.0376,5260.8774,5374.6123,5814.083,6237.9414,6586.1475,6724.5034,6885.6484,7088.7803,7557.3813,7858.4766,8229.168,8448.533,8448.533,8448.533,8448.533,8448.533,8448.533
Poland,6928.2583,6488.6294,6360.49,6858.7334,7451.03,7977.0293,8462.992,8848.745,9396.064,9801.525,8554.509,8493.18,9128.409,9893.454,10617.799,11685.215,12667.918,13473.866,14005.399,14779.576,15115.898,15189.506,15552.694,15706.335,16284.119,17152.693,17793.412,19368.365,20616.195,21338.791,23428.086,25108.1,25650.93,25615.729,25944.71,27173.203,27778.246,29047.824,30522.254,31985.158,31985.158,31985.158,31985.158,31985.158,31985.158
Portugal,11608.852,11427.951,11406.384,11108.897,10674.974,10834.543,11894.004,12861.183,13939.07,14899.431,15835.435,16521.299,17039.486,17408.895,18475.4,19151.791,19605.05,21154.281,22217.99,23547.527,24812.988,24602.002,24562.98,24338.291,24246.072,26620.916,27802.342,28355.006,28234.168,27659.717,28848.957,28366.145,28407.574,27645.287,27811.79,28654.186,29452.104,30430.031,30923.975,31796.8,31796.8,31796.8,31796.8,31796.8,31796.8
Qatar,90604.88,77094.7,59415.773,49634.543,51154.414,38127.457,28893.824,29175.408,28239.055,30352.969,35855.13,30425.36,30124.004,28928.467,28785.79,30754.371,31003.662,39839.24,37149.645,47573.848,65698.72,68283.56,64244.344,86562.37,97476.414,117865.875,132084.81,137979.53,161521.75,123358.02,137985.22,167820.64,169200.27,164968.48,147262.56,108237.445,103328.3,110269.57,116782.6,114100.81,114100.81,114100.81,114100.81,114100.81,114100.81
Romania,6856.425,6746.2495,7032.6045,7270.204,7491.7354,7819.7847,8073.3145,8220.165,8375.791,8025.486,8187.8477,7494.8823,7127.167,7364.8813,7849.4565,8441.648,8942.082,8523.61,8288.081,8316.22,8579.492,9329.077,9709.697,10250.483,11500.137,11938.75,13755.002,15591.713,18339.736,17999.645,18466.545,18560.094,19638.709,19739.795,20324.879,21573.496,22819.523,25424.059,26494.797,27888.36,27888.36,27888.36,27888.36,27888.36,27888.36
Russia,12814.41673,13223.36566,13632.31459,14041.26351,14450.21244,14859.16137,15268.11029,15677.05922,16086.00815,16494.95707,16903.906,16476.445,15203.168,13039.194,11089.198,10408.82,10185.736,9921.07,9022.709,8697.124,9876.465,10164.179,10438.186,11531.988,13070.193,15078.187,17685.094,20822.137,23914.395,21305.682,24175.521,27628.418,29747.924,29418.775,28165.336,25285.736,25159.287,26797.824,28352.533,28526.293,28526.293,28526.293,28526.293,28526.293,28526.293
Rwanda,1282.1947,1417.5063,1326.2959,1359.2468,1244.5856,1255.9312,1256.3287,1159.5751,1122.5972,1178.5283,1125.25,1017.5144,1144.1713,1114.7573,540.0678,681.249,821.2602,926.91364,955.7566,943.30884,958.9727,1012.68365,1152.9174,1143.5204,1228.1973,1308.7274,1419.4016,1445.7468,1461.0057,1519.4196,1625.8533,1734.1481,1792.5505,1787.6578,1895.9352,2016.8105,2058.7534,2067.8862,2191.424,2279.5068,2279.5068,2279.5068,2279.5068,2279.5068,2279.5068
Saint Kitts and Nevis,8354.716,8868.523,8637.63,8856.274,9633.661,9234.757,10251.072,11343.745,11107.473,12008.584,12730.096,13080.225,12894.338,12623.641,13889.02,13815.255,15769.198,14757.204,15233.102,16871.332,18561.986,11601.481,13037.713,13426.239,14857.887,18998.791,17716.707,17792.777,20878.176,19771.092,20369.266,22068.688,21665.021,21284.922,22404.078,20730.389,19736.691,21360.441,22416.855,22938.94,22938.94,22938.94,22938.94,22938.94,22938.94
Saint Lucia,8297.7,7596.2188,7695.8027,7867.2983,8336.679,8374.498,9090.372,9553.013,9829.883,9693.47,10136.09,9588.461,9893.911,9807.587,8817.971,9680.396,10918.717,9946.035,9878.517,9561.429,9474.905,8085.1753,8108.3384,9066.729,10054.483,10708.129,8161.2134,10878.209,12134.245,12703.81,11019.899,13988.227,13517,10762.019,14426.529,12314.017,12163.24,11935.5205,14037.159,14237.587,14237.587,14237.587,14237.587,14237.587,14237.587
Saint Vincent and the Grenadines,4820.038,5134.033,5395.237,5596.6777,5768.1514,5398.351,5800.3604,6122.6704,6819.577,6754.2466,6639.1855,7593.9375,8512.314,7926.015,7636.427,8078.1,8328.334,8142.8286,7478.2593,7185.3833,8712.663,7139.5327,7382.663,7631.3975,7726.3716,8692.937,9427.583,9277.354,10354.88,10296.01,10196.736,10629.802,10886.293,10555.681,10672.718,10784.738,10803.498,10352.799,11038.002,11101.596,11101.596,11101.596,11101.596,11101.596,11101.596
Sao Tome and Principe,2958.2615,2599.172,2635.4795,2466.539,2375.5999,2295.4429,2126.4526,1992.3718,1944.5201,2175.2898,1957.6271,1831.6694,1869.939,1648.478,1630.7705,1610.5419,1613.4109,1715.1411,2066.2236,1923.9923,1974.4146,2513.431,2448.484,2469.298,2593.0515,2784.527,2825.9885,2718.6602,2886.6697,2919.2014,3148.0935,4496.0747,3888.3948,4097.5317,4475.11,4367.9287,4097.8667,4066.1606,3793.0498,3784.7568,3784.7568,3784.7568,3784.7568,3784.7568,3784.7568
Saudi Arabia,42575.977,41053.215,33058.7,27951.383,25308.076,19838.758,19641.13,18008.73,18546.602,17705.416,18845.416,20265.26,21246.756,20853.83,19732.59,19581.178,19814.645,20106.168,18115.555,20011.328,22472.916,21230.2,22257.47,23599.393,26997.088,32061.596,36562.965,39472.08,48288.73,42588.85,50698.188,62926.836,64977.95,62615.305,61529.047,53927.855,49481.363,48487.484,51419.637,51824.88,51824.88,51824.88,51824.88,51824.88,51824.88
Senegal,2315.4685,2315.86,2659.6174,2742.8064,2821.2048,2973.0703,3005.7544,2971.193,2980.3335,2938.5688,2876.1143,2732.6985,2668.9558,2542.6404,2581.701,2543.297,2860.2598,2806.3489,2722.158,2892.4941,2781.177,2840.4688,2803.7166,2751.193,2753.9924,2919.7808,2877.9138,2975.1343,2923.1748,3037.0022,3103.9885,3099.5505,3168.3057,2990.8467,2989.184,3069.6384,3100.384,3135.1714,3191.4736,3247.833,3247.833,3247.833,3247.833,3247.833,3247.833
Serbia,9264.020488,9558.182439,9852.34439,10146.50634,10440.66829,10734.83024,11028.9922,11323.15415,11617.3161,11911.47805,12205.64,10689.035,7596.341,5188.6606,5276.1763,5582.178,5539.548,6020.1104,6495.402,7724.0264,8301.854,8081.595,8782.869,9226.935,9723.479,10908.844,12637.513,13095.026,14611.653,14599.97,14880.148,15588.887,15694.974,15421.81,15133.019,15407.801,15744.965,16038.909,16534.133,17220.316,17220.316,17220.316,17220.316,17220.316,17220.316
Seychelles,16904.91,15023.242,13001.54,13752.199,14791.986,14503.631,13749.582,16726.82,17427.502,19251.994,19622.146,19854.092,19546.164,22323.463,22906.96,20380.885,21155.422,22899.78,21590.629,22322.863,23785.512,20979.598,21258.148,20785.072,16701.25,21149.338,23304.953,27271.533,16968.395,20003.227,20765.438,23981.379,25226.477,23460.268,25113.523,23875.107,20644.574,23278.049,25222.797,27783.162,27783.162,27783.162,27783.162,27783.162,27783.162
Sierra Leone,1240.8756,1304.2915,1370.6904,1319.5681,1353.972,1329.512,1317.4519,1375.6608,1425.93,1489.2006,1577.2292,1615.914,1514.6487,1683.624,1833.2058,1858.424,1641.5315,1327.3044,1174.2332,878.9354,1039.8983,1144.0094,1275.2334,1228.8932,1160.946,1110.48,1093.63,1122.0587,1179.9845,1238.3893,1263.5675,1466.3158,1634.848,2027.3401,2016.1617,1836.8203,1844.4371,1733.0524,1980.2374,1875.1897,1875.1897,1875.1897,1875.1897,1875.1897,1875.1897
Singapore,19827.225,19565.764,20167.812,21807.148,23792.918,20812.953,21324.809,23697.836,25191.383,25396.342,28637.943,26684.037,25742.709,24233.857,22379.861,22475.355,27313.492,27837.715,30763.514,31027.729,40524.945,39372.32,42400.69,40541.88,46068.426,62080.613,67376.33,71296.6,62610.477,58718.65,71970,75916.234,75062.59,71907.52,76938.24,75352.24,75539.91,81444.79,82761.76,82336.34,82336.34,82336.34,82336.34,82336.34,82336.34
Sint Maarten (Dutch part),19338.75452,19957.77886,20576.8032,21195.82754,21814.85188,22433.87621,23052.90055,23671.92489,24290.94923,24909.97357,25528.99791,26148.02225,26767.04659,27386.07093,28005.09527,28624.11961,29243.14395,29862.16829,30481.19263,31100.21696,31719.2413,32338.26564,32957.28998,33576.31432,34195.33866,34814.363,40748.465,40329.16,42585.363,38864.375,38139.24,35530.832,33737.2795,31943.727,28418.6215,24893.516,8870.414,16505.928,26783.35,31100.963,31100.963,31100.963,31100.963,31100.963,31100.963
Slovakia,14945.52651,15422.80156,15900.07661,16377.35166,16854.62671,17331.90176,17809.1768,18286.45185,18763.7269,19241.00195,19718.277,15562.469,14500.419,14634.309,15098.051,15759.501,16675.152,17118.691,16655.459,15873.979,16586.258,17509.824,17807.055,17933.791,18032.133,20581.326,21880.303,23660.205,26117.062,24693.074,27152.83,27487.03,27630.148,26579.676,27592.22,27625.566,26400.781,26467.105,26797.637,27473.168,27473.168,27473.168,27473.168,27473.168,27473.168
Slovenia,15183.74532,15668.67259,16153.59985,16638.52712,17123.45439,17608.38166,18093.30893,18578.2362,19063.16346,19548.09073,20033.018,18248.46,17425.533,18839.824,20010.332,21183.336,21960.902,22363.584,22187.86,22896.08,23822.059,24032.043,24492.586,25069.729,26020.281,28253.645,28215.104,29137.088,32109.96,29353.318,29828.684,30934.697,30515.654,30056.854,30388.379,29830.53,30507.389,31594.707,33605.02,34093.465,34093.465,34093.465,34093.465,34093.465,34093.465
South Africa,10303.696,10525.281,10388.187,10184.556,10191.126,9783.802,9462.481,9830.134,9874.429,9716.69,9511.4795,9244.729,8836.186,8808.796,8929.724,9211.527,9485.135,9579.153,9515.998,9484.506,9835.729,10054.936,10455.937,10534,10985.227,11681.897,12412.51,12991.569,13103.29,12561.623,12896.751,13401.342,13223.486,13105.894,13029.222,12932.482,12695.811,12735.031,12671.332,12536.135,12536.135,12536.135,12536.135,12536.135,12536.135
South Korea,5414.4873,5684.2197,6005.453,6659.8794,7216.811,7476.701,8715.116,10018.211,11299.439,12383.354,13819.284,15553.149,16631.232,18052.414,20168.615,22422.61,24838.928,24159.88,21078.75,23243.521,24834.428,25421.316,27263.982,28216.994,29892.195,32088.42,33109.707,35007.51,34997.27,33631.83,35927.84,35839.074,35776.125,34785.42,36241.836,38249.12,39214.76,40875.21,41392.887,42219.47,42219.47,42219.47,42219.47,42219.47,42219.47
Spain,16096.194,15191.307,14606.472,14228.868,13930.655,13693.116,14528.374,15539.123,16606.143,17655.328,18580.336,19394.06,19818.441,20017.914,20803.611,21821.613,22539.303,24225.041,25756.809,26719.432,28207.709,28700.03,29265.547,29217.018,29781.826,32439.225,34817.586,36548.96,36635.13,34948.168,34567.598,34297.75,34080.395,33551.82,33744.027,35774.746,37270.555,38928.51,39610.01,40366.4,40366.4,40366.4,40366.4,40366.4,40366.4
Sri Lanka,2563.6716,2723.8613,2663.8147,2674.9978,2706.1443,2870.1282,3049.382,3152.121,3186.0613,3271.444,3358.0063,3393.9595,3617.9858,3880.0085,4141.536,4203.3223,4390.3633,4563.9736,4893.983,4873.6226,4912.5728,4879.763,5168.153,5551.064,5710.2783,5823.6094,6428.145,7012.631,7534.1147,8348.82,9202.4375,10294.875,11349.773,11624.573,11732.652,12045.038,12556.947,12733.1,12986.397,13290.122,13290.122,13290.122,13290.122,13290.122,13290.122
Sudan,2312.7957,2371.861,2442.643,2051.5073,2026.7482,1986.2041,2113.3032,2092.481,2095.35,1988.3383,2031.9092,2158.1094,2147.3643,1930.7308,1969.9877,1881.7719,1872.3641,2023.9567,2106.273,2262.2012,2265.1187,2249.923,2333.3179,2295.9578,2382.1807,2909.7185,3486.981,3332.494,3143.828,3622.0176,4088.6648,4591.2393,3851.1423,3830.5703,4325.0195,4144.497,4198.9517,4293.4814,4262.1582,4230.835,4230.835,4230.835,4230.835,4230.835,4230.835
Suriname,6521.918,6792.394,6394.469,6539.6226,6496.767,7061.999,6716.2065,6262.2974,6683.381,6717.8804,7023.921,7239.603,7377.8535,6536.168,6046.68,6022.8535,6892.1846,7301.343,7539.521,6592.2524,7505.624,7916.0435,8048.5425,9080.418,9176.264,9935.095,10439.15,10977.985,11800.486,12175.194,13323.824,14118.276,15747.252,16140.315,16456.197,14760.163,12961.006,13678.27,14260.559,14480.707,14480.707,14480.707,14480.707,14480.707,14480.707
Sweden,22666.727,23001.145,23228.395,23842.934,24991.523,25541.877,27296.867,28437.67,29438.797,30032.807,30300.877,29976.748,29555.936,28359.406,29923.697,31846.586,32804.72,33953.156,35369.71,37317.57,39777.26,38611.297,38685.71,39622.555,41318.496,42820.68,44403.99,47054.98,47859.117,44327.004,46317.094,49371.043,49126.625,48665.79,48693.203,50104.223,50485.5,52032.676,51773.867,52433.336,52433.336,52433.336,52433.336,52433.336,52433.336
Switzerland,35278.707,35218.69,34882.918,35015.527,35236.305,35892.363,37812.402,38351.875,38879.234,40385.945,42263.76,41264.395,41095.39,41259.668,42003.164,42405.1,42729.137,44320.637,45515.742,46944.188,47393.05,47028.965,46924.52,47516.754,48953.258,52752,55952.027,61161.113,65000.883,63229.723,64724.32,70466.37,71807.03,70778.49,71761.33,71452.91,72050.64,73624.984,74621.13,75298.82,75298.82,75298.82,75298.82,75298.82,75298.82
Syria,2561.8628,2440.94464,2320.02648,2199.10832,2078.19016,1957.272,1756.1827,1599.0161,1625.9893,1512.5658,1464.131,1258.635,1253.89135,1249.1477,1244.40405,1239.6604,1234.91675,1230.1731,1341.4377,1424.2871,1739.5342,1965.3295,2404.0623,2895.448,3962.4417,5889.39,5537.8784,5684.9146,5792.876,5725.254,6208.3945,6367.389,5455.4517,4930.464,5466.561,5714.92,6088.82675,6462.7335,6836.64025,7210.547,7210.547,7210.547,7210.547,7210.547,7210.547
Taiwan,11882.245,12403.079,12563.418,13273.74,14215.186,14179.154,15973.428,18220.094,19355.5,20854.568,22476.164,23741.426,25271.502,26436.213,27357.787,28481.734,30148.03,31668.63,32852.164,34010.832,35558.93,34288.8,35205.07,35919.21,37617.125,40211.387,40526.484,41674.094,40047.633,38293.867,41677.895,43284.258,43634.21,43225.45,44624.938,44206.37,43836.17,45375.402,45612.23,46761.25,46761.25,46761.25,46761.25,46761.25,46761.25
Tajikistan,2563.188195,2640.645879,2718.103563,2795.561247,2873.01893,2950.476614,3027.934298,3105.391981,3182.849665,3260.307349,3337.765033,3415.222716,3492.6804,3016.5254,1994.0504,1975.953,1620.0228,1549.24785,1478.4729,1237.9379,1260.7507,1352.5188,1446.3743,1738.6636,1968.5964,2066.2488,2327.184,2482.9116,2692.801,2614.0508,3048.6135,3365.7507,3634.5227,3316.1638,3954.4094,3297.6838,3431.3176,4007.9075,3738.9204,3893.754,3893.754,3893.754,3893.754,3893.754,3893.754
Tanzania,1739.4127,1497.8091,1467.3827,1504.3939,1548.8845,1716.8428,1129.7528,907.8906,1153.197,1075.9503,1094.8287,1075.0016,988.69037,912.1075,876.2206,923.05133,957.90845,1031.452,1091.6255,1137.4081,1186.7374,1256.266,1342.6566,1399.6641,1448.066,1594.942,1720.4012,1836.2662,1962.7386,2046.737,2284.5356,2613.548,2381.5862,2403.5068,2352.785,2468.433,2404.378,2300.1057,2318.2312,2358.761,2358.761,2358.761,2358.761,2358.761,2358.761
Thailand,3736.9082,3879.2715,3950.789,4087.3435,4233.891,4299.156,4294.9404,4595.9395,5043.6074,5437.5073,5926.1763,6233.338,6842.092,7366.122,7955.1265,8935.833,9778.356,8871.569,7417.9507,7583.143,7754.838,7973.485,8546.553,9118.895,9775.835,10626.4375,11142.3955,11842.095,12565.461,12314.047,13892.665,14623.642,16121.761,16157.032,15646.753,15575.195,15815.401,16665.379,16928.791,17116.309,17116.309,17116.309,17116.309,17116.309,17116.309
Togo,2424.6123,2121.6226,2003.6792,1777.7838,1652.201,1652.177,1661.0461,1596.2472,1777.7958,1746.3785,1899.938,1711.5516,1692.4188,1367.7499,1489.8362,1481.6042,1716.042,1821.1954,1533.0375,1636.7063,1490.2125,1452.2821,1475.4025,1479.0554,1424.0776,1338.2369,2293.9058,1294.898,1236.9065,1252.2625,1297.4478,1395.0455,1564.8275,1632.3602,1755.0032,1937.6711,2044.9462,2051.678,2143.4523,2235.2266,2235.2266,2235.2266,2235.2266,2235.2266,2235.2266
Trinidad and Tobago,23506.057,24200.697,24623.846,21539.248,19708.65,18251.22,15952.096,13949.773,12825.382,11849.924,12189.12,11836.742,11192.814,10427.858,10347.843,10363.36,10158.432,10338.003,10179.686,12015.735,14600.522,13814.56,14273.333,18370.72,20277.248,24625.355,29506.781,32177.518,37359.008,27754.578,31893.307,35802.52,35146.19,34756.574,33281.586,29230.36,26597.217,26099.36,27551.195,28643.447,28643.447,28643.447,28643.447,28643.447,28643.447
Tunisia,4946.635,5106.129,5075.3433,5254.997,5427.463,5510.4946,5380.7163,5636.495,5770.1567,5918.956,6227.778,6351.8613,6937.3247,7301.7583,7819.8384,8370.447,9456.367,9399.938,9169.98,9019.617,9209.732,9309.315,9135.332,9128.271,9222.796,9700.734,10007.455,10596.723,11081.663,11440.045,12024.073,11746.1,11816.902,11290.616,11199.042,10798.313,10819.564,10910.07,11044.128,11090.384,11090.384,11090.384,11090.384,11090.384,11090.384
Turkey,8409.397,9203.823,8904.801,9120.926,9455.823,9774.484,10200.175,11135.623,11015.158,10813.674,11445.991,10758.978,11111.418,12049.3955,10851.783,11844.704,12842.729,13296.911,13048.847,12271.654,13102.521,12617.92,12320.653,11893.271,13078.015,14305.218,16124.404,17354.523,18270.861,17457.613,19774.947,21790.71,22535.361,23663.62,24477.896,25759.299,25308.475,26611.184,27500.416,26947.576,26947.576,26947.576,26947.576,26947.576,26947.576
Turkmenistan,4676.486552,4821.889344,4967.292136,5112.694928,5258.09772,5403.500512,5548.903304,5694.306096,5839.708888,5985.11168,6130.514472,6275.917264,6421.320056,6566.722848,6712.12564,6857.528432,7002.931224,7148.334016,7293.736808,7439.1396,8034.441,7551.4746,7799.6636,8232.496,8608.471,10112.431,10707.872,11383.742,11834.687,17470.982,18016.64,18222.064,19124.281,21025.355,22056.768,22386.383,23685.973,24618.834,25683.87,26026.03,26026.03,26026.03,26026.03,26026.03,26026.03
Uganda,828.06854,848.1709,929.3094,979.32776,925.1991,870.19434,853.158,882.13226,903.73895,898.03326,896.452,884.6816,889.234,901.8538,1170.7941,1148.7885,1118.6869,1144.027,1217.1014,1246.0573,1280.7323,1323.4889,1356.7524,1385.184,1422.1758,1521.9913,1577.836,1631.8851,1708.3127,1831.6345,1946.5391,2054.6318,1923.2571,1896.2063,1906.1506,1986.3871,1901.3954,1927.2313,1992.5455,2092.1492,2092.1492,2092.1492,2092.1492,2092.1492,2092.1492
Ukraine,9074.903171,9362.125854,9649.348537,9936.57122,10223.7939,10511.01659,10798.23927,11085.46195,11372.68463,11659.90732,11947.13,11097.324,10195.704,8181.985,6709.3555,5923.279,5743.367,5205.3696,4978.7734,4854.59,4870.4756,5215.4985,5513.8413,6184.219,6857.732,7998.7056,8927.224,10188.095,11015.119,9265.714,9614.152,10788.208,11532.7705,12007.117,11593.284,10390.095,10924.748,12090.982,12686.416,13144.867,13144.867,13144.867,13144.867,13144.867,13144.867
United Arab Emirates,114703.5108,118398.0757,122092.6405,125787.2054,129481.7703,133176.3351,136870.9,111696.016,118933.2,130385.086,144841.36,126837.95,124853.06,95483.18,95831.77,100359.41,101140.93,103181.64,94212.88,96351.62,110999.98,109013.31,103268.2,105845.3,104241.47,109441.78,111575.26,104804.83,100553.41,74990.26,72385.516,81192.89,85042.44,83828.6,86664.97,74834.68,71667.68,66384.22,65818.64,66112.72,66112.72,66112.72,66112.72,66112.72,66112.72
United Kingdom,22179.236,21716.842,21741.299,22223.566,22475.62,22813.941,23032.383,23998.707,24798.924,25105.535,25300.64,24466.111,24367.127,24975.395,25611.42,28073.4,29682.402,31371.133,32121.951,33362.67,35217.96,35888.945,35795.543,36378.227,37092.02,39429.31,39719.867,39250.95,40177.633,36955.32,39109.24,39317.527,40067.906,41322.348,41283.164,42629.234,42644.363,44093.934,44296.246,44274.957,44274.957,44274.957,44274.957,44274.957,44274.957
United States,31852.342,32363.209,31322.746,32433.318,34566.895,35481.77,36283.55,37202.92,38361.336,39332.74,39577.016,39048.797,40083.85,40852.215,42154.473,42847.785,44033.58,45489.996,46967.6,48561.875,50036.992,49912.227,50114.773,51065.867,52582.02,53969.164,55032.86,55561.863,54933.59,52871.707,53887.066,54379.754,55351.996,56144.17,57250.527,58543.562,59115.33,60116.57,61618.742,62589,62589,62589,62589,62589,62589
Uruguay,10248.935,10303.175,9195.994,8173.576,8066.832,7954.665,8980.646,9935.642,9807.637,9805.051,9663.799,10108.862,11304.399,11638.081,12527.946,12355.193,13017.964,13053.823,13176.195,12399.738,11817.2705,11256.09,10349.894,10257.761,10614.157,11229.846,11861.173,13070.946,14605.955,15475.951,17710.604,19352.547,19712.188,19969.344,20720.693,20543.252,20435.482,20615.557,20458.264,20545.422,20545.422,20545.422,20545.422,20545.422,20545.422
Uzbekistan,4782.91,4931.52,5080.13,5228.74,5377.35,5525.96,5674.57,5823.18,5971.79,6120.4,6269.01,5884.2935,4700.822,5468.1133,4623.9746,4504.6655,4831.7056,4549.8267,4403.29,4591.8315,4446.1406,4776.5839,5107.0272,5437.4705,5767.9138,6098.3571,6428.8004,6759.2437,6940.7056,7537.4507,7567.7266,8462.513,9236.436,9558.709,9850.446,10492.51,10490.152,10490.152,10490.152,10490.152,10490.152,10490.152,10490.152,10490.152,10490.152
Venezuela,11883.761,11577.937,10692.773,10468.809,10380.515,9539.935,8742.335,8710.693,8765.051,8108.1787,8492.927,8934.163,9081.76,8528.368,7958.5723,8252.089,8040.369,8064.469,7290.08,7322.3755,8666.309,8312.309,7754.029,7481.871,9442.449,11884.336,13901.835,15718.979,18366.547,15790.424,18995.254,20668.797,20962.393,19802.117,12935.458,12935.458,12935.458,12935.458,12935.458,12935.458,12935.458,12935.458,12935.458,12935.458,12935.458
Vietnam,1066.315941,1094.971294,1123.626647,1152.282,1206.9662,1239.1033,1245.8555,1251.1611,1282.6383,1233.9197,1253.2188,1381.8938,1457.5153,1617.2766,1682.5176,1796.8954,2013.3175,2136.8625,2200.0762,2187.8296,2331.6794,2461.9727,2670.2466,2882.296,3096.746,3385.1125,3585.9846,4010.1787,4279.4014,4233.1934,4761.2383,5130.7324,5392.965,5611.0522,5941.967,6180.358,6368.651,6841.6543,7217.924,7506.817,7506.817,7506.817,7506.817,7506.817,7506.817
Yemen,579.538755,592.45936,605.379965,618.30057,631.221175,644.14178,657.062385,669.98299,682.903595,695.8242,818.94543,744.04645,728.71515,715.617,709.0332,793.7806,956.80853,1035.5869,1101.1909,1225.2007,1403.3812,1499.2695,1698.4388,1961.9008,2477.2158,3664.4963,3752.2207,3938.1855,4220.2544,4162.283,4891.912,4239.444,3917.6182,3906.5862,3739.219,2533.9111,2023.4292,1429.1655,1755.3173,1777.2511,1777.2511,1777.2511,1777.2511,1777.2511,1777.2511
Zambia,1598.3624,1760.384,1785.5258,1734.8918,1892.1041,1977.921,1634.5558,1611.9622,1712.015,1398.3528,1340.1674,1310.351,1155.1051,1103.1084,1016.83453,1021.174,1127.2812,1183.5048,1108.5187,1079.788,1292.3497,1336.991,1393.0215,1537.4673,1592.6824,1776.4873,2012.8278,2636.579,2754.6807,3004.5593,3307.8254,3693.4885,3503.702,3438.328,3464.5913,3277.0535,3324.505,3164.3777,3196.1765,3179.1958,3179.1958,3179.1958,3179.1958,3179.1958,3179.1958
Zimbabwe,3119.9524,3673.0012,3747.5886,4215.3325,3879.1897,4068.4963,4104.384,3923.4993,4489.6963,4880.121,5299.885,6175.5547,5519.6973,5528.0615,5997.425,5814.6826,6447.422,5504.559,4694.403,4367.0337,3356.7063,3782.8767,3254.0942,2272.4414,2121.9124,1801.4781,1359.0446,1525.4365,1196.9508,2112.6648,2281.9915,2449.2092,2762.6843,2864.603,2846.522,2880.9058,2919.617,3112.875,3007.237,2787.659,2787.659,2787.659,2787.659,2787.659,2787.659