,Real GDP growth (Annual percent change),1980,1981,1982,1983,1984,1985,1986,1987,1988,1989,1990,1991,1992,1993,1994,1995,1996,1997,1998,1999,2000,2001,2002,2003,2004,2005,2006,2007,2008,2009,2010,2011,2012,2013,2014,2015,2016,2017,2018,2019,2020,2021,2022,2023,2024,2025,2026,2027,2028,2029
0,,,,,,,,,,,,,,,,,,,,,,,,,,,,,,,,,,,,,,,,,,,,,,,,,,,
1,Afghanistan,192.69999999999996,184.69999999999996,176.69999999999996,168.69999999999996,160.69999999999996,152.69999999999996,144.69999999999996,136.7,128.7,120.69999999999999,112.69999999999999,104.69999999999999,96.69999999999999,88.69999999999999,80.69999999999999,72.69999999999999,64.69999999999999,56.69999999999999,48.69999999999999,40.699999999999996,32.699999999999996,24.699999999999996,16.7,8.7,0.7,11.8,5.4,13.3,3.9,20.6,8.4,6.5,14.0,5.7,2.7,1.0,2.2,2.6,1.2,3.9,-2.4,-14.5,-6.2,2.7,,,,,,
2,Albania,2.7,5.7,2.9,1.1,2.0,-1.5,5.6,-0.8,-1.4,9.8,-10.0,-28.0,-7.2,9.6,9.4,8.9,9.1,-10.9,8.8,12.9,6.9,8.3,4.5,5.5,5.5,5.5,5.9,6.0,7.5,3.4,3.7,2.5,1.4,1.0,1.8,2.2,3.3,3.8,4.0,2.1,-3.3,8.9,4.9,3.5,3.3,3.4,3.5,3.5,3.5,3.5
3,Algeria,-5.4,3.0,6.4,5.4,5.6,5.6,-0.2,-0.7,-1.9,4.8,0.8,-1.2,1.6,-2.1,-0.9,3.8,3.8,1.1,5.1,3.2,3.8,3.0,5.4,6.5,4.5,5.4,2.9,3.1,2.5,1.2,4.8,3.0,2.4,2.6,4.1,3.2,3.9,1.5,1.4,0.9,-5.0,3.8,3.6,4.1,3.8,3.0,2.5,2.1,2.1,2.1
4,Andorra,83.69999999999999,80.1,76.49999999999999,72.89999999999999,69.3,65.69999999999999,62.099999999999994,58.49999999999999,54.9,51.3,47.699999999999996,44.1,40.5,36.9,33.3,29.699999999999996,26.1,22.5,18.9,15.299999999999999,11.7,8.1,4.5,8.7,8.1,5.4,4.8,1.6,-5.6,-5.3,-2.0,0.0,-5.0,-3.5,2.5,1.4,3.7,0.3,1.6,2.0,-11.2,8.3,9.6,1.4,1.4,1.6,1.5,1.5,1.5,1.5
5,Angola,2.4,-4.4,0.0,4.2,6.0,3.5,2.9,4.1,6.1,0.0,-3.5,12.1,11.4,11.0,10.5,10.4,11.2,7.3,4.7,2.2,3.1,4.2,13.7,3.5,11.4,14.2,11.8,13.0,10.8,2.0,5.3,3.6,8.5,4.9,4.7,0.8,-1.7,-0.1,-0.6,-0.2,-4.0,2.1,4.2,1.0,2.4,2.8,3.3,3.3,3.4,3.4
6,Antigua and Barbuda,8.2,3.8,-0.1,5.4,10.2,7.6,11.5,6.6,5.2,5.3,3.0,2.2,1.2,5.3,6.7,-4.4,6.6,5.5,4.7,3.7,6.2,-4.5,1.0,6.1,5.8,6.5,12.7,9.3,0.0,-12.0,-7.8,-2.0,3.4,-0.6,2.2,1.4,4.1,2.5,7.0,3.1,-18.9,8.2,9.5,4.2,5.8,3.5,2.8,2.8,2.8,2.8
7,Argentina,0.7,-5.7,-3.1,3.7,2.0,-7.0,7.1,2.5,-2.0,-7.0,-1.3,10.5,10.3,6.3,5.8,-2.8,5.5,8.1,3.9,-3.4,-0.8,-4.4,-10.9,9.0,8.9,8.9,8.0,9.0,4.1,-5.9,10.1,6.0,-1.0,2.4,-2.5,2.7,-2.1,2.8,-2.6,-2.0,-9.9,10.4,5.3,-1.6,-3.5,5.0,4.7,3.9,3.3,2.4
8,Armenia,0.0,0.0,0.0,0.0,0.0,0.0,0.0,0.0,0.0,0.0,0.0,0.0,0.0,-14.1,5.4,8.0,5.2,3.4,6.3,3.2,5.9,9.5,14.8,14.1,10.5,14.1,13.2,13.7,6.9,-14.1,2.2,4.7,7.1,3.4,3.6,3.3,0.2,7.5,5.2,7.6,-7.1,5.8,12.6,8.3,6.0,4.9,4.5,4.5,4.5,4.5
9,Aruba,0.0,1.1000000000000014,3.6000000000000014,6.100000000000001,8.600000000000001,11.100000000000001,13.600000000000001,16.1,18.6,12.1,4.0,8.0,5.9,7.3,8.2,2.5,1.3,7.0,2.0,1.4,7.7,4.2,-0.9,1.1,7.3,-0.4,1.1,3.1,1.8,-11.7,-2.7,3.4,-1.0,6.4,-1.6,-0.6,1.7,7.0,2.4,-2.3,-24.0,27.6,10.5,5.3,5.5,2.0,1.4,1.4,1.4,1.4
10,Australia,2.9,4.1,0.1,-0.5,6.3,5.5,2.4,4.9,4.3,4.6,1.5,-1.0,2.6,3.9,4.9,2.9,4.0,4.7,4.7,4.4,3.1,2.6,4.2,3.0,4.1,3.0,2.6,4.3,2.6,2.0,2.4,2.8,3.8,2.2,2.6,2.4,2.7,2.4,2.8,1.8,-2.1,5.5,3.9,2.0,1.2,2.1,2.2,2.2,2.3,2.3
11,Austria,2.3,-0.1,1.9,2.8,0.3,2.2,2.3,1.7,1.0,3.9,4.3,3.4,2.1,0.5,2.4,2.7,2.4,2.1,3.6,3.6,3.4,1.3,1.7,0.9,2.7,2.2,3.5,3.7,1.5,-3.8,1.8,2.9,0.7,0.0,0.7,1.0,2.0,2.3,2.4,1.5,-6.6,4.2,4.8,-0.8,-0.6,1.1,1.7,1.6,1.1,0.9
12,Azerbaijan,0.0,0.0,0.0,0.0,0.0,0.0,0.0,0.0,0.0,0.0,0.0,0.0,0.0,-23.1,-19.7,-13.0,2.5,8.9,6.0,11.4,6.2,6.5,9.4,10.2,9.3,26.4,34.5,25.0,10.8,9.3,5.0,0.1,2.2,5.8,2.8,1.1,-3.1,0.2,1.5,2.5,-4.2,5.6,4.7,1.1,3.2,2.5,2.4,2.4,2.4,2.4
13,"Bahamas, The",7.1,-2.9,6.3,6.8,2.4,4.1,2.6,3.7,2.3,2.3,1.1,-4.2,-3.8,0.3,3.1,4.4,4.2,4.9,4.7,7.1,4.1,2.6,2.7,-1.3,0.9,3.4,2.5,1.4,-2.3,-4.2,1.5,0.6,3.1,-2.9,1.8,1.0,-1.0,2.8,2.6,-1.4,-21.4,15.4,10.8,2.6,1.9,1.7,1.6,1.5,1.5,1.5
14,Bahrain,7.5,2.8,6.4,7.0,4.2,-0.9,0.5,-1.2,6.0,1.0,3.5,2.3,7.1,7.6,3.2,1.9,3.2,2.3,4.8,6.0,7.0,2.5,3.3,6.3,7.0,6.8,6.5,8.3,6.2,2.5,4.3,1.9,3.8,5.3,4.3,2.5,3.8,5.0,2.1,2.1,-5.9,4.4,6.0,3.0,3.0,3.2,2.9,2.8,2.8,2.9
15,Bangladesh,5.199999999999999,3.8,2.4,4.0,5.2,3.2,4.2,3.7,2.2,2.6,5.9,3.3,5.0,4.6,4.1,4.9,4.6,4.5,5.2,4.7,5.3,5.1,3.8,4.7,5.2,6.5,6.7,7.1,6.0,5.0,5.6,6.5,6.5,6.0,6.1,6.6,7.1,6.6,7.3,7.9,3.4,6.9,7.1,5.8,5.4,4.5,7.7,7.3,6.7,6.5
16,Barbados,4.4,-1.9,-4.9,0.5,3.6,1.1,5.1,2.6,3.5,3.6,-3.3,-3.9,-5.7,0.8,2.0,2.0,4.0,4.7,3.7,0.3,4.5,-2.4,0.8,2.2,1.4,4.0,5.7,2.3,0.7,-4.8,-2.2,-0.7,-0.4,-1.1,0.2,-0.8,1.8,0.1,-1.2,0.7,-15.1,-0.3,17.8,4.1,3.9,3.0,2.3,2.0,2.0,2.0
17,Belarus,3.4000000000000004,3.7,4.0,4.3,3.0,1.7,3.6,2.8,5.3,3.0,-2.3,-1.2,-9.6,-7.6,-11.7,-11.1,2.8,11.4,8.4,3.4,5.8,4.7,5.0,7.0,11.4,9.5,10.0,8.6,10.2,0.2,7.8,5.3,1.6,1.0,1.7,-3.8,-2.5,2.5,3.1,1.4,-0.7,2.4,-4.7,3.9,3.6,2.3,1.9,1.4,1.1,0.9
18,Belgium,4.4,-0.3,0.6,0.3,2.5,1.7,1.8,2.3,4.7,3.5,3.1,1.8,1.5,-1.0,3.2,2.4,1.3,3.8,2.0,3.5,3.7,1.1,1.7,1.0,3.6,2.3,2.6,3.7,0.4,-2.0,2.9,1.7,0.7,0.5,1.6,2.0,1.3,1.6,1.8,2.2,-5.3,6.9,3.0,1.4,1.1,1.2,1.3,1.3,1.3,1.3
19,Belize,5.0,0.2,-7.6,6.1,11.3,-1.4,7.3,22.0,10.9,15.5,11.2,11.5,12.0,6.3,0.2,0.6,1.1,3.6,3.9,9.0,13.0,5.0,5.1,9.3,4.6,2.4,4.4,3.3,-1.5,-0.4,1.2,-0.3,3.7,4.4,4.0,3.2,0.0,-1.8,1.1,4.2,-13.7,17.9,9.8,1.1,5.4,2.5,2.4,2.2,2.1,2.0
20,Benin,9.3,1.9,1.7,-2.0,0.4,4.3,2.7,-2.1,3.4,-2.8,9.0,4.2,3.0,5.8,2.0,6.0,4.3,5.7,4.0,4.4,5.9,5.3,4.6,3.4,4.4,1.7,3.9,6.0,4.9,2.3,2.1,3.0,4.8,7.2,6.4,1.8,3.3,5.7,6.7,6.9,3.8,7.2,6.3,6.4,6.5,6.5,6.2,6.2,6.0,6.0
21,Bhutan,5.0,13.6,8.2,7.3,7.6,4.3,8.0,20.2,15.1,6.2,9.1,4.9,2.1,3.2,2.2,6.0,6.0,5.5,6.0,7.1,6.9,7.0,9.5,9.0,6.4,6.1,6.3,11.0,9.9,6.1,9.9,10.0,6.6,3.3,3.7,6.2,7.5,5.9,3.5,4.6,-2.5,-3.3,4.8,5.0,5.2,7.2,6.4,5.2,5.6,7.2
22,Bolivia,0.6,0.3,-3.9,-4.0,-0.2,-1.7,-2.6,2.5,2.9,3.8,4.6,5.3,1.6,4.3,4.7,4.7,4.4,5.0,5.0,0.4,2.5,1.7,2.5,2.7,4.2,4.4,4.8,4.6,6.1,3.4,4.1,5.2,5.1,6.8,5.5,4.9,4.3,4.2,4.2,2.2,-8.7,6.1,3.6,3.1,1.6,2.2,2.2,2.3,2.3,2.3
23,Bosnia and Herzegovina,0.0,0.0,0.0,0.0,0.0,0.0,0.0,0.0,0.0,0.0,0.0,0.0,0.0,0.0,0.0,20.7,62.2,22.9,13.8,10.7,4.4,2.4,5.1,3.9,6.3,4.2,5.7,6.0,5.6,-0.8,0.8,0.9,-0.7,2.4,1.1,4.3,3.2,3.2,3.8,2.9,-3.0,7.4,4.2,1.7,2.5,3.0,3.0,3.0,3.0,3.0
24,Botswana,12.0,8.2,15.9,10.8,6.5,7.7,8.6,14.9,23.4,4.7,8.8,6.2,-0.2,4.0,-0.8,8.5,2.5,7.1,-1.6,8.0,4.3,2.3,7.4,5.4,1.4,5.0,6.0,5.8,3.3,-14.1,10.1,6.8,-0.2,11.1,5.7,-4.9,7.2,4.1,4.2,3.0,-8.7,11.9,5.5,2.7,1.0,5.2,4.8,4.0,4.0,4.0
25,Brazil,9.2,-4.4,0.6,-3.4,5.3,7.9,7.5,3.6,0.3,3.2,-4.2,1.0,-0.5,4.7,5.3,4.4,2.2,3.4,0.3,0.5,4.4,1.4,3.1,1.1,5.8,3.2,4.0,6.1,5.1,-0.1,7.5,4.0,1.9,3.0,0.5,-3.5,-3.3,1.3,1.8,1.2,-3.3,4.8,3.0,2.9,3.0,2.2,2.3,2.4,2.5,2.5
26,Brunei Darussalam,0.0,0.0,0.0,0.0,0.0,0.0,-2.7,2.0,1.1,-1.1,1.1,3.1,4.8,0.3,3.1,4.5,2.9,-1.5,-0.6,3.1,2.8,2.7,3.9,2.9,0.5,0.4,4.4,0.2,-1.9,-1.8,2.6,3.7,0.9,-2.1,-2.5,-0.4,-2.5,1.3,0.1,3.9,1.1,-1.6,-1.6,1.4,2.4,2.5,2.6,2.7,2.9,3.1
27,Bulgaria,5.7,5.3,4.2,3.0,4.6,1.8,5.3,4.7,2.4,-0.5,-9.1,-10.8,-8.4,-11.6,-3.7,-1.6,5.2,-14.1,3.8,-8.4,4.6,3.8,5.9,5.2,6.5,7.1,6.8,6.7,6.1,-3.3,1.6,2.1,0.7,-0.5,0.9,3.4,3.0,2.7,2.7,4.0,-4.0,7.7,3.9,1.8,2.3,2.5,2.8,2.7,2.7,2.6
28,Burkina Faso,4.0,2.7,1.4,-1.2,1.6,11.3,8.0,-0.2,5.8,2.2,-0.6,9.1,0.2,3.5,1.3,5.7,11.0,6.3,7.3,7.3,1.9,6.6,4.4,7.8,4.5,8.7,6.3,4.1,5.8,3.0,8.4,6.6,6.5,5.8,4.3,3.9,6.0,6.2,6.6,5.5,1.9,6.9,1.8,3.1,5.5,5.8,5.0,4.9,4.9,5.0
29,Burundi,-6.8,12.2,-1.1,3.7,0.2,11.8,3.2,5.5,5.0,1.3,3.5,5.8,1.0,-6.2,-3.8,-7.9,-8.0,0.4,4.8,1.2,1.8,1.7,2.4,2.5,3.8,4.4,5.4,3.5,4.9,3.8,5.1,4.0,4.4,4.9,4.2,-3.9,-0.6,0.5,1.6,1.8,0.3,3.1,1.8,2.7,2.2,3.5,4.5,5.2,5.5,5.0
30,Cabo Verde,5.3,8.5,2.8,9.5,3.8,8.6,2.9,4.3,6.0,5.7,0.7,1.4,3.0,7.3,6.9,7.5,6.7,7.6,8.4,11.9,7.3,6.1,5.3,7.5,4.9,5.8,9.1,15.2,7.0,-1.5,1.8,3.9,1.1,0.6,0.7,0.9,4.3,4.6,3.7,6.9,-20.8,7.0,17.4,5.1,4.7,4.7,4.6,4.6,4.5,4.5
31,Cambodia,60.0,53.7,47.4,41.1,34.8,28.5,22.2,15.899999999999999,9.6,3.3,1.1,7.6,7.1,4.0,8.2,6.0,5.9,4.0,4.7,12.7,10.7,7.4,6.3,10.3,9.5,13.3,10.9,10.4,7.5,4.1,5.1,7.3,7.7,7.9,8.0,7.2,7.9,8.1,8.8,7.9,-3.6,3.1,5.1,5.0,5.5,5.8,6.2,6.1,6.0,6.0
32,Cameroon,9.9,17.1,7.6,6.8,7.5,8.1,6.8,-2.2,-7.9,-1.8,-6.2,-3.8,-3.1,-3.2,-2.5,3.3,4.9,5.3,4.9,4.1,3.4,3.4,4.8,5.0,6.6,1.2,3.5,4.1,2.9,2.6,2.9,3.5,4.5,5.0,5.8,5.6,4.5,3.5,4.0,3.4,0.5,3.0,3.7,3.2,3.9,4.2,4.3,4.7,4.8,4.8
33,Canada,2.2,3.5,-3.2,2.6,5.9,4.7,2.1,4.1,4.4,2.3,0.2,-2.1,0.9,2.7,4.5,2.7,1.7,4.3,3.9,5.1,5.1,1.9,3.0,1.8,3.1,3.2,2.6,2.0,1.0,-2.9,3.1,3.1,1.8,2.3,2.9,0.6,1.0,3.0,2.7,1.9,-5.0,5.3,3.8,1.2,1.3,2.4,2.0,1.8,1.8,1.6
34,Central African Republic,-3.0,13.0,-3.6,-6.0,9.9,3.7,7.2,0.0,1.7,3.8,1.4,-0.8,-4.9,-1.2,12.6,3.2,-6.2,4.1,3.3,2.9,-3.6,2.6,2.1,-2.2,-0.1,2.9,4.8,4.0,2.6,2.8,4.6,4.2,5.1,-36.4,0.1,4.3,4.7,4.5,3.8,3.0,1.0,1.0,0.5,0.7,1.4,2.9,3.7,3.7,3.6,3.5
35,Chad,-6.0,-10.8,5.4,15.7,5.3,7.9,6.0,3.6,7.5,2.0,3.2,10.4,2.4,-2.1,5.5,-0.8,2.1,5.7,7.0,-0.7,-0.9,11.7,8.5,14.7,33.6,8.3,1.7,3.9,4.0,2.9,10.5,1.3,6.9,5.6,6.1,1.4,-6.3,-2.0,5.9,6.6,-2.1,-0.9,3.6,4.9,3.2,3.8,3.7,3.3,3.2,3.1
36,Chile,7.9,6.2,-13.6,-2.8,5.9,2.0,5.6,6.6,7.3,10.6,3.7,7.8,11.2,6.6,5.0,8.9,5.0,7.4,4.2,-0.3,5.0,3.2,3.2,4.7,6.7,5.8,6.0,5.2,3.8,-1.1,5.9,6.2,6.2,3.3,1.8,2.2,1.8,1.4,4.0,0.6,-6.1,11.3,2.1,0.2,2.5,2.4,2.5,2.4,2.3,2.3
37,"China, People's Republic of",7.9,5.1,9.0,10.8,15.2,13.5,8.9,11.7,11.2,4.2,3.9,9.0,14.3,13.9,13.0,11.0,9.9,9.2,7.9,7.7,8.5,8.3,9.1,10.0,10.1,11.4,12.7,14.2,9.6,9.4,10.6,9.6,7.8,7.8,7.4,7.0,6.8,6.9,6.7,6.0,2.2,8.4,3.0,5.2,4.8,4.5,4.1,3.6,3.4,3.3
38,Colombia,4.4,2.3,0.9,1.6,3.4,3.1,5.8,5.4,4.1,3.4,4.3,2.4,4.4,5.7,5.1,5.2,2.1,3.4,0.6,-4.2,2.9,1.7,2.5,3.9,5.3,4.4,6.7,6.7,3.3,1.1,4.5,6.9,3.9,5.1,4.5,3.0,2.1,1.4,2.6,3.2,-7.2,10.8,7.3,0.6,1.6,2.5,2.8,3.0,3.0,3.0
39,Comoros,7.4,5.5,4.1,3.1,4.2,2.8,2.1,2.1,5.0,-0.9,7.3,-6.2,7.4,2.5,-4.0,5.6,-0.5,4.4,0.0,2.7,-1.0,5.4,4.6,1.9,3.1,5.7,-1.8,0.8,4.0,3.2,3.8,4.1,3.2,4.5,2.1,1.1,3.3,3.8,3.6,1.8,-0.2,2.0,2.6,3.0,3.5,4.0,4.3,4.5,4.3,3.8
40,"Congo, Dem. Rep. of the",2.4,0.9,-0.5,1.4,4.8,0.5,4.7,2.7,0.5,-1.3,-6.6,-8.4,-10.5,-13.5,-6.1,2.8,-1.9,-7.8,-3.9,-3.8,-8.1,-2.1,2.9,6.6,7.7,9.8,5.1,8.5,7.4,0.6,7.8,7.6,8.7,9.6,7.3,6.4,0.4,3.7,4.8,4.5,1.7,5.9,8.8,8.4,4.7,5.0,4.5,5.1,4.4,4.3
41,"Congo, Republic of ",12.7,2.6,2.4,2.4,2.4,2.4,2.3,2.3,21.9,21.3,1.0,3.4,4.2,1.3,-1.4,4.0,3.5,-1.0,8.9,-3.7,11.8,-4.8,1.0,0.5,-0.2,9.2,8.0,-6.6,6.3,11.6,9.9,2.2,9.9,-0.7,6.7,-3.6,-5.0,-5.6,-2.3,1.1,-6.3,1.1,1.8,2.0,2.8,3.7,3.5,3.5,3.8,3.8
42,Costa Rica,0.8,-2.3,-7.3,2.9,8.0,0.7,5.5,4.8,3.4,5.7,3.6,2.3,9.2,7.1,4.5,4.2,1.4,5.5,7.2,4.2,3.9,3.5,3.4,4.3,4.4,4.0,7.3,8.2,4.7,-0.9,5.4,4.4,4.9,2.5,3.5,3.7,4.2,4.2,2.6,2.4,-4.3,7.9,4.6,5.1,4.0,3.5,3.5,3.5,3.5,3.5
43,Croatia,0.0,0.0,0.0,0.0,0.0,0.0,0.0,0.0,0.0,0.0,0.0,0.0,0.0,-8.0,5.9,6.6,5.9,6.6,1.9,-0.9,3.7,3.1,5.8,5.6,4.2,4.3,5.1,5.1,2.0,-7.2,-1.2,-0.1,-2.3,-0.3,-0.3,2.6,3.6,3.4,3.0,3.4,-8.5,13.0,7.0,3.1,3.4,2.9,2.7,2.6,2.6,2.6
44,Cyprus,5.9,3.1,6.3,5.3,8.8,4.7,3.6,7.1,8.3,8.1,7.4,0.7,9.4,0.7,5.9,9.9,1.2,2.6,6.1,5.0,6.0,4.0,3.7,2.6,5.0,4.9,4.7,5.1,3.6,-2.0,2.3,0.4,-3.4,-6.6,-1.8,3.4,6.6,5.7,5.6,5.5,-3.4,9.9,5.1,2.5,3.3,3.1,3.0,3.0,3.0,3.0
45,Czech Republic,86.1,81.0,75.89999999999999,70.8,65.69999999999999,60.599999999999994,55.5,50.4,45.3,40.199999999999996,35.099999999999994,30.0,24.9,19.799999999999997,14.7,9.6,4.5,-0.6,-0.4,1.4,4.0,2.9,1.5,3.3,4.7,6.4,6.6,5.5,2.6,-4.8,2.7,1.8,-0.8,0.0,2.2,5.0,2.6,5.2,2.8,3.6,-5.3,4.0,2.8,-0.1,1.1,2.3,2.3,2.1,2.0,2.0
46,Côte d'Ivoire,5.2,3.5,0.2,-2.5,-2.0,3.6,4.8,-0.5,1.1,3.0,-1.1,0.0,-0.3,-0.2,0.2,5.6,8.1,5.7,4.9,1.6,-2.1,0.1,-1.7,-1.4,1.2,1.7,1.5,1.8,2.5,3.3,2.0,-4.9,10.9,9.3,8.8,8.8,7.2,7.4,4.8,6.7,0.7,7.1,6.2,6.2,6.5,6.4,6.4,7.5,6.5,6.2
47,Denmark,-0.7,-0.7,3.9,2.6,4.3,4.2,4.7,0.5,0.3,0.7,1.7,1.5,2.0,-0.1,5.3,3.0,2.9,3.2,2.3,3.0,3.7,1.0,0.5,0.4,2.8,2.4,3.8,1.0,-0.4,-5.0,1.6,1.3,0.0,1.4,1.3,2.1,3.1,3.1,1.9,1.7,-1.8,7.4,1.5,2.5,1.9,1.6,1.4,1.4,1.4,1.4
48,Djibouti,0.0,0.0,0.0,0.0,0.0,0.0,0.0,0.0,0.0,0.0,0.0,-4.5,0.6,-6.8,-1.4,-3.5,-3.7,-1.2,0.1,2.9,0.7,1.8,3.2,3.2,2.8,3.1,4.8,5.0,5.8,1.6,4.1,7.3,4.8,5.0,7.2,7.3,7.1,5.5,4.8,5.5,1.3,4.5,3.9,7.0,6.5,6.0,5.5,5.5,5.5,5.5
49,Dominica,13.4,10.8,4.1,2.6,4.2,1.4,7.1,6.3,7.8,-0.2,5.4,1.3,2.0,2.2,0.0,3.0,3.1,2.2,3.8,0.4,2.3,-0.1,-2.8,6.4,3.1,0.7,4.7,6.4,7.1,-1.2,0.7,-0.2,-1.1,-1.0,4.8,-2.7,2.8,-6.6,3.5,5.5,-16.6,6.9,5.6,4.7,4.6,4.2,3.3,2.9,2.7,2.4
50,Dominican Republic,8.0,4.3,1.7,4.6,1.3,-2.1,3.5,10.1,2.2,4.4,-5.5,0.9,11.2,7.4,2.6,5.7,6.0,8.9,6.7,5.9,4.7,2.5,4.5,-1.3,2.6,9.4,9.2,7.4,3.2,0.9,8.3,3.1,2.7,4.9,7.1,6.9,6.7,4.7,7.0,5.1,-6.7,12.3,4.9,2.4,5.1,5.0,5.0,5.0,5.0,5.0
51,Ecuador,4.9,3.9,1.2,-2.8,4.2,4.4,3.1,-6.0,10.5,0.3,3.0,5.1,3.6,2.0,4.3,2.3,1.7,4.3,3.3,-4.7,1.1,4.2,4.9,2.9,6.8,5.4,4.3,1.9,6.6,1.1,4.0,8.5,5.8,7.2,4.2,0.1,-0.7,6.0,1.0,0.2,-9.2,9.8,6.2,2.4,0.3,1.2,1.8,2.4,2.5,2.5
52,Egypt,3.4,2.2,7.3,8.9,8.0,7.4,4.8,4.3,4.0,3.0,2.3,2.1,0.3,2.9,4.2,4.5,4.9,5.9,7.5,6.1,5.4,3.5,3.2,3.2,4.1,4.5,6.8,7.1,7.2,4.7,5.1,1.8,2.2,3.3,2.9,4.4,4.3,4.2,5.3,5.5,3.6,3.3,6.7,3.8,2.7,4.1,5.1,5.2,5.6,5.7
53,El Salvador,-8.6,-5.7,-6.3,1.5,1.3,0.6,0.2,2.5,1.9,1.0,4.8,1.5,7.0,5.8,4.7,4.7,0.8,3.1,2.7,2.2,1.1,0.9,1.6,1.6,0.9,2.7,4.3,1.9,2.1,-2.1,2.1,3.8,2.8,2.2,1.7,2.4,2.5,2.2,2.4,2.4,-7.9,11.9,2.8,3.5,3.0,3.0,2.8,2.8,2.8,2.8
54,Equatorial Guinea,4.8,5.8,2.2,5.0,1.0,12.9,-2.3,4.4,2.7,-1.2,2.5,-1.2,33.0,10.5,16.8,26.5,52.7,148.0,24.8,26.4,110.5,60.0,19.6,14.5,30.4,8.2,6.5,15.3,17.8,1.3,-8.9,6.5,8.3,-4.1,0.4,-9.1,-8.8,-5.7,-6.2,-5.5,-4.8,0.9,3.7,-6.2,5.8,-4.8,1.2,0.5,-4.0,2.9
55,Eritrea,0.0,0.0,0.0,0.0,0.0,0.0,0.0,0.0,0.0,0.0,0.0,0.0,4.900000000000002,12.9,20.9,2.3,9.1,7.9,2.0,0.2,-12.4,8.8,3.0,-2.7,1.5,2.6,-1.0,1.4,-19.4,12.2,10.9,25.7,1.9,-10.5,30.9,-20.6,7.4,-10.0,13.0,3.8,228.89999999999995,236.89999999999995,244.89999999999995,,,,,,,
56,Estonia,0.0,0.0,0.0,0.0,0.0,0.0,0.0,0.0,0.0,0.0,0.0,0.0,0.0,0.0,-1.6,2.2,4.9,13.1,4.3,-0.4,10.1,6.0,6.8,7.6,6.8,9.5,9.8,7.6,-5.1,-14.6,2.4,7.6,3.7,1.8,3.3,1.8,3.1,5.6,3.7,3.7,-2.9,7.1,0.1,-3.0,-0.9,1.6,2.3,2.0,2.0,2.0
57,Eswatini,-3.8,6.9,1.4,-0.5,2.5,1.9,18.6,10.0,7.6,9.4,9.9,1.8,3.2,3.1,2.4,4.8,3.8,3.1,2.6,3.0,1.8,1.1,4.4,3.9,3.6,6.0,6.0,4.4,0.8,1.6,3.8,2.2,5.4,3.9,0.9,2.2,1.1,2.0,2.4,2.7,-1.6,10.7,0.5,4.9,4.6,4.2,3.4,2.9,2.7,2.6
58,Ethiopia,4.0,0.0,1.0,7.8,-2.3,-11.4,9.7,13.9,0.6,-0.5,2.6,-7.2,-8.9,13.4,3.5,6.1,13.5,2.8,-4.2,6.3,9.8,7.4,1.6,-2.1,11.7,12.6,11.5,11.8,11.2,10.0,10.6,11.4,8.7,9.9,10.3,10.4,8.0,10.2,7.7,9.0,6.1,6.3,6.4,7.2,6.1,6.5,7.1,7.7,8.0,7.8
59,Fiji,-1.7,6.0,-1.1,-4.2,10.1,-3.8,6.6,-7.2,3.5,13.9,5.8,-2.7,6.1,2.6,5.1,2.6,4.8,-2.4,1.3,8.7,-1.7,1.9,3.2,0.8,5.4,-1.3,1.9,-0.9,1.0,-1.4,3.0,2.7,1.4,4.7,5.6,4.5,2.4,5.4,3.8,-0.6,-17.0,-4.9,19.8,7.5,3.0,3.4,3.4,3.3,3.3,3.1
60,Finland,5.7,1.3,3.1,3.1,3.2,3.5,2.7,3.6,5.2,5.1,0.2,-5.9,-3.3,-0.8,4.0,4.2,3.7,6.4,5.5,4.4,5.8,2.6,1.7,2.0,4.0,2.8,4.0,5.3,0.8,-8.1,3.2,2.4,-1.5,-1.0,-0.5,0.5,2.6,3.3,1.2,1.3,-2.5,2.7,1.5,-1.2,-0.2,2.0,1.8,1.7,1.6,1.5
61,France,1.8,1.2,2.4,1.3,1.7,1.7,2.3,2.6,4.7,4.6,2.8,1.3,1.4,-0.4,2.4,2.5,1.3,2.5,3.5,3.3,4.4,1.8,1.1,1.0,2.5,2.0,2.9,2.5,0.3,-2.7,1.8,2.5,0.2,0.9,1.0,1.0,0.7,2.3,1.6,2.1,-7.6,6.8,2.6,1.1,1.1,1.1,1.3,1.4,1.4,1.3
62,Gabon,0.0,-4.0,4.1,2.0,4.9,5.8,-2.1,-15.4,3.5,15.4,5.1,6.1,-3.1,3.9,3.7,5.0,3.6,5.7,3.5,-8.9,-1.9,2.1,0.2,1.7,1.1,-0.8,-1.9,6.3,1.7,-2.3,6.3,7.1,5.3,5.5,4.4,3.9,2.1,0.5,0.9,3.8,-1.8,1.5,3.0,2.4,3.1,2.6,2.6,2.5,2.5,2.6
63,"Gambia, The",0.7,-9.5,20.8,13.5,-7.6,3.6,2.4,2.8,1.7,4.3,5.7,2.2,1.8,3.8,-3.4,3.3,2.9,1.4,6.5,6.4,5.5,5.8,-3.2,6.9,7.0,-2.4,-0.6,3.0,6.3,6.7,5.9,-8.1,5.2,2.9,-1.4,4.1,1.9,4.8,7.2,6.2,0.6,5.3,4.9,5.3,5.8,5.8,5.0,5.0,5.0,5.0
64,Georgia,240.69999999999996,216.89999999999998,193.1,169.29999999999998,145.49999999999997,121.69999999999999,97.89999999999998,74.1,50.29999999999999,26.499999999999993,2.6999999999999957,-21.1,-44.9,-29.3,-10.4,2.6,10.5,10.3,3.0,2.9,1.9,4.8,5.5,11.2,5.8,9.6,9.4,12.6,2.4,-3.7,6.9,7.9,6.6,5.1,4.1,3.4,3.4,5.2,6.1,5.4,-6.3,10.6,11.0,7.5,7.6,6.0,5.0,5.0,5.0,5.0
65,Germany,1.3,0.1,-0.8,1.6,2.8,2.2,2.4,1.5,3.7,3.9,5.7,5.0,2.0,-1.0,2.6,1.5,1.0,1.9,2.1,2.1,2.9,1.6,-0.2,-0.5,1.2,0.9,3.9,2.9,0.9,-5.5,4.1,3.8,0.5,0.4,2.2,1.7,2.3,2.7,1.1,1.0,-4.1,3.7,1.4,-0.3,0.0,0.8,1.4,1.1,0.8,0.7
66,Ghana,0.5,-3.8,-8.3,-6.2,9.4,6.4,6.2,6.7,6.5,4.5,3.6,4.8,4.5,4.8,3.5,4.2,4.8,5.8,5.0,4.5,3.6,3.8,4.6,5.1,5.4,6.2,5.8,4.1,9.0,5.7,7.8,13.9,8.4,7.2,2.9,2.1,3.4,8.1,6.2,6.5,0.5,5.1,3.8,2.9,3.1,4.4,4.9,5.0,5.0,5.0
67,Greece,0.7,-1.6,-1.1,-1.1,2.0,2.5,0.5,-2.3,4.3,3.8,0.0,3.1,0.7,-1.6,2.0,2.1,2.9,4.5,3.9,3.1,3.9,4.1,3.9,5.8,5.1,0.6,5.7,3.3,-0.3,-4.3,-5.5,-10.1,-7.1,-2.5,0.5,-0.2,-0.5,1.1,1.7,1.9,-9.3,8.4,5.6,2.0,2.3,2.0,1.7,1.5,1.4,1.3
68,Grenada,15.1,1.4,4.1,3.3,4.0,6.0,7.4,9.1,2.9,3.8,4.2,1.4,-0.8,-2.0,1.8,2.2,4.4,4.9,11.8,7.0,5.1,-2.0,3.4,9.5,-0.6,13.3,-4.0,6.1,0.9,-6.6,-0.5,0.8,-1.2,2.4,7.3,6.4,3.7,4.4,4.4,0.7,-13.8,4.7,7.3,4.7,3.0,3.9,3.3,2.7,2.7,2.7
69,Guatemala,3.7,0.6,-3.5,-2.5,0.5,-0.6,0.1,3.6,3.9,3.9,3.1,3.0,4.6,3.4,3.5,4.4,2.8,4.1,4.6,3.7,2.5,3.1,3.8,2.6,3.1,3.3,5.4,6.3,3.3,0.5,2.9,4.2,3.0,3.7,4.4,4.1,2.7,3.1,3.4,4.0,-1.8,8.0,4.2,3.5,3.5,3.6,3.7,3.8,3.8,3.8
70,Guinea,2.6,0.6,1.8,1.3,1.4,5.0,3.1,3.3,6.3,4.0,4.3,2.5,3.3,5.0,4.0,4.7,4.5,5.2,3.6,3.8,2.5,3.7,5.2,1.2,2.3,3.0,2.5,6.5,4.1,-1.5,4.2,5.6,5.9,3.9,3.7,3.8,10.8,10.3,6.4,5.6,4.7,5.6,4.0,5.7,4.1,5.7,5.7,5.6,5.6,5.6
71,Guinea-Bissau,0.0,-0.5,4.2,-3.4,5.5,4.3,-1.0,5.6,2.0,2.9,4.6,7.3,3.1,2.3,3.0,4.0,3.7,6.0,-22.4,16.8,1.1,4.8,3.7,-0.3,1.2,6.6,2.7,2.6,4.5,2.4,5.6,8.1,-1.7,3.3,1.0,6.1,5.3,4.8,3.8,4.5,1.5,6.2,4.6,5.2,5.0,5.0,5.0,5.0,4.5,4.5
72,Guyana,-2.1,0.6,-8.9,-11.5,2.1,0.4,-0.2,-0.1,-6.0,-4.9,-3.0,6.0,7.8,8.2,8.5,5.1,8.0,6.2,-1.7,3.0,-1.3,2.3,1.1,-0.7,1.6,-1.9,5.1,7.0,2.0,3.3,4.4,5.4,5.0,3.7,1.7,0.7,3.8,3.7,4.4,5.4,43.5,20.1,62.3,33.0,43.8,14.4,17.5,21.0,13.5,11.9
73,Haiti,7.3,1.1,-2.8,-1.5,0.2,0.8,0.3,-0.4,0.6,-1.1,-0.4,1.3,-2.3,-4.9,-11.6,9.9,4.1,2.7,2.2,2.7,0.9,-0.3,1.1,3.5,-1.3,3.1,1.8,4.7,2.7,5.9,-5.7,5.1,0.5,4.3,1.7,2.6,1.8,2.5,1.7,-1.7,-3.3,-1.8,-1.7,-1.9,-4.0,1.0,1.5,1.5,1.5,1.5
74,Honduras,0.6,-1.2,-2.1,0.9,6.3,5.6,5.3,6.6,1.7,2.7,2.8,-3.3,6.1,6.5,0.2,6.2,1.9,4.6,3.6,-0.7,7.3,2.7,3.8,4.5,6.2,6.1,6.6,6.2,4.2,-2.4,3.7,3.8,4.1,2.8,3.1,3.8,3.9,4.8,3.8,2.6,-9.0,12.6,4.1,3.6,3.6,3.5,3.7,3.8,3.8,3.8
75,Hong Kong SAR,10.3,9.2,2.9,6.0,10.0,0.7,11.1,13.4,8.5,2.3,3.8,5.7,6.2,6.2,6.0,2.4,4.3,5.1,-5.9,2.5,7.7,0.6,1.7,3.1,8.7,7.4,7.0,6.5,2.1,-2.5,6.8,4.8,1.7,3.1,2.8,2.4,2.2,3.8,2.8,-1.7,-6.5,6.5,-3.7,3.3,3.2,3.0,2.9,2.7,2.5,2.4
76,Hungary,0.2,2.9,2.8,0.7,2.7,-0.3,1.5,4.1,-0.1,0.7,-3.5,-11.9,-3.1,-0.6,2.9,2.5,0.1,3.1,3.9,3.1,4.5,4.1,4.7,4.1,5.0,4.3,3.9,0.3,1.0,-6.6,1.1,1.9,-1.3,1.8,4.2,3.7,2.2,4.3,5.4,4.9,-4.5,7.1,4.6,-0.9,1.5,2.9,3.0,3.0,3.2,3.2
77,Iceland,5.7,4.3,2.2,-2.2,4.1,3.3,6.3,8.5,-0.1,0.3,1.2,-0.2,-3.4,1.3,3.6,0.1,4.6,5.8,7.4,4.0,5.0,4.0,0.6,2.1,7.8,6.1,6.3,8.5,2.2,-7.7,-2.8,1.8,1.1,4.6,1.7,4.4,6.3,4.2,4.9,1.9,-6.9,5.3,9.0,5.0,0.6,2.4,2.2,2.3,2.4,2.4
78,India,6.7,6.0,3.5,7.3,3.8,5.3,4.8,4.0,9.6,5.9,5.5,1.1,5.5,4.8,6.7,7.6,7.5,4.0,6.2,8.8,3.8,4.8,3.8,7.9,7.9,7.9,8.1,7.7,3.1,7.9,8.5,5.2,5.5,6.4,7.4,8.0,8.3,6.8,6.5,3.9,-5.8,9.7,7.0,8.2,7.0,6.5,6.5,6.5,6.5,6.5
79,Indonesia,9.9,7.6,2.2,4.2,7.6,3.9,7.2,6.6,7.0,9.1,9.0,8.9,6.5,8.0,7.5,8.2,7.8,4.7,-13.1,0.8,5.0,3.6,4.5,4.8,5.0,5.7,5.5,6.3,7.4,4.7,6.4,6.2,6.0,5.6,5.0,4.9,5.0,5.1,5.2,5.0,-2.1,3.7,5.3,5.0,5.0,5.1,5.1,5.1,5.1,5.1
80,Iran,-21.6,-5.7,23.2,11.1,-7.1,1.9,-9.8,-0.2,-6.1,6.1,13.6,12.7,3.3,-1.5,-1.7,2.4,6.4,1.4,2.1,2.0,5.8,2.4,8.1,8.6,4.3,3.2,5.0,8.2,0.3,1.0,5.8,2.6,-3.7,-1.5,5.0,-1.4,8.8,2.8,-1.8,-3.1,3.3,4.7,3.8,5.0,3.7,3.1,2.8,2.4,2.0,2.0
81,Iraq,211.8,201.8,191.8,181.8,171.8,161.8,151.8,141.8,131.8,121.8,111.8,101.8,91.8,81.8,71.8,61.8,51.8,41.8,31.8,21.8,11.8,1.8,-8.2,-36.7,53.4,1.7,5.6,1.9,8.2,3.4,6.4,7.5,13.9,7.6,0.7,2.5,16.2,-1.5,2.6,5.6,-12.4,1.4,7.7,-2.9,0.1,4.1,5.2,4.2,4.2,4.2
82,Ireland,2.9,2.5,1.5,-0.7,3.2,1.9,0.4,3.6,3.0,5.6,7.7,1.6,3.6,2.3,5.9,9.6,9.1,10.7,8.8,10.5,9.4,5.3,5.9,3.0,6.8,5.7,5.0,5.3,-4.5,-5.1,1.7,1.6,-0.4,2.2,9.3,24.6,1.2,10.0,7.5,5.0,7.2,16.3,8.6,-5.5,-0.2,2.2,2.4,2.3,2.3,2.3
83,Israel,3.6,4.7,1.4,2.6,2.2,4.5,3.6,7.5,3.6,1.4,6.6,4.6,7.2,3.8,7.0,9.7,5.9,3.7,4.0,3.3,8.6,0.3,-0.1,1.5,4.7,4.2,5.6,6.1,3.2,1.2,5.5,5.5,2.4,4.1,3.8,2.3,4.4,4.3,4.1,3.8,-1.5,9.5,6.4,2.0,0.7,2.7,4.8,3.1,3.3,3.4
84,Italy,3.1,-1.2,0.4,1.2,3.2,2.8,2.9,3.2,4.2,3.4,2.1,1.4,0.8,-0.9,2.2,2.9,1.2,1.8,1.8,1.7,3.9,2.0,0.3,0.1,1.5,0.8,1.8,1.5,-1.0,-5.3,1.5,0.7,-3.1,-1.8,0.0,0.9,1.2,1.6,0.8,0.4,-8.9,8.9,4.7,0.7,0.7,0.8,0.7,0.6,0.7,0.7
85,Jamaica,-4.0,4.4,3.1,4.2,0.9,-0.9,7.0,7.7,-4.0,4.7,4.9,0.8,2.8,2.2,1.9,2.5,0.2,-1.6,-1.2,1.0,0.8,1.3,0.7,3.7,1.3,0.9,2.9,1.4,-0.8,-3.4,-1.4,1.4,-0.5,0.2,0.6,0.9,1.5,0.7,1.8,1.0,-9.9,4.6,5.2,2.6,1.3,2.1,1.6,1.6,1.6,1.6
86,Japan,3.2,4.3,3.3,3.6,4.4,5.2,3.3,4.6,6.7,4.9,4.8,3.5,0.9,-0.5,1.1,2.6,3.1,1.0,-1.3,-0.3,2.8,0.4,0.0,1.5,2.2,1.8,1.4,1.5,-1.2,-5.7,4.1,0.0,1.4,2.0,0.3,1.6,0.8,1.7,0.6,-0.4,-4.2,2.7,1.2,1.7,0.3,1.1,0.8,0.6,0.6,0.5
87,Jordan,11.1,15.0,5.8,1.4,5.5,-1.1,5.9,2.7,2.9,-10.7,-1.6,-5.7,16.9,4.4,5.0,6.0,1.9,3.7,3.2,3.2,4.2,5.0,6.6,4.0,8.3,8.8,8.5,8.4,7.4,5.0,2.3,2.7,2.4,2.6,3.4,2.5,2.0,2.5,1.9,1.8,-1.1,3.7,2.4,2.6,2.4,2.9,3.0,3.0,3.0,3.0
88,Kazakhstan,35.0,31.600000000000005,28.200000000000006,24.8,21.400000000000002,18.000000000000004,14.600000000000005,11.200000000000003,7.800000000000001,4.400000000000002,1.0000000000000018,0.0,0.0,-9.2,-12.6,-8.2,0.5,1.7,-1.9,2.7,9.8,13.5,9.8,9.3,9.6,9.7,10.7,8.9,3.3,1.2,7.3,7.5,5.0,5.9,4.3,1.0,0.9,3.9,4.1,4.5,-2.6,4.1,3.3,5.1,3.5,4.6,3.5,3.6,2.3,3.0
89,Kenya,5.6,4.1,5.1,1.6,1.6,4.1,7.0,5.8,6.1,4.6,4.1,1.3,-1.1,-0.1,2.5,4.3,4.5,0.4,3.0,2.2,0.3,4.0,0.5,2.9,4.6,5.7,5.9,6.9,0.2,3.3,8.1,5.1,4.6,3.8,5.0,5.0,4.2,3.8,5.7,5.1,-0.3,7.6,4.9,5.6,5.0,5.0,5.0,5.0,5.0,5.0
90,Kiribati,-1.1,6.1,-1.1,-9.8,13.9,-13.2,-2.5,1.3,22.0,-7.3,-6.4,-5.6,24.0,-0.1,2.0,2.8,-0.1,1.2,4.4,-3.9,6.7,-3.1,1.4,-1.6,-0.6,1.3,5.8,3.1,-3.0,0.5,1.2,3.3,5.8,7.7,1.3,11.3,7.1,3.7,3.5,3.3,-0.6,8.5,3.9,4.1,5.8,4.1,3.3,2.5,2.1,2.1
91,"Korea, Republic of",-1.6,7.2,8.3,13.4,10.6,7.8,11.3,12.7,12.0,7.1,9.9,10.8,6.2,6.9,9.3,9.6,7.9,6.2,-5.1,11.5,9.2,4.7,7.7,3.1,5.2,4.4,5.2,5.8,3.0,0.8,7.0,3.7,2.5,3.3,3.2,2.9,3.2,3.4,3.2,2.3,-0.7,4.6,2.7,1.4,2.5,2.2,2.2,2.1,2.1,2.0
92,Kosovo,109.6,104.6,99.6,94.6,89.6,84.6,79.6,74.6,69.6,64.6,59.6,54.6,49.6,44.6,39.6,34.6,29.6,24.6,19.6,14.6,9.6,4.6,-0.4,2.6,0.6,4.5,3.6,8.3,1.8,5.0,4.9,6.3,1.7,5.3,3.3,5.9,5.6,4.8,3.4,4.8,-5.3,10.7,4.3,3.3,3.8,4.0,4.0,3.9,3.9,3.8
93,Kuwait,0.0,0.0,-9.5,5.3,5.2,-4.3,8.6,8.1,-10.0,25.9,-26.2,-41.0,82.8,35.1,8.6,1.7,0.6,2.5,3.7,-1.8,4.7,0.2,3.0,17.3,10.2,10.6,7.5,6.0,2.5,-7.1,-2.4,9.6,6.6,1.1,0.5,0.6,2.9,-4.7,2.7,2.3,-4.8,2.3,5.9,-3.6,-2.7,3.3,2.5,2.6,2.6,2.6
94,Kyrgyz Republic,75.4,68.60000000000001,61.80000000000001,55.0,48.2,41.400000000000006,34.60000000000001,27.800000000000004,21.0,14.200000000000003,7.400000000000002,0.6000000000000014,0.0,-13.0,-19.8,-5.4,7.1,9.9,2.1,3.7,5.4,5.3,0.0,7.0,7.0,-0.2,3.1,8.5,7.6,2.9,-0.5,6.0,-0.1,10.9,4.0,3.9,4.3,4.7,3.5,4.6,-7.1,5.5,9.0,6.2,6.5,5.0,4.1,5.0,4.1,4.1
95,Lao P.D.R.,10.0,15.3,4.7,3.0,6.4,9.1,4.8,-1.0,-2.1,9.9,6.7,4.0,7.0,5.9,8.2,7.0,6.9,6.9,4.3,4.0,6.4,4.8,6.8,6.2,7.2,6.9,9.0,7.9,7.8,7.4,8.0,8.0,7.8,8.0,7.6,7.3,7.0,6.9,6.2,4.7,-0.4,2.1,2.3,3.7,4.1,3.5,3.1,2.8,2.6,2.5
96,Latvia,0.0,0.0,0.0,0.0,0.0,0.0,0.0,0.0,0.0,0.0,0.0,0.0,0.0,-11.4,2.2,-2.1,2.6,8.8,6.3,2.8,5.7,6.3,7.1,8.4,8.3,10.7,12.0,9.9,-3.2,-14.3,-4.5,2.6,7.0,2.0,1.9,3.9,2.4,3.3,4.0,0.6,-3.5,6.7,3.0,-0.3,1.2,2.3,2.5,2.5,2.5,2.5
97,Lebanon,1.5,0.5,-36.8,22.7,44.5,24.3,-6.8,16.7,-28.2,-42.2,-13.4,38.2,4.5,7.0,8.0,6.5,4.0,10.2,3.9,-0.8,1.1,3.9,3.4,1.7,7.5,2.7,1.5,9.3,9.1,10.2,8.0,0.9,2.5,3.8,2.5,0.5,1.6,0.9,-1.9,-6.8,-24.6,2.0,1.0,-0.7,,,,,,
98,Lesotho,-0.8,3.1,5.6,3.0,4.8,3.0,3.8,2.7,7.9,6.0,6.4,7.5,6.1,4.0,5.2,4.1,4.8,3.3,1.3,1.4,4.0,3.3,2.4,4.2,2.1,3.3,4.2,4.2,3.8,0.4,5.1,5.1,5.1,1.8,2.1,3.2,1.9,-2.7,-1.5,-2.9,-5.3,1.7,1.6,2.2,2.8,2.3,1.9,2.1,2.1,2.1
99,Liberia,0.0,0.0,0.0,0.0,0.0,0.0,0.0,0.0,0.0,0.0,0.0,0.0,0.0,0.0,0.0,0.0,0.0,0.0,0.0,0.0,1.1999999999999993,2.8,4.4,-29.0,4.0,5.9,8.5,13.1,6.1,5.2,6.4,7.7,8.4,8.8,0.7,0.0,-1.6,2.5,1.2,-2.5,-3.0,5.0,4.8,4.6,5.1,5.8,5.9,6.0,6.0,6.0
100,Libya,0.6,-20.0,1.5,-4.7,-8.3,0.6,-11.4,-14.7,7.6,7.2,3.7,18.3,-4.5,-5.5,3.2,-15.4,1.8,-2.6,-0.7,-0.2,4.0,2.6,-3.7,16.1,5.8,10.6,0.3,6.2,-0.2,-4.4,5.0,-50.3,86.8,-18.0,-23.0,-0.8,-1.5,32.5,7.9,-11.2,-29.5,28.3,-8.3,10.2,2.4,13.7,4.1,2.0,2.1,2.3
101,Lithuania,0.0,0.0,0.0,0.0,0.0,0.0,0.0,0.0,0.0,0.0,0.0,0.0,0.0,0.0,0.0,2.0999999999999996,5.2,8.3,7.5,-1.1,3.7,6.6,6.7,10.5,6.5,7.9,7.4,11.1,2.4,-14.7,1.6,6.1,3.8,3.6,3.5,2.0,2.6,4.3,4.0,4.6,0.1,6.2,2.4,-0.3,2.4,2.6,2.4,2.2,2.2,2.2
102,Luxembourg,3.2,0.8,1.0,1.9,4.7,5.6,10.0,4.0,8.5,9.8,5.3,8.6,1.8,4.2,3.8,1.4,1.5,5.9,6.5,8.4,8.4,3.1,3.2,2.6,4.2,2.5,6.0,8.1,-0.3,-3.2,3.8,1.0,1.6,3.2,2.6,2.3,5.0,1.3,1.2,2.9,-0.9,7.2,1.4,-1.1,1.3,2.7,2.5,2.3,2.3,2.3
103,Macao SAR,0.0,0.0,0.0,0.0,0.0,0.0,0.0,0.0,0.0,0.0,0.0,0.0,0.0,0.0,0.0,0.0,0.0,0.0,0.0,0.8000000000000025,3.5000000000000018,6.200000000000001,8.9,11.6,26.6,8.1,13.4,14.5,3.4,1.3,25.1,21.6,9.2,10.8,-2.0,-21.5,-0.7,9.9,6.4,-2.6,-54.3,23.5,-21.4,80.5,10.6,7.3,4.4,3.2,3.0,3.0
104,Madagascar,0.8,-9.8,-1.9,0.9,1.8,1.2,2.0,1.2,3.4,4.1,3.1,-6.3,1.2,2.1,0.0,1.7,2.2,3.7,3.9,4.7,4.5,6.0,-12.4,9.8,5.3,4.8,5.4,5.7,6.7,-4.0,0.6,1.6,3.0,2.3,3.3,3.1,4.0,3.9,3.2,4.4,-7.1,5.7,4.0,3.8,4.5,4.6,4.7,4.8,5.0,5.0
105,Malawi,0.4,-5.2,2.5,3.7,5.4,4.6,-0.2,1.6,3.2,1.3,5.7,8.7,-7.3,9.7,-10.3,13.8,10.0,6.6,1.1,3.5,0.8,-4.1,1.8,5.7,5.4,3.3,4.7,9.6,7.6,8.3,6.9,4.9,1.9,5.2,5.7,3.0,2.3,4.0,4.4,5.4,1.0,4.6,0.9,1.5,1.8,4.0,4.3,4.5,4.6,4.6
106,Malaysia,7.4,6.9,5.9,6.3,7.8,-0.9,1.2,5.4,9.9,9.1,9.0,9.5,8.9,9.9,9.2,9.8,10.0,7.3,-7.4,6.1,8.7,0.5,5.4,5.8,6.8,5.0,5.6,6.3,4.8,-1.5,7.5,5.3,5.5,4.7,6.0,5.0,4.4,5.8,4.8,4.4,-5.5,3.3,8.9,3.6,4.8,4.4,4.4,4.0,4.0,4.0
107,Maldives,18.8,7.9,7.5,4.4,17.4,13.8,8.6,8.9,8.7,9.3,-4.0,6.9,6.5,5.4,7.5,7.4,9.1,10.4,9.8,7.2,4.7,1.5,6.1,14.2,6.0,-11.2,23.6,7.1,9.0,-8.2,6.8,8.6,2.4,7.0,7.8,4.0,6.6,7.1,8.7,7.3,-32.9,37.7,13.9,4.0,4.7,4.7,4.8,4.5,4.5,4.5
108,Mali,3.3,-4.5,-11.6,3.2,2.4,3.2,6.1,2.5,0.1,10.7,9.3,7.7,-1.6,3.6,3.8,3.0,7.3,4.8,2.9,6.2,-0.1,15.4,3.1,9.1,1.6,6.5,4.7,3.5,4.8,4.7,5.4,3.2,-0.8,2.3,7.1,6.2,5.9,5.3,4.7,4.8,-1.2,3.1,3.5,4.4,3.8,4.4,4.9,4.9,4.9,4.9
109,Malta,7.0,2.7,0.1,2.6,0.8,2.4,3.8,5.7,6.8,7.1,4.7,5.9,8.1,3.9,4.6,6.9,4.0,4.8,3.4,3.8,-1.0,-0.8,2.7,3.7,0.4,2.9,2.3,5.0,4.4,-1.4,6.2,1.0,4.1,6.3,7.6,9.6,4.1,13.0,7.2,4.1,-3.5,13.5,4.1,7.5,5.0,4.0,3.5,3.5,3.5,3.5
110,Marshall Islands,12.000000000000002,11.3,10.600000000000001,9.900000000000002,9.200000000000001,8.500000000000002,7.800000000000001,7.100000000000001,6.400000000000001,5.700000000000001,5.000000000000001,4.300000000000001,3.6,2.9000000000000004,2.2,1.5,0.8000000000000002,0.10000000000000009,-0.6,-1.3,2.7,7.1,3.5,-1.6,-0.7,1.8,0.2,3.7,-7.6,3.7,5.6,-0.5,-1.3,3.8,-1.3,1.9,2.5,3.6,5.5,10.5,-2.8,1.2,-1.1,-3.9,5.0,3.5,2.8,2.5,2.0,2.0
111,Mauritania,0.0,0.0,0.0,0.0,0.0,0.0,0.0,0.0,0.0,0.0,0.0,0.0,1.8,5.9,-3.1,9.8,5.8,-4.0,2.8,3.7,-3.9,-0.8,1.4,6.9,4.7,8.6,18.3,-2.0,-0.3,0.1,2.6,4.2,4.5,4.2,4.3,5.4,1.3,6.3,4.8,3.1,-0.4,0.7,6.8,6.5,4.4,4.2,4.2,5.3,6.4,4.5
112,Mauritius,-10.1,5.9,5.5,0.4,4.8,6.9,9.7,10.2,6.8,4.5,7.2,4.4,6.5,5.1,4.1,4.3,5.6,5.7,6.1,2.6,8.2,3.2,1.6,6.0,4.3,1.5,4.5,5.7,5.4,3.3,4.4,4.1,3.5,3.4,3.8,3.7,3.9,3.9,4.0,2.9,-14.5,3.4,8.9,7.0,6.1,4.0,4.0,4.0,4.0,4.0
113,Mexico,9.5,9.6,0.0,-4.6,3.5,1.9,-3.9,2.1,1.2,3.6,5.3,4.0,3.6,2.9,4.4,-5.9,6.2,7.2,6.2,2.8,5.0,-0.5,-0.2,1.2,3.6,2.1,4.8,2.1,0.9,-6.3,5.0,3.4,3.6,0.9,2.5,2.7,1.8,1.9,2.0,-0.4,-8.4,6.0,3.7,3.2,1.5,1.3,2.0,2.3,2.1,2.1
114,"Micronesia, Fed. States of",43.10000000000001,40.20000000000001,37.30000000000001,34.400000000000006,31.500000000000004,28.600000000000005,25.700000000000003,22.8,19.900000000000002,17.000000000000004,14.100000000000001,11.200000000000003,8.3,5.400000000000001,2.500000000000001,0.0,-3.3,-6.2,2.8,1.1,4.6,1.8,0.4,1.8,-3.2,2.3,-0.2,-1.7,-2.6,1.1,2.1,3.8,-1.7,-3.7,-2.6,4.4,0.9,2.3,0.1,3.8,-1.9,3.0,-0.9,0.8,1.1,1.7,1.1,0.8,0.7,0.7
115,Moldova,116.69999999999999,104.5,92.3,80.1,67.89999999999999,55.69999999999999,43.5,31.299999999999997,19.099999999999994,6.899999999999999,0.0,-17.5,-29.7,-1.2,-30.9,-1.4,-5.9,1.6,-6.5,-3.4,2.1,6.1,7.8,6.6,7.4,7.5,4.8,3.0,7.8,-6.0,7.1,5.8,-0.6,9.0,5.0,-0.3,4.4,4.2,4.1,3.6,-8.3,13.9,-5.0,0.7,2.6,3.7,4.4,5.0,5.0,5.0
116,Mongolia,6.4,8.4,8.3,5.8,5.9,5.7,9.4,3.5,5.1,4.2,-2.5,-9.2,-9.3,-3.2,2.1,6.4,2.2,3.9,3.3,3.1,1.1,4.6,5.3,7.4,9.4,6.5,8.2,8.8,7.8,-2.1,7.3,17.3,12.3,11.6,7.9,2.4,1.5,5.6,7.7,5.6,-4.6,1.6,5.0,7.4,5.5,7.0,6.0,5.5,5.5,5.0
117,Montenegro,0.0,0.0,0.0,0.0,0.0,0.0,0.0,0.0,0.0,0.0,0.0,0.0,0.0,0.0,0.0,0.0,0.0,0.0,0.0,0.0,0.30000000000000027,1.1,1.9,2.5,4.4,4.2,8.6,6.8,7.2,-5.8,2.7,3.2,-2.7,3.5,1.8,3.4,2.9,4.7,5.1,4.1,-15.3,13.0,6.4,6.0,3.7,3.7,3.0,3.0,3.0,3.0
118,Morocco,3.8,-2.8,9.6,-0.6,4.3,6.3,8.3,-2.5,10.4,2.4,4.0,7.5,-2.9,-1.0,11.5,-6.3,13.5,-2.0,8.0,0.5,1.6,7.6,3.3,6.3,4.8,3.0,7.8,2.7,5.9,4.2,3.8,5.2,3.0,4.5,2.7,4.3,0.5,5.1,3.1,2.9,-7.2,8.2,1.5,3.4,2.8,3.6,3.4,3.4,3.4,3.4
119,Mozambique,4.2,5.0,-6.9,-15.7,-6.5,1.0,-2.3,14.7,8.2,6.5,1.0,6.6,-7.6,10.9,6.4,2.1,10.7,11.8,10.4,11.8,0.8,12.9,9.7,7.2,8.2,6.3,9.9,7.6,6.9,5.9,6.7,7.1,8.0,6.6,7.7,7.4,4.7,2.6,3.5,2.3,-1.2,2.4,4.4,5.4,4.3,4.3,3.9,3.8,10.0,10.0
120,Myanmar,0.0,0.0,0.0,0.0,0.0,0.0,0.0,0.0,0.0,0.0,0.0,0.0,0.0,0.0,0.0,0.0,0.0,0.40000000000000036,4.4,8.4,12.4,12.5,9.9,13.2,15.3,13.6,13.3,12.5,7.6,4.4,5.2,5.5,6.5,7.9,8.2,7.5,6.4,5.8,6.4,6.8,-1.2,-10.5,-4.0,2.5,1.0,1.1,1.3,1.5,1.6,1.8
121,Namibia,0.0,0.0,0.0,0.0,0.0,0.0,0.0,0.0,0.0,0.0,1.299999999999999,5.3,9.3,-1.6,3.0,4.1,3.2,4.2,3.3,3.4,3.5,2.4,6.7,3.5,6.6,4.7,3.9,3.6,2.6,0.3,6.0,5.1,5.1,5.6,6.1,4.3,0.0,-1.0,1.1,-0.8,-8.1,3.6,5.3,4.2,3.1,4.2,3.4,2.5,2.6,2.6
122,Nauru,0.0,0.0,0.0,0.0,0.0,0.0,0.0,0.0,0.0,0.0,0.0,0.0,0.0,0.0,0.0,0.0,0.0,0.0,0.0,0.0,0.0,0.0,0.0,0.0,0.0,-0.4,8.3,-22.2,20.4,-5.7,-0.2,14.4,25.3,3.6,16.4,2.7,4.4,-6.0,-1.2,8.5,2.0,7.2,3.0,0.6,1.5,1.4,1.6,1.6,0.8,1.8
123,Nepal,-2.3,8.3,3.8,-3.0,9.7,6.1,4.6,1.7,7.7,4.3,4.6,6.4,4.1,3.8,8.2,3.5,5.3,5.3,2.9,4.5,6.1,5.6,0.1,3.9,4.7,3.5,3.4,3.4,6.1,4.5,4.8,3.4,4.7,3.5,6.0,4.0,0.4,9.0,7.6,6.7,-2.4,4.8,5.6,2.0,3.1,4.9,4.9,5.0,5.0,5.0
124,Netherlands,0.30000000000000004,-0.5,-1.3,1.8,3.1,2.7,3.1,1.9,4.6,4.5,4.2,2.5,1.6,1.3,3.0,3.1,3.4,4.2,4.7,5.0,4.2,2.3,0.2,0.1,2.0,2.0,3.5,3.9,2.1,-3.7,1.3,1.8,-1.0,0.0,1.6,2.1,2.4,2.8,2.3,2.3,-3.9,6.3,5.0,0.1,0.6,1.6,1.7,1.8,1.5,1.4
125,New Zealand,1.0,3.0,2.9,-0.1,6.9,1.2,1.8,2.4,0.6,0.4,0.0,-1.3,0.7,5.2,5.6,4.9,4.1,2.4,0.4,4.5,4.2,2.5,4.7,4.4,4.8,3.2,2.8,3.5,-0.4,-1.1,1.7,1.8,2.5,2.3,3.8,3.6,3.9,3.3,3.5,3.1,-1.4,5.6,2.4,0.6,0.0,1.9,2.4,2.4,2.4,2.4
126,Nicaragua,4.6,5.4,-0.8,4.6,-1.6,-4.1,-1.0,-0.7,-12.4,-1.7,-0.1,-0.2,0.4,-0.4,5.0,5.9,6.3,4.0,3.7,7.0,4.1,3.0,0.8,2.5,5.4,4.2,3.8,5.1,3.4,-3.3,4.4,6.3,6.5,4.9,4.8,4.8,4.6,4.6,-3.4,-2.9,-1.8,10.3,3.8,4.6,4.0,3.8,3.5,3.5,3.5,3.5
127,Niger,4.9,-0.2,2.2,-3.9,-16.8,7.7,6.4,0.1,6.9,1.0,-1.3,-0.4,2.0,0.3,1.9,2.5,0.1,1.5,10.0,-0.2,-1.2,7.3,4.9,2.2,0.4,7.3,5.9,3.1,7.7,2.0,8.6,2.4,10.5,5.3,6.6,4.4,5.7,5.0,7.0,6.1,3.5,1.4,11.9,2.4,9.9,7.3,6.1,6.4,6.0,6.0
128,Nigeria,0.0,0.0,0.0,0.0,0.0,0.0,0.0,0.0,0.0,0.0,0.0,-0.6,2.2,1.6,0.3,1.9,4.1,2.9,2.5,0.5,5.5,6.7,14.6,9.5,10.4,7.0,6.7,7.3,7.2,8.4,11.3,4.9,4.3,5.4,6.3,2.7,-1.6,0.8,1.9,2.2,-1.8,3.6,3.3,2.9,2.9,3.2,3.0,3.3,3.3,3.3
129,North Macedonia ,0.0,0.0,0.0,0.0,0.0,0.0,0.0,0.0,0.0,0.0,0.0,0.0,0.0,-7.5,-1.8,-1.1,1.2,1.4,3.4,4.3,4.5,-3.1,1.5,2.2,4.7,4.7,5.1,6.5,5.5,-0.4,3.4,2.3,-0.5,2.9,3.6,3.9,2.8,1.1,2.9,3.9,-4.7,4.5,2.2,1.0,2.2,3.6,3.8,3.7,3.6,3.5
130,Norway,4.5,1.6,0.2,4.0,6.1,5.6,4.0,1.8,-0.3,1.0,1.9,3.1,3.6,2.8,5.1,4.2,5.0,5.3,2.7,2.1,3.3,2.1,1.4,0.9,4.0,2.7,2.5,2.9,0.5,-1.9,0.8,1.1,2.7,1.0,2.0,1.9,1.2,2.5,0.8,1.1,-1.3,3.9,3.0,0.5,1.5,1.8,1.7,1.6,1.4,1.4
131,Oman,6.1,17.1,11.5,15.9,13.9,14.5,2.1,-4.0,5.2,3.0,8.4,6.0,8.5,6.1,3.8,4.8,2.9,6.2,2.7,0.3,6.2,4.6,-0.8,-2.2,2.0,2.8,4.7,5.0,9.0,6.0,2.5,2.9,8.9,5.2,1.3,5.0,5.0,0.3,1.3,-1.1,-3.4,2.6,9.6,1.3,1.0,3.1,4.4,4.0,3.6,3.6
132,Pakistan,6.9,6.2,7.6,6.8,4.0,8.7,6.4,5.8,6.4,4.8,4.6,5.1,7.6,2.1,4.4,5.1,6.6,1.7,3.5,4.2,3.9,3.6,2.6,5.2,7.7,8.0,5.7,5.1,4.4,1.1,2.3,3.2,3.2,3.9,3.6,3.8,4.1,4.6,6.1,3.1,-0.9,5.8,6.2,-0.2,2.4,3.2,4.0,4.1,4.5,4.5
133,Palau,38.0,36.5,35.0,33.5,32.0,30.5,29.0,27.5,26.0,24.5,23.0,21.5,20.0,18.5,17.0,15.5,14.0,12.5,11.0,9.5,8.0,6.5,5.0,-3.2,3.9,3.4,-0.1,0.8,-5.2,-6.9,-1.1,4.2,1.9,-1.6,4.4,9.3,1.5,-3.5,0.3,1.5,-6.0,-11.6,-1.7,0.9,8.1,8.5,6.1,2.3,2.0,1.7
134,Panama,4.5,9.2,5.3,-4.5,2.7,4.9,3.6,-1.8,-13.4,1.6,8.1,9.4,8.2,5.5,2.8,1.8,7.4,6.5,7.3,3.9,2.7,0.6,2.2,4.2,7.5,7.2,8.5,12.1,9.9,1.2,5.8,11.3,9.8,6.9,5.1,5.7,5.0,5.6,3.7,3.3,-17.7,15.8,10.8,7.3,2.5,3.0,4.0,4.0,4.0,4.0
135,Papua New Guinea,-2.3,1.1,0.8,3.4,-1.0,3.6,5.7,2.8,2.9,-1.4,-3.1,9.6,13.8,13.3,10.5,-3.4,6.6,-6.3,4.7,1.9,-2.5,-0.1,-0.2,9.0,0.6,4.3,2.5,7.8,-0.3,6.8,10.1,1.1,4.7,3.8,13.5,6.6,5.5,3.5,-0.3,4.5,-3.2,-0.8,5.2,2.9,4.6,3.7,3.4,3.0,3.1,3.1
136,Paraguay,11.7,9.2,-1.4,-3.0,2.8,3.9,0.3,4.1,5.9,5.8,4.1,3.5,1.7,4.9,5.3,6.8,1.6,4.2,0.1,-1.4,-2.3,-0.8,0.0,4.3,4.1,2.1,4.8,5.4,6.5,-0.3,11.1,4.3,-0.7,8.3,5.3,3.0,4.3,4.8,3.2,-0.4,-0.8,4.0,0.2,4.7,3.8,3.8,3.5,3.5,3.5,3.5
137,Peru,7.7,5.5,-0.3,-9.3,3.8,2.1,12.1,7.7,-9.4,-13.4,-5.1,2.2,-0.5,5.2,12.3,7.4,2.8,6.5,-0.4,1.5,2.7,0.6,5.5,4.2,5.0,6.3,7.5,8.5,9.1,1.1,8.3,6.3,6.1,5.9,2.4,3.3,4.0,2.5,4.0,2.2,-10.9,13.4,2.7,-0.6,3.0,2.6,2.3,2.3,2.3,2.3
138,Philippines,5.1,3.4,3.6,1.9,-7.3,-7.3,3.4,4.3,6.8,6.2,3.0,-0.4,0.4,2.2,4.4,4.6,5.9,5.2,-0.5,3.3,4.4,3.0,3.7,5.1,6.6,4.9,5.3,6.5,4.3,1.4,7.3,3.9,6.9,6.8,6.3,6.3,7.1,6.9,6.3,6.1,-9.5,5.7,7.6,5.5,5.8,6.1,6.3,6.3,6.3,6.3
139,Poland,-6.0,-10.0,-4.8,5.6,-0.4,3.9,3.5,2.3,3.3,3.8,-7.2,-7.0,2.0,4.3,5.2,6.7,6.2,7.1,5.0,4.5,4.3,1.2,1.4,3.5,5.0,3.5,6.1,7.1,4.2,2.8,2.9,5.0,1.5,0.9,3.8,4.4,3.0,5.1,5.9,4.4,-2.0,6.9,5.6,0.2,3.0,3.5,3.4,3.1,3.0,2.9
140,Portugal,6.7,3.5,2.2,1.0,-1.0,1.6,3.3,7.6,5.3,6.6,7.9,3.4,3.1,-0.7,1.5,2.3,3.5,4.4,4.8,3.9,3.8,1.9,0.8,-0.9,1.8,0.8,1.6,2.5,0.3,-3.1,1.7,-1.7,-4.1,-0.9,0.8,1.8,2.0,3.5,2.8,2.7,-8.3,5.7,6.8,2.3,1.9,2.3,2.0,1.9,1.9,1.9
141,Puerto Rico,5.199999999999999,1.1,-3.0,0.5,7.3,2.1,8.2,4.9,6.5,4.9,3.8,2.3,4.6,4.6,4.2,4.5,2.3,4.9,6.5,4.4,3.3,9.5,2.2,2.3,2.0,-2.0,-1.4,-1.2,-1.8,-2.0,-0.4,-0.4,0.0,-0.3,-1.2,-1.0,-1.3,-2.9,-4.4,1.7,-4.2,0.4,3.6,0.6,1.0,-0.8,-0.1,1.0,0.6,0.8
142,Qatar,-1.0,-3.9,-8.2,-5.3,16.0,-13.0,3.7,0.9,4.7,5.3,-14.6,-1.5,10.4,-0.9,1.9,0.4,4.2,27.7,10.3,3.8,6.9,4.5,6.9,4.0,19.2,7.8,28.1,18.2,17.5,13.1,17.7,11.3,4.7,5.6,5.3,4.8,3.1,-1.5,1.2,0.7,-3.6,1.6,4.2,1.2,1.5,1.9,5.8,7.9,3.5,1.6
143,Romania,3.3,0.1,3.9,6.0,6.0,-0.1,2.4,0.8,-0.5,-5.8,-5.6,-12.9,-8.8,1.5,3.9,7.1,3.9,-6.1,-4.8,-1.2,2.9,5.2,5.7,2.3,10.4,4.7,8.0,7.2,9.3,-5.5,-3.9,4.5,1.9,0.3,4.1,3.2,2.9,8.2,6.0,3.9,-3.7,5.7,4.1,2.1,1.9,3.3,3.7,3.7,3.4,3.5
144,Russian Federation,99.5,90.0,80.5,71.0,61.5,52.0,42.5,33.0,23.5,14.0,4.5,-5.0,-14.5,-8.7,-12.7,-4.1,-3.6,1.4,-5.3,6.3,10.1,5.1,4.7,7.4,7.1,6.4,8.2,8.6,5.2,-7.8,4.5,4.0,4.0,1.8,0.7,-2.0,0.2,1.8,2.8,2.2,-2.7,5.9,-1.2,3.6,3.6,1.3,1.2,1.2,1.2,1.2
145,Rwanda,-3.6,2.5,-2.5,6.0,13.0,4.4,5.5,-0.3,0.3,-5.7,0.4,-4.3,6.6,-10.4,-41.9,24.5,11.6,14.9,8.3,3.3,8.4,8.5,13.2,2.2,7.5,9.4,9.2,7.7,11.2,6.3,7.3,8.0,8.6,4.7,6.2,8.9,6.0,3.9,8.5,9.4,-3.4,10.9,8.2,8.2,7.0,6.5,6.8,7.2,7.3,7.3
146,Saint Kitts and Nevis,1.3,2.7,6.1,-2.1,9.7,6.4,8.8,8.3,10.4,6.0,5.5,2.3,3.1,5.4,5.4,3.5,5.9,7.3,1.0,3.9,9.7,5.3,1.4,-3.9,4.0,9.7,3.2,0.6,11.2,-3.4,0.0,1.6,-0.5,5.7,7.6,0.7,3.9,0.0,2.1,4.1,-14.6,-1.7,10.5,2.3,4.4,4.3,3.8,3.1,2.9,2.9
147,Saint Lucia,-0.5,5.1,2.1,4.1,8.0,12.6,14.4,3.9,13.9,9.0,9.9,0.4,8.0,0.6,1.6,1.7,2.9,-0.7,6.3,2.7,0.0,-3.4,0.4,4.3,7.3,-0.4,6.5,1.9,4.9,-1.9,0.5,4.9,-0.4,-2.2,1.3,-0.2,3.8,3.4,2.9,-0.7,-24.4,11.6,20.4,2.2,3.9,2.6,2.3,1.8,1.5,1.5
148,Saint Vincent and the Grenadines,2.4,4.6,4.5,2.2,6.6,6.2,5.6,0.4,14.1,1.4,4.1,1.1,6.4,4.3,-1.2,7.8,1.3,3.5,4.1,2.7,1.6,1.6,4.9,6.1,3.7,2.3,6.5,3.1,0.4,-1.2,-4.3,-0.6,1.1,2.5,1.1,2.8,4.1,1.5,3.2,0.7,-4.3,2.1,3.1,5.8,4.5,4.0,2.8,2.7,2.7,2.7
149,Samoa,-6.1,-9.1,-1.0,0.5,2.0,5.8,4.8,0.5,2.9,5.8,-6.4,-2.4,4.1,1.7,6.4,6.6,7.3,0.8,1.1,-0.6,5.1,7.4,5.7,5.2,3.1,6.6,2.1,0.5,3.6,-0.5,2.5,3.8,-3.7,0.1,0.7,3.9,8.0,1.4,-0.6,4.5,-3.1,-7.1,-5.3,8.0,9.7,4.2,2.5,2.1,2.0,2.0
150,San Marino,0.0,0.0,0.0,0.0,0.0,0.0,0.0,0.0,0.0,0.0,0.0,0.0,0.0,0.0,1.5,3.0,4.5,6.0,7.5,9.0,2.2,5.5,0.3,3.9,4.6,2.4,3.8,7.1,-0.4,-10.1,-5.8,-8.5,-7.2,-0.8,-0.6,2.7,2.3,0.3,1.5,2.0,-6.8,14.2,7.9,0.4,0.7,1.3,1.2,1.1,1.3,1.3
151,Saudi Arabia,5.8,3.0,-16.1,-11.0,-4.0,-7.2,1.0,-3.1,6.6,0.4,9.4,8.2,4.6,0.4,1.0,0.3,3.3,2.6,2.8,-0.6,4.7,0.3,-0.7,8.8,8.6,5.9,3.3,2.2,6.2,-1.1,5.0,11.0,5.4,2.5,3.8,4.5,1.9,0.9,3.2,1.1,-3.6,5.1,7.5,-0.8,1.5,4.6,4.4,3.6,3.5,3.5
152,Senegal,-0.8,5.1,7.8,-5.3,3.7,3.3,3.1,6.1,-0.6,4.0,-0.7,2.6,1.2,1.3,-0.2,6.1,1.9,2.7,6.0,6.0,3.9,4.3,0.1,5.6,4.6,4.3,2.3,2.8,3.7,2.8,3.4,1.3,4.0,2.4,6.2,6.4,6.4,7.4,6.2,4.6,1.3,6.5,4.0,4.6,6.0,9.3,4.9,5.1,5.2,4.1
153,Serbia,231.9,219.2,206.5,193.8,181.1,168.4,155.7,143.0,130.3,117.6,104.89999999999999,92.19999999999999,79.49999999999999,66.8,54.099999999999994,41.39999999999999,28.7,16.0,3.3,-9.4,6.1,6.9,6.4,4.4,9.0,5.5,5.1,6.4,5.7,-2.7,0.7,2.0,-0.7,2.9,-1.6,1.8,3.3,2.1,4.5,4.3,-0.9,7.7,2.5,2.5,3.9,4.1,4.0,4.0,4.0,4.0
154,Seychelles,-2.3,-3.9,-2.1,-0.6,4.3,10.3,0.8,4.9,5.3,10.3,7.5,2.8,7.2,7.3,-2.4,0.5,10.0,12.2,2.5,1.9,4.3,-2.3,1.2,-5.9,-2.9,9.0,9.4,10.4,-2.1,-1.1,6.3,5.7,3.8,6.4,4.7,8.9,12.1,7.0,4.9,5.5,-11.7,0.6,15.0,3.2,3.1,3.9,3.4,3.4,3.5,3.5
155,Sierra Leone,-0.6,1.9,1.8,-1.6,1.7,-6.7,0.1,2.4,2.1,5.0,1.6,-8.0,-9.6,0.1,3.5,-10.0,-24.8,-17.6,-0.8,-8.1,3.8,18.2,26.4,10.3,7.8,6.7,4.6,3.7,3.8,1.3,10.1,7.1,6.7,9.4,-0.6,-3.1,4.7,3.9,3.4,5.5,-1.3,5.9,5.3,5.7,4.0,4.5,4.7,4.7,4.7,4.6
156,Singapore,10.1,10.8,7.1,8.6,8.8,-0.6,1.3,10.8,11.3,10.2,9.8,6.7,6.6,11.5,11.1,7.2,7.5,8.3,-2.2,5.7,9.0,-1.1,3.9,4.5,9.9,7.4,9.0,9.0,1.9,0.1,14.5,6.2,4.4,4.8,3.9,3.0,3.6,4.5,3.5,1.3,-3.9,9.7,3.8,1.1,2.6,2.5,2.5,2.5,2.5,2.5
157,Slovak Republic,0.0,0.0,0.0,0.0,0.0,0.0,0.0,0.0,0.0,0.0,0.0,1.0999999999999996,2.8,4.5,6.2,7.9,6.9,4.4,4.1,-0.1,1.2,3.3,4.5,5.5,5.3,6.6,8.5,10.8,5.6,-5.5,6.7,2.7,1.3,0.6,2.7,5.2,1.9,2.9,4.0,2.5,-3.3,4.8,1.9,1.6,2.2,1.9,2.3,2.6,2.6,2.3
158,Slovenia,0.0,0.0,0.0,0.0,0.0,0.0,0.0,0.0,0.0,0.0,0.0,0.0,0.2999999999999998,2.8,5.3,4.1,2.9,5.2,3.1,5.3,3.5,2.8,3.3,3.2,4.5,3.9,5.9,7.1,3.4,-7.6,1.1,0.7,-2.9,-0.8,2.8,2.4,3.0,5.2,4.4,3.5,-4.1,8.4,2.7,2.1,1.5,2.6,2.5,2.5,2.5,2.5
159,Solomon Islands,-2.7,-1.8,-1.7,3.9,0.2,-3.1,-0.2,8.4,1.3,4.3,2.2,6.0,12.7,4.0,8.1,10.1,1.6,-0.9,1.3,-0.5,-14.3,-8.0,-2.8,6.5,6.7,5.5,4.9,4.4,5.8,2.6,8.6,7.3,1.4,5.2,1.2,1.7,5.6,3.1,2.7,1.7,-3.4,2.6,2.4,3.1,2.3,2.5,2.6,3.0,3.0,3.0
160,Somalia,0.0,0.0,0.0,0.0,0.0,0.0,0.0,0.0,0.0,0.0,0.0,0.0,0.0,0.0,0.0,0.0,0.0,0.0,0.0,0.0,0.0,0.0,0.0,0.0,0.0,0.0,0.0,0.0,0.0,0.0,0.0,0.0,1.2,5.7,2.7,4.6,-1.3,9.5,1.4,2.8,-2.8,3.5,2.7,4.2,4.0,4.0,4.1,4.1,4.3,4.5
161,South Africa,6.6,5.4,-0.4,-1.8,5.1,-1.2,0.0,2.1,4.2,2.4,-0.3,-1.0,-2.1,1.2,3.2,3.1,4.3,2.6,0.5,2.4,4.2,2.7,3.7,2.9,4.6,5.3,5.6,5.4,3.2,-1.5,3.0,3.2,2.4,2.5,1.4,1.3,0.7,1.2,1.6,0.3,-6.2,5.0,1.9,0.7,1.1,1.5,1.5,1.5,1.5,1.5
162,"South Sudan, Republic of",0.0,0.0,0.0,0.0,0.0,0.0,0.0,0.0,0.0,0.0,0.0,0.0,0.0,0.0,0.0,0.0,0.0,0.0,0.0,0.0,0.0,0.0,0.0,0.0,0.0,0.0,0.0,0.0,0.0,0.0,0.0,0.0,-50.3,27.3,1.6,-0.2,-13.3,-5.8,-2.1,0.9,-6.5,5.3,-5.2,2.5,-26.4,27.2,25.0,4.9,4.9,4.9
163,Spain,1.2,-0.4,1.2,1.7,1.7,2.4,3.4,5.7,5.3,5.0,3.8,2.5,0.9,-1.3,2.3,4.1,2.4,3.9,4.5,4.7,5.1,3.9,2.8,2.9,3.1,3.6,4.0,3.5,0.8,-3.8,0.1,-0.6,-2.9,-1.4,1.5,4.1,2.9,2.9,2.4,2.0,-10.9,6.7,6.2,2.7,2.9,2.1,1.8,1.6,1.6,1.6
164,Sri Lanka,5.8,5.3,5.2,3.3,6.7,5.0,4.3,1.5,2.7,2.3,6.2,10.8,-3.1,7.5,8.0,6.1,12.2,10.3,-1.6,2.9,8.4,-1.9,3.7,5.9,5.4,6.2,7.7,6.8,6.0,3.5,8.0,8.7,8.6,4.1,6.4,4.2,5.1,6.5,2.3,-0.2,-4.6,4.2,-7.3,,,,,,,
165,Sudan,2.5,6.3,4.1,-1.5,-5.6,-0.6,9.9,6.5,4.3,1.4,0.8,7.0,5.5,2.8,3.5,8.9,5.5,6.1,8.2,4.2,8.4,10.9,5.9,6.3,5.1,5.6,6.5,5.7,3.8,-2.8,3.9,-3.2,-17.0,2.0,4.7,4.9,4.7,0.8,-2.3,-2.5,-3.6,0.5,-2.5,-18.3,-20.3,8.3,13.5,6.9,5.7,4.5
166,Suriname,-6.5,1.9,-6.3,-5.1,-3.0,-0.9,-2.4,-8.8,10.8,2.3,-1.5,-13.8,3.9,-2.2,-7.0,11.3,11.2,7.0,2.2,-0.9,-0.1,4.9,3.7,6.2,7.3,4.9,5.8,5.1,4.1,3.0,5.2,5.8,2.7,2.9,0.3,-3.4,-4.9,1.6,4.9,1.2,-16.0,-2.4,2.4,2.1,3.0,3.0,3.0,3.0,3.0,3.0
167,Sweden,4.6,4.5,1.4,2.1,4.3,2.3,3.0,3.3,2.5,2.7,0.8,-1.1,-0.9,-1.3,4.0,4.1,1.7,3.1,4.2,4.2,4.6,1.4,2.3,1.9,4.2,2.8,4.7,3.2,-0.9,-4.3,5.8,3.2,-0.4,1.1,2.3,4.4,2.3,1.8,1.9,2.5,-2.0,5.9,1.5,-0.2,0.9,2.4,2.2,2.2,2.1,2.1
168,Switzerland,5.1,1.6,-1.3,0.6,3.1,3.7,1.8,1.5,3.3,4.4,3.7,-0.9,-0.1,-0.1,1.3,0.6,0.5,2.2,2.9,1.6,4.1,1.6,0.0,-0.1,2.5,2.9,4.2,3.9,2.7,-2.3,3.2,1.9,1.2,1.9,2.3,1.6,2.1,1.4,2.9,1.2,-2.3,5.6,3.1,0.7,1.3,1.3,1.8,1.2,1.8,1.2
169,Syria,10.5,8.5,2.6,1.6,-6.5,7.3,-4.8,1.3,12.7,-6.1,10.4,10.7,13.2,7.4,5.5,5.4,3.0,-1.1,5.6,-3.1,2.3,3.7,5.9,-2.0,6.9,6.2,5.0,5.7,4.5,5.9,3.4,0.0,0.0,27.299999999999997,104.89999999999999,182.5,260.09999999999997,337.7,415.29999999999995,492.8999999999999,570.5,648.1,725.7,,,,,,,
170,São Tomé and Príncipe,-1.1,-10.3,3.1,-3.9,-6.0,9.3,-5.8,-2.9,2.0,3.1,-2.2,1.2,0.7,1.1,2.2,2.0,1.5,1.0,2.5,2.5,0.4,2.4,2.4,6.6,3.8,7.1,9.1,3.3,8.2,3.3,1.4,2.0,2.9,5.1,4.9,1.5,5.2,4.1,4.4,2.0,2.6,1.9,0.2,0.4,1.1,3.3,4.7,4.1,3.5,3.5
171,Taiwan Province of China,8.0,7.1,4.8,9.0,10.0,4.8,11.5,12.8,8.0,8.7,5.5,8.4,8.3,6.8,7.5,6.5,6.2,6.1,4.2,6.7,6.3,-1.4,5.5,4.2,7.0,5.4,5.8,6.9,0.8,-1.6,10.2,3.7,2.2,2.5,4.7,1.5,2.2,3.3,2.8,3.1,3.4,6.6,2.6,1.3,3.7,2.7,2.6,2.5,2.5,2.1
172,Tajikistan,122.79999999999998,112.5,102.19999999999999,91.89999999999999,81.6,71.3,60.99999999999999,50.699999999999996,40.39999999999999,30.099999999999994,19.799999999999997,9.499999999999998,0.0,-11.1,-21.4,-12.5,-4.4,1.7,5.3,3.7,8.3,10.2,9.1,10.2,10.6,6.7,7.0,7.8,7.9,3.9,6.5,7.4,7.5,7.4,6.7,6.0,6.9,7.1,7.6,7.4,4.4,9.4,8.0,8.3,6.8,4.5,4.5,4.5,4.5,4.5
173,Tanzania,3.3,0.5,0.6,2.4,3.4,4.6,6.6,5.9,4.4,3.8,7.0,2.1,0.6,1.2,1.6,3.6,4.5,3.5,3.7,4.8,4.9,6.0,7.2,6.9,7.8,7.4,4.7,8.5,5.6,5.4,6.4,7.9,5.1,6.8,6.7,6.2,6.9,6.7,7.0,6.9,4.5,4.8,4.7,5.1,5.4,6.0,6.3,6.5,6.5,6.5
174,Thailand,4.6,5.9,5.4,5.6,5.8,4.6,5.5,9.5,13.3,12.2,11.6,8.4,9.2,8.7,8.0,8.1,5.7,-2.8,-7.6,4.6,4.5,3.4,6.1,7.2,6.3,4.2,5.0,5.4,1.7,-0.7,7.5,0.8,7.2,2.7,1.0,3.1,3.4,4.2,4.2,2.1,-6.1,1.6,2.5,1.9,2.8,3.0,2.6,2.7,2.7,2.7
175,Timor-Leste,499.3,476.3,453.3,430.3,407.3,384.3,361.3,338.3,315.3,292.3,269.3,246.3,223.3,200.3,177.3,154.3,131.3,108.3,85.3,62.3,39.3,16.3,-6.7,-2.2,0.4,3.0,-4.1,10.3,11.4,10.1,9.3,6.0,4.9,3.1,4.5,2.8,3.4,-3.1,-0.7,2.1,-7.2,1.6,4.0,2.3,3.0,3.1,3.2,3.1,3.1,3.0
176,Togo,-2.3,-3.4,-3.7,-5.2,5.9,3.7,3.3,-2.5,10.1,4.1,5.9,-0.6,-3.2,-16.3,13.9,19.7,-3.9,3.8,-2.3,2.5,-1.0,0.8,3.8,6.7,-1.0,-4.7,2.7,1.2,4.0,5.5,5.9,5.8,6.3,5.8,5.6,5.5,5.7,4.0,4.8,4.9,2.0,6.0,5.8,5.6,5.3,5.3,5.5,5.5,5.5,5.5
177,Tonga,15.8,14.0,12.8,5.8,44.1,5.6,8.8,1.7,-3.5,1.1,4.7,5.9,-3.8,-0.1,2.0,7.9,0.1,-0.6,2.3,2.3,3.8,1.5,4.5,0.1,-1.9,-0.4,-2.2,-2.5,4.8,-5.2,0.8,6.8,2.4,0.5,1.9,1.3,6.8,3.4,0.9,-0.2,1.3,-1.3,0.0,2.0,1.8,2.4,2.0,1.6,1.4,1.2
178,Trinidad and Tobago,10.4,4.6,3.8,-10.3,-5.8,-4.1,-3.3,-4.6,-3.9,-0.8,1.5,3.1,10.1,-0.7,3.6,3.8,7.1,7.5,8.1,8.0,6.9,3.7,7.2,13.9,7.3,5.9,14.2,4.3,3.3,-4.8,3.5,-0.2,5.4,3.5,3.9,-0.8,-7.5,-4.8,-0.6,0.4,-9.1,-1.0,1.5,1.1,1.6,2.4,1.0,2.2,2.8,2.8
179,Tunisia,7.4,5.5,-0.5,4.7,5.7,5.7,-1.5,6.7,0.1,2.6,7.1,4.1,8.0,2.5,3.6,2.7,6.9,5.7,5.0,6.0,4.3,3.8,1.3,4.7,6.2,3.5,5.2,6.7,4.2,3.0,3.5,-2.0,4.2,2.4,3.1,1.0,1.1,2.3,2.6,1.6,-9.0,4.7,2.7,0.0,1.6,1.6,1.5,1.5,1.3,1.2
180,Turkmenistan,84.9,77.60000000000001,70.30000000000001,63.0,55.7,48.400000000000006,41.10000000000001,33.800000000000004,26.5,19.200000000000003,11.900000000000002,4.600000000000001,0.0,-10.0,-17.3,-7.2,-6.7,-11.3,6.7,16.5,18.6,20.4,15.8,17.1,14.7,13.0,11.0,11.1,14.7,6.1,16.0,12.7,7.2,-1.8,3.6,2.2,-0.5,2.1,1.7,-3.7,-2.1,-0.3,5.3,2.0,2.3,2.3,2.3,2.3,2.3,2.3
181,Tuvalu,0.0,0.0,0.0,0.0,0.0,0.0,0.0,0.0,0.0,0.0,0.0,0.0,0.0,0.0,0.0,0.0,0.0,0.0,0.0,0.0,0.0,0.7,8.3,-4.4,-1.9,-3.7,1.3,6.9,6.6,-5.6,-2.5,7.5,-2.9,3.8,1.7,9.4,4.8,3.3,1.4,13.9,-3.3,0.2,0.4,3.9,3.5,3.0,2.5,2.2,2.1,2.0
182,"Türkiye, Republic of",-0.8,4.4,3.4,4.8,6.8,4.3,6.9,10.0,2.1,0.3,9.3,0.9,6.0,8.0,-5.5,7.2,7.0,7.5,3.1,-3.3,6.9,-5.8,6.4,5.8,9.8,9.0,6.9,5.0,0.8,-4.8,8.4,11.2,4.8,8.5,4.9,6.1,3.3,7.5,3.0,0.8,1.9,11.4,5.5,5.1,3.0,2.7,3.2,3.4,3.7,3.9
183,Uganda,-3.4,3.9,8.2,4.9,-3.0,-3.0,0.9,4.0,8.3,6.4,6.5,1.8,5.9,6.7,7.7,9.2,6.6,4.6,6.1,8.0,3.9,8.8,7.1,6.2,5.8,10.0,7.0,8.1,10.4,8.1,7.5,7.7,2.3,3.9,5.7,8.0,0.2,6.8,5.6,7.6,-1.1,5.5,6.3,4.6,5.9,7.5,12.3,6.2,6.1,5.9
184,Ukraine,41.69999999999999,37.39999999999999,33.09999999999999,28.79999999999999,24.499999999999993,20.199999999999996,15.899999999999993,11.599999999999993,7.299999999999995,2.9999999999999964,0.0,0.0,-9.9,-14.2,-22.9,-12.2,-10.0,-3.0,-1.9,-0.2,5.9,8.8,5.3,9.5,11.8,3.1,7.6,8.2,2.2,-15.1,4.1,5.5,0.2,0.0,-6.6,-9.8,2.4,2.4,3.5,3.2,-3.8,3.4,-28.8,5.3,3.0,2.5,5.3,4.5,4.3,4.2
185,United Arab Emirates,-1.8,8.0,-7.2,-5.2,4.5,-2.5,-19.3,5.3,-2.6,15.7,23.6,2.2,3.1,0.3,7.4,6.6,5.4,8.6,0.9,3.8,12.3,1.4,2.4,8.8,9.6,4.9,9.8,3.2,3.2,-5.2,5.3,6.2,1.8,5.1,4.2,6.8,5.6,0.7,1.3,1.1,-5.0,4.4,7.5,3.6,4.0,5.1,5.1,4.7,4.4,4.3
186,United Kingdom,-2.1,-0.7,2.0,4.2,2.2,4.1,3.1,5.4,5.4,2.4,0.6,-1.4,0.2,2.3,3.4,2.4,2.6,4.9,3.4,3.1,4.3,2.6,1.8,3.2,2.5,2.7,2.4,2.6,-0.2,-4.6,2.2,1.1,1.5,1.8,3.2,2.2,1.9,2.7,1.4,1.6,-10.3,8.6,4.8,0.3,1.1,1.5,1.5,1.5,1.4,1.3
187,United States,-0.3,2.5,-1.8,4.6,7.2,4.2,3.5,3.5,4.2,3.7,1.9,-0.1,3.5,2.8,4.0,2.7,3.8,4.4,4.5,4.8,4.1,1.0,1.7,2.8,3.8,3.5,2.8,2.0,0.1,-2.6,2.7,1.6,2.3,2.1,2.5,2.9,1.8,2.5,3.0,2.6,-2.2,6.1,2.5,2.9,2.8,2.2,2.0,2.1,2.1,2.1
188,Uruguay,6.0,1.9,-9.4,-5.9,-1.5,0.3,7.5,5.9,0.5,1.1,0.3,3.5,7.9,2.7,7.3,-1.4,5.6,5.5,4.5,-1.9,-1.9,-3.8,-7.7,0.8,5.0,7.5,4.1,6.5,7.2,4.2,7.8,5.2,3.5,4.6,3.2,0.4,1.7,1.7,0.2,0.9,-7.4,5.6,4.7,0.4,3.2,3.0,2.6,2.4,2.3,2.2
189,Uzbekistan,0.0,0.0,0.0,0.0,0.0,0.0,0.0,0.0,0.0,0.0,0.0,0.0,-11.1,-2.3,-5.2,-0.9,1.7,5.2,4.3,4.3,3.8,4.2,4.0,4.2,7.4,7.0,7.5,9.5,9.0,8.1,7.1,7.5,7.1,7.3,6.9,7.2,5.9,4.4,5.6,6.8,1.6,8.0,6.0,6.3,5.6,5.7,5.7,5.7,5.7,5.7
190,Vanuatu,5.5,4.4,2.0,3.0,9.6,1.0,-0.1,-2.9,-1.7,1.5,11.7,3.1,2.6,0.7,9.1,1.0,2.3,4.9,1.2,0.3,5.9,-3.4,-5.2,4.3,4.0,5.3,8.5,2.9,5.6,3.0,1.3,3.1,1.0,0.5,3.1,0.4,4.7,6.3,2.9,3.2,-5.0,-1.6,1.9,2.2,0.9,1.5,2.1,2.5,2.0,2.0
191,Venezuela,-4.9,-1.3,2.6,-9.9,5.2,0.9,6.1,4.8,6.5,-13.9,6.5,9.7,6.1,0.3,-2.3,4.0,-0.2,6.4,0.3,-6.0,3.7,3.4,-8.9,-7.8,18.3,10.3,9.9,8.8,5.3,-3.2,-1.5,4.2,5.6,1.3,-3.9,-6.2,-17.0,-15.7,-19.7,-27.7,-30.0,1.0,8.0,4.0,3.0,3.0,,,,
192,Vietnam,-3.5,5.8,8.2,7.1,8.4,5.6,3.4,2.5,5.1,7.8,5.0,5.8,8.7,8.1,8.8,9.5,9.3,8.2,5.8,4.8,6.8,6.9,7.1,7.3,7.8,7.5,7.0,7.1,5.7,5.4,6.4,6.4,5.5,5.6,6.4,7.0,6.7,6.9,7.5,7.4,2.9,2.6,8.1,5.0,6.1,6.1,6.0,5.8,5.8,5.6
193,West Bank and Gaza,95.59999999999998,89.69999999999999,83.79999999999998,77.89999999999999,71.99999999999999,66.1,60.199999999999996,54.3,48.4,42.5,36.599999999999994,30.699999999999996,24.799999999999997,18.9,13.0,7.1,1.2,14.7,14.3,8.3,-8.6,-9.3,-12.5,14.0,21.9,11.3,-1.0,3.8,7.4,8.6,5.8,9.6,6.1,4.7,-0.2,3.7,8.9,1.4,1.2,1.4,-11.3,7.0,4.1,-5.4,,,,,,
194,Yemen,0.0,0.0,0.0,0.0,0.0,0.0,0.0,0.0,0.6000000000000014,2.500000000000001,4.4,6.3,8.2,4.0,6.7,5.7,4.6,5.2,6.0,3.8,6.2,3.8,3.9,3.7,4.0,5.6,3.2,3.3,3.6,3.9,7.7,-12.7,2.4,4.8,-0.2,-28.0,-9.4,-5.1,0.8,2.1,-8.5,-1.0,1.5,-2.0,-1.0,1.5,7.0,6.5,6.0,5.5
195,Zambia,3.9,6.6,-2.9,-1.1,-1.7,1.2,1.7,1.5,9.3,-3.7,-0.6,-0.7,2.1,-0.1,-13.3,2.9,6.2,3.8,-0.4,4.7,3.9,5.3,4.5,6.9,7.0,7.2,7.9,8.4,7.8,9.2,10.3,5.6,7.6,5.1,4.7,2.9,3.8,3.5,4.0,1.4,-2.8,6.2,5.2,5.4,2.3,6.6,5.9,5.6,5.1,4.9
196,Zimbabwe,57.8,54.7,51.6,48.5,45.4,42.3,39.2,36.1,33.0,29.9,26.8,23.7,20.599999999999998,17.5,14.4,11.3,8.200000000000001,5.1,2.0,-1.1,-4.2,-0.5,-7.7,-16.2,-6.3,-7.4,-3.6,-3.4,-16.3,7.4,20.0,14.2,16.7,2.1,2.4,1.8,0.8,5.2,5.0,-6.3,-7.8,8.5,6.1,5.3,2.0,6.0,4.5,3.5,3.5,3.5
197,Africa (Region),22.9,21.0,19.099999999999998,17.2,15.299999999999999,13.399999999999999,11.5,9.6,7.699999999999999,5.8,3.9,2.0,0.1,1.0,2.6,2.8,5.1,3.2,4.0,3.1,4.2,4.5,5.0,5.2,6.0,5.8,5.8,6.1,5.3,3.1,6.0,3.0,5.8,3.7,3.9,3.4,2.2,3.6,3.4,3.1,-1.4,4.7,4.3,3.3,3.0,4.2,4.4,4.3,4.4,4.4
198,Asia and Pacific,4.5,5.2,4.2,5.5,6.4,5.7,5.4,6.8,7.7,5.4,5.7,4.8,5.5,5.1,5.4,6.4,6.4,4.6,1.4,4.5,5.6,3.7,5.0,6.0,6.9,7.0,7.4,8.1,4.8,3.9,8.0,6.1,5.6,5.8,5.5,5.6,5.4,5.7,5.3,4.2,-0.8,7.1,4.1,4.9,4.5,4.4,4.3,4.1,4.0,4.0
199,Australia and New Zealand,2.6,3.9,0.5,-0.4,6.4,4.8,2.3,4.5,3.7,4.0,1.3,-1.0,2.3,4.1,5.0,3.2,4.0,4.4,4.1,4.4,3.3,2.6,4.2,3.2,4.2,3.1,2.7,4.2,2.2,1.5,2.3,2.6,3.6,2.2,2.8,2.5,2.9,2.5,2.9,2.0,-2.0,5.5,3.7,1.8,1.1,2.1,2.3,2.2,2.3,2.4
200,Caribbean,3.9,2.2,0.1,-1.6,-0.1,0.1,2.0,1.8,0.5,1.8,1.6,0.4,2.3,0.0,-0.6,5.1,4.1,3.4,2.8,3.6,3.0,1.7,2.6,5.5,3.0,3.3,6.1,3.6,1.7,-1.4,0.0,2.2,2.3,2.4,2.1,0.5,-1.1,0.3,1.7,0.4,-5.6,4.7,13.1,7.5,11.9,5.5,6.5,8.5,6.3,5.9
201,Central America,2.3,1.5,-1.7,0.6,2.2,0.4,2.3,4.1,-0.1,3.2,2.1,2.4,7.2,5.4,3.3,4.6,3.8,5.6,5.4,4.0,3.5,2.4,3.3,2.2,4.0,5.6,6.9,7.2,4.5,-0.1,5.1,5.2,4.7,4.3,4.7,4.9,4.5,4.3,3.9,3.4,-6.8,11.1,5.4,4.1,3.8,3.8,4.0,4.1,4.1,4.1
202,Central Asia and the Caucasus,127.1,117.49999999999999,107.89999999999999,98.3,88.69999999999999,79.1,69.5,59.89999999999999,50.3,40.699999999999996,31.099999999999998,21.5,11.899999999999999,2.3,-7.3,3.8,5.6,6.5,2.8,-1.1,7.2,-1.1,7.1,6.8,9.5,9.7,8.8,7.4,2.9,-1.2,8.1,9.6,5.2,7.4,4.8,4.9,2.8,6.2,3.3,2.1,0.4,8.7,5.2,5.0,3.5,3.4,3.5,3.6,3.6,3.9
203,East Asia,4.1,4.8,4.7,6.0,7.5,7.1,5.7,7.6,8.3,5.0,5.0,5.8,5.5,5.0,6.1,6.3,6.1,4.9,2.1,4.5,6.0,4.1,5.2,5.8,6.6,7.1,7.9,9.2,5.4,4.1,8.6,6.6,5.7,5.9,5.5,5.3,5.2,5.6,5.3,4.5,1.0,7.3,2.6,4.3,4.0,3.8,3.5,3.1,2.9,2.8
204,Eastern Europe ,-0.9,-2.7,0.5,4.5,2.9,1.6,3.1,2.4,1.4,0.0,-6.4,-10.2,-11.3,-7.0,-8.6,-1.8,-0.4,1.5,-1.3,3.7,7.1,4.6,4.3,6.2,7.2,5.6,7.5,7.7,4.8,-6.2,3.3,3.9,2.4,1.3,1.2,-0.1,1.4,3.2,3.7,3.0,-3.0,5.9,-0.4,2.6,3.1,2.1,2.2,2.1,2.1,2.1
205,Europe,1.4,-0.2,0.7,2.0,2.6,2.6,2.7,2.9,4.0,3.5,2.5,1.1,-1.8,-1.8,0.2,1.7,1.4,2.7,2.2,3.2,4.7,2.7,1.8,2.3,3.5,2.9,4.3,4.1,1.5,-4.8,2.5,2.3,0.3,0.5,1.6,1.6,1.7,2.8,2.3,2.0,-5.4,6.4,2.4,1.2,1.6,1.6,1.7,1.6,1.6,1.5
206,Middle East (Region),-2.1,1.9,-1.3,0.4,-0.5,-0.4,-3.8,1.1,0.1,3.7,9.8,8.1,7.5,2.3,2.3,3.1,4.5,3.8,3.0,1.2,6.1,1.6,2.4,5.5,10.0,4.9,5.8,5.4,4.5,0.8,5.6,6.4,3.1,2.6,3.6,2.3,5.4,1.1,1.5,0.6,-3.1,4.4,6.2,1.3,1.9,3.8,4.1,3.6,3.3,3.2
207,North Africa,0.5,-2.6,5.7,4.1,4.1,5.6,1.1,-0.1,3.3,4.0,2.5,4.4,0.0,-0.1,3.6,0.7,5.5,2.8,6.0,4.1,4.3,3.8,3.1,5.8,4.6,5.1,5.2,5.5,5.0,2.9,4.8,0.0,8.9,1.9,2.0,3.6,3.3,5.0,4.1,3.2,-0.9,4.8,4.8,3.8,2.9,4.0,4.2,4.1,4.4,4.4
208,North America,1.1,3.5,-1.7,3.3,6.7,3.9,2.6,3.4,3.9,3.6,2.1,0.2,3.3,2.8,4.1,1.8,3.9,4.7,4.6,4.6,4.3,0.9,1.6,2.6,3.8,3.3,3.0,2.0,0.3,-3.0,2.9,1.9,2.4,2.0,2.5,2.7,1.7,2.4,2.8,2.2,-3.0,6.0,2.7,2.8,2.5,2.1,2.0,2.1,2.1,2.1
209,Pacific Islands ,-1.9,2.7,0.2,0.8,4.2,0.9,5.6,-0.3,3.0,4.2,0.6,4.7,10.6,8.9,8.5,-0.5,5.7,-4.4,3.3,3.8,-2.1,0.5,1.1,6.0,2.4,2.6,2.5,4.7,0.6,3.9,7.6,2.0,3.4,3.9,10.4,5.7,4.8,4.0,0.9,3.1,-6.1,-1.6,8.0,4.0,4.2,3.5,3.3,3.0,3.1,3.0
210,South America,5.4,-2.4,-0.5,-2.6,4.3,3.5,7.1,3.8,1.1,-0.4,-1.1,4.2,3.4,4.6,4.9,3.5,2.7,4.9,1.3,-1.4,3.0,0.8,0.0,2.3,7.3,5.3,5.8,6.8,5.0,-1.1,6.7,5.0,2.6,3.4,0.5,-1.0,-2.3,0.9,0.5,0.0,-6.3,7.5,4.0,1.5,1.8,2.7,2.7,2.7,2.6,2.5
211,South Asia,6.6,5.8,4.1,6.6,4.2,5.6,5.0,4.1,8.3,5.4,5.4,2.3,5.5,4.4,6.1,6.9,7.3,4.0,5.4,7.6,4.1,4.5,3.6,7.2,7.6,7.7,7.6,7.2,3.6,6.6,7.5,5.2,5.4,6.0,6.8,7.3,7.6,6.6,6.4,4.1,-4.5,8.9,6.6,7.0,6.4,6.0,6.3,6.3,6.3,6.3
212,Southeast Asia,6.7,6.5,4.2,4.7,4.9,1.7,4.9,6.5,8.5,9.2,8.4,7.3,6.8,7.8,7.8,8.0,7.4,4.0,-7.1,3.4,5.9,3.4,5.2,5.9,6.5,5.7,6.0,6.6,5.1,2.4,7.4,4.9,6.1,5.1,4.8,4.9,5.1,5.4,5.3,4.7,-3.3,3.4,5.5,4.1,4.6,4.7,4.6,4.6,4.6,4.6
213,Sub-Saharan Africa (Region) ,3.7000000000000006,3.4000000000000004,3.1,2.8000000000000003,2.5000000000000004,2.2,1.9000000000000004,1.6,1.3000000000000003,1.0,0.7000000000000001,0.4,0.1,1.6,1.9,4.2,4.8,3.5,2.7,2.4,4.1,5.0,6.2,4.9,6.8,6.3,6.1,6.5,5.5,3.2,6.8,4.6,4.0,4.7,4.9,3.3,1.7,2.9,3.1,3.0,-1.6,4.6,3.9,3.0,3.1,4.3,4.6,4.4,4.4,4.4
214,Western Europe,1.7,0.1,0.8,1.8,2.5,2.7,2.7,3.0,4.2,3.8,3.2,2.0,1.2,-0.2,2.7,2.6,1.9,3.1,3.1,3.0,4.0,2.2,1.0,1.1,2.3,1.9,3.2,2.8,0.3,-4.3,2.2,1.6,-0.5,0.2,1.7,2.2,1.8,2.6,1.7,1.6,-6.5,6.6,3.7,0.5,0.9,1.3,1.5,1.4,1.3,1.2
215,Western Hemisphere (Region),2.1,2.2,-1.4,2.0,6.1,3.8,3.5,3.5,3.2,2.8,1.5,1.0,3.4,3.2,4.2,2.2,3.6,4.8,4.0,3.4,4.0,0.9,1.3,2.5,4.4,3.7,3.6,3.1,1.3,-2.5,3.8,2.6,2.5,2.3,2.1,2.0,0.9,2.1,2.4,1.8,-3.7,6.4,3.1,2.6,2.5,2.3,2.2,2.3,2.3,2.2
216,ASEAN-5,7.6,6.5,3.8,4.5,4.6,1.3,5.2,7.0,9.0,9.4,8.8,7.5,6.7,7.9,7.7,7.9,7.3,3.7,-8.7,3.1,5.6,2.7,4.9,5.5,6.2,5.3,5.7,6.4,4.9,1.9,7.6,4.6,6.2,4.9,4.4,4.6,4.8,5.2,5.0,4.2,-4.4,4.1,5.4,4.0,4.5,4.5,4.5,4.5,4.5,4.5
217,Advanced economies,1.3,1.8,0.2,3.2,4.8,3.7,3.3,3.8,4.7,4.0,3.1,1.6,2.2,1.3,3.4,2.9,3.0,3.5,2.8,3.6,4.2,1.6,1.6,2.0,3.3,2.8,3.1,2.8,0.3,-3.4,3.1,1.8,1.2,1.5,2.1,2.4,1.8,2.6,2.3,1.9,-4.0,6.0,2.9,1.7,1.8,1.8,1.8,1.7,1.7,1.7
218,Emerging and Developing Asia,6.8,5.8,5.0,6.9,7.4,6.5,6.1,7.1,9.3,6.2,5.9,5.9,8.8,8.9,9.2,8.8,8.4,6.0,2.9,6.6,6.4,6.0,6.5,8.2,8.4,8.9,9.7,10.6,7.0,7.4,9.2,7.5,7.0,6.8,6.8,6.8,6.8,6.6,6.4,5.3,-0.5,7.7,4.4,5.7,5.3,5.0,4.9,4.6,4.5,4.5
219,Emerging and Developing Europe,-0.8,-0.6,1.4,4.6,4.1,2.4,4.3,5.0,1.6,0.1,-0.4,-5.7,-8.8,-4.6,-8.7,-0.5,0.4,2.5,-0.8,2.6,7.5,2.8,4.8,6.2,7.9,6.2,7.4,7.2,4.3,-5.8,4.4,5.6,3.1,2.9,1.9,0.9,1.7,4.2,3.6,2.5,-1.8,7.1,0.6,3.3,3.2,2.2,2.5,2.4,2.5,2.5
220,Emerging market and developing economies,3.9,2.3,1.7,1.9,4.3,3.6,3.6,4.2,4.1,3.3,3.6,3.9,2.1,2.9,2.8,3.8,5.0,4.7,2.4,3.5,5.6,3.7,4.3,6.1,7.7,6.9,7.8,8.1,5.6,2.5,7.2,6.1,5.2,4.9,4.7,4.3,4.4,4.8,4.7,3.7,-1.8,7.0,4.0,4.4,4.2,4.2,4.2,4.0,3.9,3.9
221,Euro area,27.8,25.6,23.4,21.2,19.0,16.8,14.600000000000001,12.4,10.200000000000001,8.0,5.800000000000001,3.6,1.4,-0.8,2.5,2.9,1.7,2.7,3.0,3.0,3.8,2.1,0.9,0.7,2.3,1.8,3.3,3.0,0.4,-4.5,2.1,1.7,-0.9,-0.2,1.4,2.1,1.8,2.6,1.8,1.6,-6.1,6.2,3.3,0.4,0.8,1.2,1.5,1.4,1.3,1.2
222,European Union,1.8,-0.2,0.6,1.7,2.6,2.2,2.7,2.6,3.8,3.6,2.8,1.6,1.0,-0.6,2.7,2.9,2.1,2.7,3.0,2.9,4.0,2.2,1.3,1.2,2.8,2.2,3.8,3.3,0.9,-4.2,2.0,2.0,-0.7,0.0,1.7,2.5,2.0,3.0,2.2,2.0,-5.6,6.4,3.7,0.6,1.1,1.6,1.7,1.6,1.6,1.5
223,Latin America and the Caribbean,6.3,1.4,-0.4,-3.0,3.9,2.8,3.8,3.3,1.0,0.9,0.9,4.0,3.6,4.1,4.6,1.1,3.7,5.6,3.0,0.2,3.6,0.5,0.1,2.1,6.0,4.4,5.6,5.5,3.9,-2.3,6.1,4.6,3.0,2.8,1.3,0.4,-0.8,1.4,1.1,0.2,-6.9,7.4,4.2,2.2,2.1,2.5,2.7,2.8,2.7,2.6
224,Major advanced economies (G7),0.9,1.8,-0.1,3.3,5.0,3.8,3.1,3.5,4.7,3.8,2.8,1.3,2.1,1.1,3.0,2.5,2.8,3.2,2.9,3.2,3.8,1.3,1.1,1.9,2.9,2.6,2.6,2.1,0.0,-3.7,2.9,1.7,1.3,1.5,2.0,2.2,1.6,2.4,2.1,1.7,-4.2,5.8,2.6,1.9,1.7,1.7,1.7,1.6,1.6,1.6
225,Middle East and Central Asia,-0.8,1.0,1.5,1.9,1.0,2.1,-1.1,1.1,1.8,4.0,6.8,6.7,4.7,0.5,1.6,1.9,4.7,3.3,3.8,2.6,5.5,3.3,3.3,6.0,8.4,5.9,6.4,6.0,4.9,1.7,5.2,4.4,4.4,2.9,3.4,2.9,4.3,2.6,2.7,1.9,-2.2,4.4,5.5,2.1,2.4,3.9,4.2,3.9,3.8,3.8
226,Other advanced economies,3.6,4.2,2.2,4.0,6.5,4.4,5.5,6.5,5.5,4.6,4.4,3.7,3.9,4.2,6.2,5.3,4.8,4.6,1.0,5.6,5.9,2.2,3.9,2.7,5.2,4.2,4.8,5.2,1.8,-0.8,6.0,3.4,2.2,2.6,3.0,2.4,2.7,3.2,2.8,2.0,-1.6,5.9,2.7,1.8,2.1,2.2,2.3,2.2,2.2,2.1
227,Sub-Saharan Africa,3.400000000000001,3.1000000000000005,2.8000000000000003,2.5000000000000004,2.2000000000000006,1.9000000000000004,1.6000000000000003,1.3000000000000003,1.0000000000000002,0.7000000000000001,0.4,0.1,-0.2,1.5,1.9,3.9,4.8,3.4,2.4,2.3,3.8,4.6,6.2,4.7,6.9,6.3,6.0,6.6,5.6,3.6,7.0,5.0,5.0,4.9,5.0,3.2,1.5,3.0,3.3,3.2,-1.6,4.8,4.1,3.6,3.6,4.2,4.4,4.3,4.4,4.4
228,World,2.2,2.0,0.7,2.7,4.6,3.7,3.4,3.9,4.5,3.7,3.2,2.4,2.2,1.9,3.2,3.3,3.9,4.0,2.6,3.6,4.8,2.5,2.8,3.8,5.3,4.7,5.3,5.3,2.9,-0.4,5.2,4.0,3.3,3.4,3.5,3.4,3.3,3.8,3.6,2.9,-2.7,6.6,3.6,3.3,3.2,3.2,3.3,3.2,3.1,3.1
229,,3.400000000000001,3.1000000000000005,2.8000000000000003,2.5000000000000004,2.2000000000000006,1.9000000000000004,1.6000000000000003,1.3000000000000003,1.0000000000000002,0.7000000000000001,0.4,0.1,0.0,0.0,0.0,0.0,0.0,0.0,0.0,0.0,0.0,0.0,0.0,0.0,0.0,0.0,0.0,0.0,0.0,0.0,0.0,0.0,0.0,0.0,0.0,0.0,0.0,0.0,0.0,0.0,0.0,0.0,0.0,,,,,,,
230,"©IMF, 2024",3.400000000000001,3.1000000000000005,2.8000000000000003,2.5000000000000004,2.2000000000000006,1.9000000000000004,1.6000000000000003,1.3000000000000003,1.0000000000000002,0.7000000000000001,0.4,0.1,0.0,0.0,0.0,0.0,0.0,0.0,0.0,0.0,0.0,0.0,0.0,0.0,0.0,0.0,0.0,0.0,0.0,0.0,0.0,0.0,0.0,0.0,0.0,0.0,0.0,0.0,0.0,0.0,0.0,0.0,0.0,,,,,,,
