,Country Name,Country Code_x,Country Code_y,ID,1960,1961,1962,1963,1964,1965,1966,1967,1968,1969,1970,1971,1972,1973,1974,1975,1976,1977,1978,1979,1980,1981,1982,1983,1984,1985,1986,1987,1988,1989,1990,1991,1992,1993,1994,1995,1996,1997,1998,1999,2000,2001,2002,2003,2004,2005,2006,2007,2008,2009,2010,2011,2012,2013,2014,2015,2016,2017,2018,2019,2020,2021,2022,2023
0,Afghanistan,AFG,AFG,1.5,,,,,,,,,,,,,,,,,,,,18.0,,,,,,,,,,,,,,,,,,,,,,,,,,,,,,,,31.0,,,,33.7538407,,,,,,37.0,,
1,Africa Eastern and Southern,,AFE,2.0,,,,,,,,,,,,,,,,,,,,,,,,,,,,56.86621094,57.26845932,57.61875153,58.14876175,58.18180084,58.46995163,58.91260147,59.34590149,59.92193985,60.44985962,61.19145966,61.40491104,62.26570892,62.77009964,63.25819016,63.95227051,64.44235229,64.67675018,64.13368225,62.17927933,63.13407898,63.36717987,64.0625,64.80999756,66.87127686,68.54786682,69.38085938,70.03530884,70.44709015,71.1051712,71.02998352,71.49539948,72.65866089,72.85575867,72.63890839,72.98155975,73.27510834
2,Africa Western and Central,,AFW,2.0,,,,,,,,,,,,,,,,,,,,,,,,,,40.29465103,40.55083084,41.29013824,41.97092819,42.79779053,43.57051849,44.36270905,45.13663101,45.95827103,46.83008957,47.00222015,47.86489105,48.86634064,50.23897171,51.08980942,47.57738113,48.76512146,49.49760818,50.07910919,51.42786026,51.54042053,52.22362137,50.28770065,50.72983932,50.85757065,51.41707993,52.02648926,52.57310867,53.42174911,54.14113998,55.0066185,55.46577835,56.47219849,59.74734879,59.55366898,59.70323944,60.0073204,60.29085159,60.50555038
3,Albania,ALB,ALB,1.5,,,,,,,,,,,,,,,,,,,,,,,,,,,,,,,,,,,,,,,,,,99.0,,,,,,,96.0,,,97.0,97.0,,,97.5539,,98.81623038500001,,,,,98.5,
4,Algeria,DZA,DZA,1.5,,,,,,,,,,,,,,,,,,,,,,,,,,,,50.0,,,,,,,,,,,,,,,70.0,,,,73.0,,75.0,,,,,,,79.6084,,,81.40783845499999,,,,,
5,American Samoa,ASM,ASM,1.5,,,,,,,,,,,,,,,,,,,,,97.0,,,,,,,,,,,,,,,,,,,,,,,,,,,,,,,,,,,,,,,,,,,
6,Andorra,AND,AND,1.5,,,,,,,,,,,,,,,,,,,,,,,,,,,,,,,,,,,,,,,,,,,,,,,,,,,,,,,,,,,,,,,,
7,Angola,AGO,AGO,1.5,,,,,,,,,,,,,,,,,,,,,,,,,,,,,,,,,,,,,,,,,,67.0,,,,,,,,,,,,,66.0,66.235861365,,,,,,,72.400000765,
8,Anguilla,AIA,,1.0,,,,,,,,,,,,,,,,,,,,,,,,,,,,,,,,,,,,,,,,,,,,,,,,,,,,,,,,,,,,,,,,
9,Antigua and Barbuda,ATG,ATG,1.5,,,,,,,,,,,,,,,,,,,,,,,,,,,,,,,,,,,,,,,,,,99.0,,,,,,,,,,,,,98.95,,,,,,,,,
10,Arab World,,ARB,1.5,,,,,,,,,,,,,,,,,,,46.47531128,46.95946884,47.53025818,48.10424042,48.78091812,48.89918137,49.71409988,50.51200104,51.31388092,52.097229,52.9797287,53.85493088,54.79576874,55.80374908,56.89017105,57.67678833,58.62234879,59.60628891,60.74340057,61.85475159,63.05041885,64.12461853,65.56874829,66.26094818,67.29463196,70.01904297,70.86917114,71.40384674,69.19499969,70.04464722,71.01017761,69.74595642,73.90214926,72.20359039,73.068367,73.81128693,74.31661224,75.02053833,73.71795654,74.21221161,74.55412292,74.80751801,75.12145996,75.53957367,75.81845856,76.15425873
11,Arab World (WB),,,1.0,,,,,,,,,,,,,,,,,,,,46.95947,47.53026,48.10424,48.78092,48.89918,49.7141,50.512,51.31388,52.09723,52.97973,53.85493,54.79577,55.80375,56.89017,57.67679,58.62235,59.60629,60.7434,61.85475,63.05042,64.12462,65.13143,66.26095,67.29463,70.01904,70.86917,71.40385,69.195,70.04465,71.01018,69.74596,70.43971,72.20359,73.06837,73.81129,74.31661,75.02054,73.71796,74.21221,74.55412,74.80752,75.12146,75.53957,75.81846,76.15426
12,Argentina,ARG,ARG,1.5,,,,,,,,,,,93.0,,,,,,,,,94.2,94.0,,,,,,,,,,,96.0,,,,,,,,,,97.0,,,,,,,,,,,,,98.03402,98.08997,,,,,,,,
13,Armenia,ARM,ARM,1.5,,,,,,,,,,,,,,,,,,,,,,,,,,,,,,99.0,,,,,,,,,,,,99.0,,,,,,,,,,100.0,,,,99.76842,100.0,100.0,,,100.0,,,
14,Aruba,ABW,ABW,1.5,,,,,,,,,,,,,,,,,,,,,,,,,,,,,,,,,,,,,,,,,97.0,,,,,,,,,,97.0,,,,,97.5242,,,,,97.98999893,,,
15,Australia,AUS,AUS,1.5,,,,,,,,,,,,,,,,,,,,,,,,,,,,,,,,,,,,,,,,,,,,,,,,,,,,,,,,,,,,,,,,
16,Austria,AUT,AUT,1.5,,,,,,,,,,,,,,,,,,,,,,,,,,,,,,,,,,,,,,,,,,,,,,,,,,,,,,,,,,,,,,,,
17,Azerbaijan,AZE,AZE,1.5,,,,,,,,,,,,,,,,,,,,,,,,,,,,,,,,,,,,,,,,99.0,,,,,,,,100.0,,100.0,100.0,100.0,100.0,100.0,100.0,100.0,100.0,100.0,,100.0,,,,100.0
18,Bahamas,BHS,,1.0,,,,,,,,,,,,,,,,,,,,,,,,,,,,,,,,,,,,,,,,,,,,,,,,,,,,,,,,,,,,,,,,
19,"Bahamas, The",,BHS,2.0,,,,,,,,,,,,,,,,,,,,,,,,,,,,,,,,,,,,,,,,,,,,,,,,,,,,,,,,,,,,,,,,
20,Bahrain,BHR,BHR,1.5,,,,,,,,,,,,,,,,,,,,,,70.0,,,,,,,,,,84.0,,,,,,,,,,87.0,,,,,,,,,94.55679,92.300001525,,,,95.71726,,,,,,,98.0,98.0
21,Bangladesh,BGD,BGD,1.5,,,,,,,,,,,,,,,,,,,,,,29.0,,,,,,,,,,35.0,,,,,,,,,,47.0,,,,,,46.66360046,,,,59.0,58.0,61.0,61.0,65.0,73.0,73.0,74.0,75.0,75.0,76.0,,
22,Barbados,BRB,BRB,1.5,,,,,,,,,,,99.0,,,,,,,,,,99.5,,,,,,,,,,,,,,,,,,,,,,99.7,,,,,,,,,,,,,,,,,,,,,
23,Belarus,BLR,BLR,1.5,,,,,,,,,,,,,,,,,,,,,,,,,,,,,,98.0,,,,,,,,,,100.0,,,,,,,,,,100.0,,,,,,99.72204,,,,100.0,,,,
24,Belgium,BEL,BEL,1.5,,,,,,,,,,,,,,,,,,,,,,,,,,,,,,,,,,,,,,,,,,,,,,,,,,,,,,,,,,,,,,,,
25,Belize,BLZ,BLZ,1.5,,,,,,,,,,,,,,,,,,,,,,,,,,,,,,,,70.0,,,,,,,,,,80.900000765,,,,,,,,,,,,,,90.916039255,,,,,,,,
26,Benin,BEN,BEN,1.5,,,,,,,,,,,,,,,,,,,,16.0,,,,,,,,,,,,,27.0,,,,,,,,,,35.0,,,,28.702110145,,,,,,32.948819105,,,38.44714,,38.871209095,,,,43.834170650000004,47.099999235,
27,Bermuda,BMU,BMU,1.5,,,,,,,,,,,,,,,,,,,,,,,,,,,,,,,,,,,,,,,,,,,,,,,,,,,,,,,,,,,,,,,,
28,Bhutan,BTN,BTN,1.5,,,,,,,,,,,,,,,,,,,,,,,,,,,,,,,,,,,,,,,,,,,,,,53.0,,,,,,,55.0,,,63.90682,,67.0,,,,,72.099999235,
29,Bolivia,BOL,BOL,1.5,,,,,,,,,,,58.0,59.0,60.0,61.0,62.0,63.0,63.0,,,,,,,,,,,,,,,,80.0,,,,,,,,,87.0,,,,,,91.0,91.0,91.0,,92.0,94.0,,,92.0,,,,,94.0,,,
30,Bosnia and Herzegovina,BIH,BIH,1.5,,,,,,,,,,,,,,,,,,,,,,,,,,,,,,,,89.0,,,,,,,,,97.0,,,,,,,,,,,98.14203821999999,,97.0,98.37765,98.48576,,,,,,,98.300001525,
31,Botswana,BWA,BWA,1.5,,,,,,,,,,,,,,,,,,,,,,,,,,,,,,,,69.0,,,,,,,,,,,,81.0,,,,,,,,,,86.823180575,87.70751,88.22441,,,,,,,,
32,Brazil,BRA,BRA,1.5,,,,,,,,,,,68.0,,,,,,,,,75.0,75.0,,,,,,,,,,,,,,,,,,,,86.0,,,,89.0,,90.0,90.0,90.0,90.0,90.0,91.0,91.0,91.0,92.0,92.0,93.0,93.0,93.0,,,,94.69000122,
33,British Virgin Islands,VGB,VGB,1.5,,,,,,,,,,,,,,,,,,,,,,,,,,,,,,,,,,,,,,,,,,,,,,,,,,,,,,,,,,,,,,,,
34,Brunei,BRN,,1.0,,,,,,,,,,,,,,,,,,,,,,,,,,,,,,,,88.0,,,,,,,,,,93.0,,,,,,,,,,96.0,,,,96.65653,,,,,,97.59,,
35,Brunei Darussalam,,BRN,2.0,,,,,,,,,,,,,,,,,,,,,,78.0,,,,,,,,,,88.0,,,,,,,,,,93.0,,,,,,,,,,96.0,,,,,,,,,,97.58999634,,
36,Bulgaria,BGR,BGR,1.5,,,,,,,,,,,,,,,,,,,,,,,,,,,,,,,,,,,,,,,,,,98.0,,,,,,,,,,98.0,,,,98.38858,,,,,,98.419999085,,
37,Burkina Faso,BFA,BFA,1.5,,,,,,,,,,,,,,,,9.0,,,,,,,,,,,,,,,,14.0,,,,,13.0,,,,,,,22.0,,24.0,22.0,28.0,,,,,,,35.0,37.7467,,,39.0,30.0,,36.96738026,34.49000084,
38,Burundi,BDI,BDI,1.5,,,,,,,,,,,,,,,,,,,,23.0,,,,,,,,,,,37.0,,,,,,,,,,59.0,,,,,,,,48.0,,,,,,62.0,85.49609,65.687738255,68.0,,,,,75.54000046,
39,Cabo Verde,,CPV,2.0,,,,,,,,,,,,,,,,,,,,,,,,,,,,,,,63.0,,,,,,,,,,76.11044312,,,,,,,,,,,,85.0,,,87.0,,,,,,,91.0,
40,Cambodia,KHM,KHM,1.5,,,,,,,,,,,,,,,,,,,,,,,,,,,,,,,,,,,,,,,67.0,,,,,,74.0,,,,77.0,76.0,,,,,78.0,81.0,,,,,,71.92725186,83.77999939,
41,Cameroon,CMR,CMR,1.5,,,,,,,,,,,,,,,,,41.0,,,,,,,,,,,,,,,,,,,,,,,,68.0,,,,,,,71.0,,,71.0,,,,,74.98558,,,72.54712838500001,,78.23000168,,,
42,Canada,CAN,CAN,1.5,,,,,,,,,,,,,,,,,,,,,,,,,,,,,,,,,,,,,,,,,,,,,,,,,,,,,,,,,,,,,,,,
43,Cape Verde,CPV,,1.0,,,,,,,,,,,,,,,,,,,,,,,,,,,,,,,,,,,,,,,,,76.11044,,,,80.01972,,,,,,,,85.0,,,87.0,,,,,,,91.0,
44,Caribbean small states,,CSS,1.5,,,,,,,,,,,,,,,,,,,,,,,,,,,,,,,,,,86.84288788,86.90670776,87.2071228,87.50739288,87.80066681,88.09118652,88.38037872,88.67469025,88.9420166,89.18743134,89.41989136,89.63707733,89.89797974,90.05967712,90.61286926,90.83847046,,91.76071,,,,,,,,,,,,,
45,Cayman Islands,CYM,CYM,1.5,,,,,,,,,,,,,,,,,,,,,,,,,,,,,,,,,,,,,,,,,,,,,,,,99.0,,,,,,,,,,99.0,,,,,,
46,Central African Republic,CAF,CAF,1.5,,,,,,,,,,,,,,,,18.0,,,,,,,,,,,,,34.0,,,,,,,,,,,,51.0,,,,,,,,,,36.752609625,,,,,36.75261,,,37.0,42.442790495,37.49000084,,,
47,Central Europe and the Baltics,,CEB,1.5,,,,,,,,,,,,,,,,,,,,,,,97.97561646,97.99900055,98.03502655,98.06440735,98.0940094,98.12998199,98.21186066,98.27559662,98.34002686,98.400383,98.45832825,98.50900269,98.55934906,98.60749054,,,,,98.96019,,,,,,,,,,99.36096,,,99.29689789,99.31459808,99.3322525,99.3502121,99.37020874,99.41867828,99.43811798,99.45659637,99.47559357,99.48735046,
48,Central Europe and the Baltics (WB),,,1.0,,,,,,,,,,,,,,,,,,,,,,,,97.999,98.03503,98.06441,98.09401,98.12998,98.21186,98.2756,98.34003,98.40038,98.45833,98.509,98.55935,98.60749,,,,,,,,,,,,,,,,,,99.2969,99.3146,99.33225,99.35021,99.37021,99.41868,99.43812,99.4566,99.47559,99.48735,
49,Chad,TCD,TCD,1.5,,,,,,,,,,,,,,,,,,,,,,,,,,,,,,,,,,11.0,,,,,,,26.0,,,,28.0,,,,,,,,,,39.04967,26.00299036,22.0,,,30.627920075,,,27.280000345,
50,Channel Islands,,CHI,2.0,,,,,,,,,,,,,,,,,,,,,,,,,,,,,,,,,,,,,,,,,,,,,,,,,,,,,,,,,,,,,,,,
51,Chile,CHL,CHL,1.5,,,,,,,,,,,88.0,,,,,,,,,91.0,92.0,,91.0,,,,,,,,,,94.0,,,,,,,,,,96.0,,,,,,98.64901,98.55368,,97.0,,96.0,,97.0,,96.0,,,,,97.16000183,
52,China,CHN,CHN,1.5,,,,,,,,,,,,,,,,,,,,,,,66.0,,,,,,,,78.0,,,,,,,,,,91.0,,,,,,,,,,95.0,,,,,96.35745,,,,,97.0,,,
53,Colombia,COL,COL,1.5,,,,,,,,,,,78.0,79.0,79.0,80.0,81.0,81.0,82.0,82.0,83.0,84.0,84.0,85.0,,,,,,,,,,,,91.0,,,91.0,,,,,,,,93.0,93.0,92.0,93.0,93.0,93.0,93.0,94.0,,,94.0,94.0,95.0,,95.0,95.0,96.0,,,
54,Comoros,COM,COM,1.5,,,,,,,,,,,,,,,,,,,,,48.0,,,,,,,,,,,,,,,,,,,,68.0,,,,,,,,,,,,49.196140145,,77.57327,78.13739,,,,,,,61.70999954,
55,Congo,COG,,1.0,,,,,,,,,,,,,,,,,,,,,,,,,,,,,,,,,,,,,,,,,,,,,,76.0,,,,,,79.31117,,,,79.31117,,,,,,80.61,,
56,"Congo, Dem. Rep.",,COD,2.0,,,,,,,,,,,,,,,,,,,,,,,,,,,,,,,,,,,,,,,,,,67.0,,,,,,61.20555115,,,,,75.0,,,,77.0,,73.55303192,,,,80.54000092,
57,"Congo, Rep.",,COG,2.0,,,,,,,,,,,,,,,,,,,,,,,,,60.0,,,,,,,,,,,,,,,,,,,,,76.0,,,,,,79.31117249,,,,,,,,,,80.61000061,,
58,Cook Islands,COK,,1.0,,,,,,,,,,,,,,,,,,,,,,,,,,,,,,,,,,,,,,,,,,,,,,,,,,,,,,,,,,,,,,,,
59,Costa Rica,CRI,CRI,1.5,,,,,,,,,,,88.0,89.0,89.0,89.0,90.0,90.0,90.0,91.0,91.0,91.0,92.0,92.0,92.0,92.0,93.0,,,,,,,,,,,,,,,,95.0,,,,,,,,,,,97.0,,,,97.64725,,,,,,98.04000046,,
60,Cote d'Ivoire,CIV,CIV,1.5,,,,,,,,,,,,,,,,,,,,,,,,,,,,,34.0,,,,,,,,,,36.0,,49.0,,,,,,,,,,,,40.98162921,,44.0,43.26532,50.039680239999996,,,90.0,,50.000640434999994,,
61,Croatia,HRV,HRV,1.5,,,,,,,,,,,,,,,,,,,,,,,,,,,,,,,,97.0,,,,,,,,,,98.0,,,,,,,,,,99.12536,,,,99.27259,,,,,,99.449998475,,
62,Cuba,CUB,CUB,1.5,,,,,,,,,,,89.0,90.0,90.0,90.0,91.0,91.0,91.0,92.0,92.0,92.0,93.0,98.0,,,,,,,,,,,,,,,,,,,,,100.0,,,,,,,,,,100.0,,,99.71072,,,,97.65490861500001,,99.67311047999999,,
63,Curacao,,CUW,2.0,,,,,,,,,,,,,,,,,,,,,,,,,,,,,,,,,,,,,,,,,,,,,,,,,,,,,,,,,,,,,,,,
64,Cyprus,CYP,CYP,1.5,,,,,,,,,,,,,,,,,,,,,,,,,,,,,,,,,94.0,,,,,,,,,97.0,,,,,,,,,,99.0,,,,99.05978,,,,,,99.360000305,,
65,Czechia,CZE,CZE,1.5,,,,,,,,,,,,,,,,,,,,,,,,,,,,,,,,,,,,,,,,,,,,,,,,,,,,,,,,,,,,,,,,
66,Democratic Republic of Congo,COD,,1.0,,,,,,,,,,,,,,,,,,,,,,,,,,,,,,,,,,,,,,,,,,,,,,,,61.20555,,,,,75.0,,,77.22167,77.0,,73.55303,,,,80.54,
67,Denmark,DNK,DNK,1.5,,,,,,,,,,,,,,,,,,,,,,,,,,,,,,,,,,,,,,,,,,,,,,,,,,,,,,,,,,,,,,,,
68,Djibouti,DJI,DJI,1.5,,,,,,,,,,,,,,,,,,,,,,,,,,,,,,,,,,,,,,,,,,,,,,,,,,,,,,,,,,,,,,,,
69,Dominica,DMA,DMA,1.5,,,,,,,,,,,,,,,,,,,,,,,,,,,,,,,,,,,,,,,,,,,,,,,,,,,,,,,,,,,,,,,,
70,Dominican Republic,DOM,DOM,1.5,,,,,,,,,,,67.0,68.0,68.0,69.0,70.0,70.0,71.0,72.0,73.0,73.0,74.0,73.0,,,,,,,,,,,,,,,,,,,,,87.0,,,,,88.0,,,90.0,90.0,90.0,91.0,92.0,92.0,94.0,,,,,,95.5,
71,Early-demographic dividend,,EAR,1.5,,,,,,,,,,,,,,,,48.92340088,49.1531105,49.75986099,50.37519073,50.96231842,51.55112839,52.14300919,52.77219009,53.38526917,54.17990112,54.81098938,55.44097137,56.33779907,57.06465912,57.74956131,58.61248016,59.28057098,60.11782074,60.93613052,61.69287872,62.52106857,63.23437881,63.9301796,66.90170288,67.5488205,68.69577906,68.86483765,69.49545288,70.43015289,71.09046936,71.08133698,71.11062622,72.08509064,72.94660187,73.71276855,75.90331940499999,75.36026001,75.60447693,76.30715942,77.0951004,78.01100922,78.67870331,78.93888092,79.2979126,79.56617737,80.07386017,80.50227356,81.00576019,81.49595642
72,East Asia & Pacific,,EAS,1.5,,,,,,,,,,,,,,,,,65.69100189,65.87666321,66.96806335,68.20413971,69.30146027,70.34557343,71.31439972,72.24469757,73.23162842,74.16797638,75.00071716,76.17424774,79.9597702,80.5892334,81.17076111,81.71116638,82.22357178,82.68984222,83.24468994,83.8042984,84.29004669,89.27748871,89.64290619,89.96028137,90.97027182,90.63564301,90.98982239,91.36144257,91.6944809,92.02960968,92.37918854,93.51249695,93.81617737,94.08518219,94.65419621000001,93.86460114,94.09501648,94.20693207,94.71124268,94.92791748,95.13195801,95.32305145,95.36943054,95.80687714,96.02870178,96.16493225,96.30092621,96.43048859
73,East Asia & Pacific (IDA & IBRD countries),,TEA,2.0,,,,,,,,,,,,,,,,,63.1921196,63.35945129,64.56790161,65.94402313,67.16560364,68.32592773,69.39804077,70.42684174,71.52168274,72.55986786,73.49314117,74.74855042,79.0273819,79.71865082,80.35665894,80.94676208,81.50932312,82.02114868,82.60832214,83.20172882,83.72646332,89.38498688,89.77194977,90.07312775,90.45250702,90.79457092,91.14411926,91.49603271,91.81237793,92.13746643,92.49292755,93.70976257,94.01355743,94.29556274,94.47676849,94.1638031,94.39151001,94.50080872,94.92904663,95.13800812,95.34355927,95.53604889,95.57713318,95.99716187,96.22167206,96.36141968,96.50356293,96.63619232
74,East Asia & Pacific (IDA & IBRD),,,1.0,,,,,,,,,,,,,,,,,,,,,,,,,,,,,,,,,,,,,,,,,90.649956,,,,,,,,,,94.68925,,,,,,,,,,,,,
75,East Asia & Pacific (excluding high income),,EAP,1.5,,,,,,,,,,,,,,,,,63.69419861,63.85924911,65.05122375,66.40856934,67.61348724,68.75798798,69.81548309,70.8302536,71.91015625,72.93418121,73.8547287,75.09300995,79.31347656,79.99532318,80.62463379,81.20629883,81.76069641,82.26519012,82.84407806,83.42884827,83.94519806,89.52677155,89.90746307,90.20379639,90.67518077,90.91433716,91.25837708,91.60472107,91.91644287,92.23677063,92.58711243,93.78843689,94.08830261,94.3666687,94.64861637,94.23642731,94.46130371,94.56922913,94.99214172,95.19853973,95.40149689,95.59159088,95.63213348,96.04688263,96.2685318,96.40647125,96.54675293,96.67762756
76,East Asia and the Pacific (WB),,,1.0,,,,,,,,,,,,,,,,,,65.87666,66.96806,68.20414,69.30146,70.34557,71.3144,72.2447,73.23163,74.16798,75.00072,76.17425,79.95977,80.58923,81.17076,81.71117,82.22357,82.68984,83.24469,83.8043,84.29005,89.27749,89.64291,89.96028,90.32185,90.63564,90.98982,91.36144,91.69448,92.02961,92.37919,93.5125,93.81618,94.08518,94.20017,93.8646,94.09502,94.20693,94.71124,94.92792,95.13196,95.32305,95.36943,95.80688,96.0287,96.16493,96.30093,96.43049
77,East Timor,TLS,,1.0,,,,,,,,,,,,,,,,,,,,,,,,,,,,,,,,,,,,,,,,,,,,,,,,51.0,,,58.0,,,,,64.06614,65.77913,,,,69.9,,,
78,Ecuador,ECU,ECU,1.5,,,,,,,,,,,74.0,75.0,76.0,77.0,77.0,78.0,79.0,80.0,80.0,81.0,82.0,82.0,84.0,,,,,,,,88.0,,,,,,,,,,,91.0,,,,,,92.0,92.0,92.0,92.0,92.0,92.0,93.0,94.0,94.0,94.0,93.0,,,94.0,94.0,94.0,
79,Egypt,EGY,,1.0,,,,,,,,,,,,,,,,,,,,,,,,,,,44.0,,,,,,,,,,56.0,,,,,,,,,67.0,66.0,,,,72.0,,74.0,72.0,,75.84262,,71.0,,,,,74.5,
80,"Egypt, Arab Rep.",,EGY,2.0,,,,,,,,,,,,,,,,,38.0,,,,,,,,,,44.0,,,,,,,,,,56.0,,,,,,,,,67.0,66.0,,,,72.0,,74.0,72.0,,,,71.0,,,,,74.5,
81,El Salvador,SLV,SLV,1.5,,,,,,,,,,,58.0,59.0,60.0,61.0,61.0,62.0,,,,,,,,,,,,,,,,,74.0,,,,,,,,,,,,80.77836,,84.0,82.0,84.0,84.0,84.0,85.0,,87.0,,88.0,88.0,88.0,89.0,89.0,90.0,,,90.0
82,Equatorial Guinea,GNQ,GNQ,1.5,,,,,,,,,,,,,,,,,,,,,,,,,,,,,,,,,,,,,,,,,88.0,,,,,,,,,,94.3705384,,,,94.95674,95.19566,,,,,,,,
83,Eritrea,ERI,ERI,1.5,,,,,,,,,,,,,,,,,,,,,,,,,,,,,,,,,,,,,,,,,,,53.0,,,,,,65.0,,,,,,72.79049,73.84525,,,76.570519245,,,,,
84,Estonia,EST,EST,1.5,,,,,,,,,,,,,,,,,,,,,,,,,,,,,,100.0,,,,,,,,,,,100.0,,,,,,,,,,,100.0,,,,99.82351,,,,,,99.870001375,,
85,Eswatini,SWZ,SWZ,1.5,,,,,,,,,,,,,,,,,55.0,,,,,,,,,,67.0,,,,,,,,,,,,,,82.0,,,,,,,,,,83.098289745,,,,,87.47019,,,,,89.27999939,,90.747018455,
86,Ethiopia,ETH,ETH,1.5,,,,,,,,,,,,,,,,,,,,,,,,,,,,,,,,,,,27.0,,,,,,,,,,35.900000765,29.8203396,,39.0,,,,,,,,49.03152,47.491589295,51.771179599999996,,,,,,
87,Euro area,,EMU,2.0,,,,,,,,,,,,,,,,,,,,,,,,,,,,,,,,,,,,,,,,,,,,,,,,,,,,,,,,,,,,,,,,
88,Europe & Central Asia,,ECS,1.5,,,,,,,,,,,,,,,,,,,,,,,,,,,,,,,,,,,95.93805695,96.06758118,96.22135162,96.34140015,96.48623657,96.592453,97.39917961500001,96.75279999,96.91116333,97.00517273,97.0912323,97.21016693,97.27015686,97.35178375,97.47324371,97.7307663,98.44612166,98.03515625,98.13265991,98.19622803,98.2387085,98.28185272,98.33891296,98.41797638,98.50179291,98.56401062,98.60382843,98.64627838,98.66442108,98.68871307
89,Europe & Central Asia (IDA & IBRD countries),,TEC,2.0,,,,,,,,,,,,,,,,,,,,,,,,94.30168152,95.02438354,95.19098663,95.35749817,95.52458954,95.70202637,95.80695343,95.96430969,96.0841217,96.20004272,96.30950165,96.4152832,96.52011871,96.67812347,96.77787018,97.0630722,97.1244812,97.2419281,97.32436371,97.40515137,97.48059082,97.54106903,97.67980194,97.63809967,97.72180176,97.8286972,98.27427673,98.54540253,98.75524139,98.87976837,98.92591095,98.96221924,98.99674225,99.0506897,99.11125183,99.21199036,99.28002167,99.30409241,99.33437347,99.35745239,99.38118744
90,Europe & Central Asia (IDA & IBRD),,,1.0,,,,,,,,,,,,,,,,,,,,,,,,,,,,,,,,,,,,,,,,,97.452644,,,,,,,,,,98.89095,,,,,,,,,,,,,
91,Europe & Central Asia (excluding high income),,ECA,1.5,,,,,,,,,,,,,,,,,,,,,,,,,,,,,,93.20307159,93.41841888,93.56755066,93.71807861,93.84960175,93.97428894,94.09631348,94.34555054,94.47283173,94.72511292,94.88533783,96.16739439,95.27252197,95.42579651,95.56822205,95.68714142,95.97032928,95.8777771,96.04781342,96.17410278,96.99658966,98.173879295,97.96994019,98.21566772,98.30252075,98.36765289,98.42497253,98.52690125,98.64160919,98.69303894,98.8225708,98.86509705,98.91927338,98.96550751,98.99172211
92,Europe and Central Asia (WB),,,1.0,,,,,,,,,,,,,,,,,,,,,,,,,,,,,,,,,,,,96.06758,96.22135,96.3414,96.48624,96.59245,96.65252,96.7528,96.91116,97.00517,97.09123,97.21017,97.27016,97.35178,97.47324,97.73077,97.89465,98.03516,98.13266,98.19623,98.23871,98.28185,98.33891,98.41798,98.50179,98.56401,98.60383,98.64628,98.66442,98.68871
93,European Union,,EUU,2.0,,,,,,,,,,,,,,,,,,,,,,,,,,,,,,,,,,,,,,,,,,,,,,,,,,,,,,,,,,,,,,,,
94,Faroe Islands,,FRO,2.0,,,,,,,,,,,,,,,,,,,,,,,,,,,,,,,,,,,,,,,,,,,,,,,,,,,,,,,,,,,,,,,,
95,Fiji,FJI,FJI,1.5,,,,,,,,,,,,,,,,,,,,,,,,,,,,,,,,,,,,,,,,,,,,,,,,,,,,,,,,,,,,,,,,
96,Finland,FIN,FIN,1.5,,,,,,,,,,,,,,,,,,,,,,,,,,,,,,,,,,,,,,,,,,,,,,,,,,,,,,,,,,,,,,,,
97,Fragile and conflict affected situations,,FCS,1.5,,,,,,,,,,,,,,,,,,,,,,,,,,,57.98574066,58.51163864,59.03063965,59.41387939,59.93164063,60.21982956,60.45029831,60.69029999,61.27685928,61.74974823,62.1029892,62.66149902,63.27534866,63.71392059,61.94591904,62.45233917,62.93515015,63.13985062,63.7163887,63.93849182,62.7258606,62.38544846,62.80833054,61.96448898,65.30229,62.27994919,62.55318069,63.12306976,63.56327057,63.96762085,64.450737,65.08634949,65.08425903,65.74742126,65.66819763,65.78574371,65.91319275,65.85257721
98,France,FRA,FRA,1.5,,,,,,,,,,,,,,,,,,,,,,,,,,,,,,,,,,,,,,,,,,,,,,,,,,,,,,,,,,,,,,,,
99,French Polynesia,PYF,PYF,1.5,,,,,,,,,,,,,,,,,,,,,,,,,,,,,,,,,,,,,,,,,,,,,,,,,,,,,,,,,,,,,,,,
100,Gabon,GAB,GAB,1.5,,,,,,,,,,,,,,,,,,,,,,,,,,,,,,,,,,72.0,,,,,,,,,,,81.84552,,,,,,,,82.28379910999999,,,83.23788,,,,,,88.85833869999999,85.69000122,
101,Gambia,GMB,,1.0,,,,,,,,,,,,,,,,,,,,,,,,,,,,,,,,,,,,,,,,,,,,,,,,,,,,,,41.95005,54.38756,51.0,,,53.1602,,,51.6374,58.67,
102,"Gambia, The",,GMB,2.0,,,,,,,,,,,,,,,,,,,,,,,,,,,,,,,,,,,,,,,,,37.0,,,,,,,,,,,,,41.95005035,,51.0,,,53.16019821,,,51.63740158,58.66999817,
103,Georgia,GEO,GEO,1.5,,,,,,,,,,,,,,,,,,,,,,,,,,,,,,,,,,,,,,,,,,,100.0,,,,,,,,,,,,100.0,99.75962,,99.0,99.65366182,,,,100.0,
104,Germany,DEU,DEU,1.5,,,,,,,,,,,,,,,,,,,,,,,,,,,,,,,,,,,,,,,,,,,,,,,,,,,,,,,,,,,,,,,,
105,Ghana,GHA,GHA,1.5,,,,,,,,,,,,,,,,,,,,,,,,,,,,,,,,,,,,,,,,,58.0,,,,,,,,,,71.0,,,,,76.5759,,64.49239174499999,,,80.379998625,,,
106,Gibraltar,GIB,GIB,1.5,,,,,,,,,,,,,,,,,,,,,,,,,,,,,,,,,,,,,,,,,,,,,,,,,,,,,,,,,,,,,,,,
107,Greece,GRC,GRC,1.5,,,,,,,,,,,,,,,,,,,,,,91.0,,,,,,,,,,93.0,,,,,,,,,,96.0,,,,,,,,94.0,,,,,97.53238,95.29287,,,,,,,,
108,Greenland,GRL,GRL,1.5,,,,,,,,,,,,,,,,,,,,,,,,,,,,,,,,,,,,,,,,,,,,,,,,,,,,,,,,,,,,,,,,
109,Grenada,GRD,GRD,1.5,,,,,,,,,,,98.0,,,,,,,,,,98.400000765,,,,,,,,,,,,,,,,,,,,,,,96.0,,,,,,,,,,,,,,,,,,,,
110,Guam,GUM,GUM,1.5,,,,,,,,,,,,,,,,,,,,,96.0,,,,,,,,,,99.0,,,,,,,,,,99.55999878,,,,,,,,,,,,,,,99.78904,,,,,,,,
111,Guatemala,GTM,GTM,1.5,,,,,,,,,,,45.0,46.0,47.0,48.0,48.0,49.0,50.0,51.0,52.0,52.0,,,,,,,,,,,,,,,64.0,,,,,,,,69.0,,,,,,,,,,78.0,77.0,81.0,80.195090625,,,81.0,,,,83.031171855,
112,Guinea,GIN,GIN,1.5,,,,,,,,,,,,,,,,,,,,,,,,,,,,,,,,,,,,,21.0,,,,,,,30.0,,,,,,,25.0,,,,32.0,30.47279,,,40.0,,,45.330000915,,
113,Guinea-Bissau,GNB,GNB,1.5,,,,,,,,,,,,,,,,,,,,20.0,,,,,,,,,,,,,,,,,,,,,41.0,,,,,,,,,,,,,,45.581160749999995,59.77285,,,,54.882320199999995,,,53.900000765,
114,Guyana,GUY,GUY,1.5,,,,,,,,,,,,,,,,,,,,,,,,,,,,,,,,,,,,,,,,,,,,,,,,,,84.99401093,,,,,85.63973118,87.53532,,,,,85.63835072,,90.02999939,
115,Haiti,HTI,HTI,1.5,,,,,,,,,,,22.0,23.0,24.0,25.0,25.0,26.0,27.0,28.0,29.0,30.0,31.0,31.0,35.0,,,,,,,,,,,,,,,,,,,,,59.0,,,48.685020225,,,,,,,,,60.68935,61.691349515,68.00985859,,,,,,
116,Heavily indebted poor countries (HIPC),,HPC,1.5,,,,,,,,,,,,,,,,,,,,,,,,,,,43.52944183,44.14123154,44.56438065,45.13058853,45.67462921,46.07191086,46.3716011,46.73825836,47.16862106,47.3592186,47.86417007,48.61346054,49.11637878,49.93965149,51.58182709,51.76231003,52.5177002,53.03770828,53.58852005,53.8459816,52.23458862,53.64733124,53.96998978,54.19968033,56.532983865000006,57.16463089,58.53034973,59.53842926,60.29661942,60.87498856,61.49433899,62.60771179,64.16165924,64.35105896,64.61183167,65.09500885,65.55213928,65.92082977
117,High income,,HIC,2.0,,,,,,,,,,,,,,,,,,,,,,,,,,,,,,,,,,,,,,,,,,,,,,,,,,,,,,,,,,,,,,,,
118,Honduras,HND,HND,1.5,,,,,,,,,,,53.0,54.0,55.0,56.0,57.0,58.0,58.0,59.0,60.0,61.0,61.0,62.0,63.0,64.0,64.0,65.0,66.0,66.0,67.0,68.0,,,,,,,,,,,,80.0,,,,,,84.0,,,85.0,85.0,85.0,85.0,87.0,88.0,89.0,,87.0,89.0,,,,
119,Hong Kong,HKG,,1.0,,,,,,,,,,,,,,,,,,,,,,,,,,,,,,,,,,,,,,,,,,,,,,,,,,,,,,,,,,,,,,,,
120,"Hong Kong SAR, China",,HKG,2.0,,,,,,,,,,,,,,,,,,,,,,,,,,,,,,,,,,,,,,,,,,,,,,,,,,,,,,,,,,,,,,,,
121,Hungary,HUN,HUN,1.5,,,,,,,,,,,,,,,,,,,,,99.0,,,,,,,,,,99.099999235,,,,98.98207,,,,,,,,,,99.02922,,,,,,,,,,99.05012,99.38088,,,,,,99.099999235,,
122,IBRD only,,IBD,1.5,,,,,,,,,,,,,,,,61.72045898,61.90056992,62.2448616,63.09395981,63.99940872,64.83812714,65.65335083,66.43994141,67.1964798,68.0822525,68.86392212,69.59496307,70.4718399,72.76798248,73.40574646,74.09323883,74.61988068,75.15083313,75.64013672,76.13955688,76.67047882,77.17352295,80.08342743,81.67337799,82.04602051,82.51557935,82.84921265,83.25000763,83.82926941,84.22633362,84.24723816,84.53527832,85.41902924,85.8871994,86.1740036,87.047655305,87.08046722,87.43739319,87.6772995,88.06704712,88.33882141,88.51596069,88.68708038,88.90817261,88.94484711,89.24588776,89.47541046,89.79763794,90.09896851
123,IDA & IBRD total,,IBT,1.5,,,,,,,,,,,,,,,,58.61616898,58.77901077,59.10681152,59.8553009,60.65282822,61.39295959,62.11486053,62.81790924,63.49792862,64.29412842,65.00541687,65.67169952,66.48976898,68.53456116,69.15585327,69.82624054,70.32913971,70.88929749,71.4197464,71.92668152,72.44776917,72.94389343,75.43608856,76.93625641,77.35363007,77.74908165,77.99107361,78.41320038,78.99893951,79.40499115,79.41223907,79.37136078,80.07466125,80.51754761,80.7899704,81.983743745,81.81272125,82.0486908,82.42360687,82.847229,83.31432343,83.70352936,83.9151535,84.23887634,84.3611908,84.59989929,84.82348633,85.10057831,85.35204315
124,IDA blend,,IDB,1.5,,,,,,,,,,,,,,,,,,,,,46.71942902,47.03422165,47.36125183,47.67736816,47.98693848,48.29785156,48.61975098,49.27560043,49.94118118,50.48210907,51.17140961,51.85963821,53.6689682,55.58475113,56.35834885,57.15684128,58.02085876,58.86204147,59.66479111,60.50194168,57.6583519,58.40943909,59.1355896,60.30315018,61.01641846,60.50519943,61.20518875,59.68865967,60.66439056,61.60240173,65.560587035,62.19781876,63.44921875,63.33293915,64.21697235,64.95767212,65.67326355,65.8370285,66.25102234,66.37684631,66.77944183,67.16327667,67.52667236,67.8960495
125,IDA only,,IDX,1.5,,,,,,,,,,,,,,,,,,,,,,44.03710175,44.32305145,44.63068008,45.02043152,45.42123032,45.79013062,46.26445007,47.17562866,47.71765137,48.25587845,48.66450119,49.05147934,49.46712875,50.20755005,50.81401062,51.35652161,52.05524826,53.5309906,54.3507309,55.32012574,55.87366867,56.57666016,57.18611145,57.77180862,58.22148132,56.01248169,57.06330872,57.45429993,57.65644836,60.907281795,60.38803864,59.81361008,61.57019043,62.26710129,64.05935669,65.79447174,66.62503052,67.83686829,68.79856873,69.01576233,69.53566742,69.94486237,70.30046082
126,IDA total,,IDA,1.5,,,,,,,,,,,,,,,,,,,,,44.74959183,45.02069092,45.32012177,45.63053894,45.99398041,46.36528015,46.71875,47.25265121,48.08322906,48.62488937,49.21269989,49.71640015,50.57445908,51.47507858,52.22705078,52.89533997,53.54806137,54.30012131,55.55945969,56.3888092,57.73933785,56.71977997,57.43262863,58.22697067,58.85507965,58.98418045,57.74592972,57.93970871,58.52658081,58.97623825,62.62072527,60.99414063,61.03001022,62.15908813,62.91770172,64.3584671,65.75422668,66.36461639,67.31408691,68.00256348,68.28266907,68.75950623,69.15470123,69.51500702
127,Iceland,ISL,ISL,1.5,,,,,,,,,,,,,,,,,,,,,,,,,,,,,,,,,,,,,,,,,,,,,,,,,,,,,,,,,,,,,,,,
128,India,IND,IND,1.5,,,,,,,,,,,,,,,,,,,,,,41.0,,,,,,,,,,48.0,,,,,,,,,,61.0,,,,,63.0,,,,,69.0,,,,72.2253,,,,,,,76.0,77.0
129,Indonesia,IDN,IDN,1.5,,,,,,,,,,,,,,,,,,,,,67.0,,,,,,,,,,82.0,,,,,,,,,,,,,,90.0,,92.0,,92.0,93.0,,93.0,,,95.0,95.0,95.0,,96.0,,96.0,,,
130,Iran,IRN,,1.0,,,,,,,,,,,,,,,,,,,,,,,,,,,52.0,,,,,66.0,,,,,73.0,,,,,,77.0,,,82.0,82.0,,83.0,,,,84.0,85.0,85.0,87.17253,86.0,,,,,,88.96,
131,"Iran, Islamic Rep.",,IRN,2.0,,,,,,,,,,,,,,,,,37.0,,,,,,,,,,52.0,,,,,66.0,,,,,73.0,,,,,,77.0,,,82.0,82.0,,83.0,,,,84.0,85.0,85.0,,86.0,,,,,,88.95999908,
132,Iraq,IRQ,IRQ,1.5,,,,,,,,,,,,,,,,,,,,,,,,,,,,,,,,,,,,,,,,,74.0,,,,,,,,,,,,77.0,,82.0,79.72176,83.0,86.0,,,,,,
133,Ireland,IRL,IRL,1.5,,,,,,,,,,,,,,,,,,,,,,,,,,,,,,,,,,,,,,,,,,,,,,,,,,,,,,,,,,,,,,,,
134,Isle of Man,,IMN,2.0,,,,,,,,,,,,,,,,,,,,,,,,,,,,,,,,,,,,,,,,,,,,,,,,,,,,,,,,,,,,,,,,
135,Israel,ISR,ISR,1.5,,,,,,,,,,,,,,,,,,,,,,,,92.0,,,,,,,,,,,,,,,,,,,,,97.1,,,,,,,,,,,,,,,,,,,
136,Italy,ITA,ITA,1.5,,,,,,,,,,,,,,,,,,,,,,96.0,,,,,,,,,,,,,,,,,,,,98.0,,,,,,,,,,99.0,,,,99.01579,,,,99.0,,,,
137,Jamaica,JAM,JAM,1.5,,,,,,,,,,,,,,,,,,,,,,,,,,,,,,,,,,,,,,,,80.0,,,,,,,,,,,,,,,88.13225,88.4999,,,,,,,,
138,Japan,JPN,JPN,1.5,,,,,,,,,,,,,,,,,,,,,,,,,,,,,,,,,,,,,,,,,,,,,,,,,,,,,,,,,,,,,,,,
139,Jordan,JOR,JOR,1.5,,,,,,,,,,,,,,,,,,,,67.0,,,,,,,,,,,,,,,,,,,,,,,,90.0,,91.0,,92.0,,,93.0,96.0,98.0,,,98.01435,,,95.431449945,,,,,95.0
140,Kazakhstan,KAZ,KAZ,1.5,,,,,,,,,,,,,,,,,,,,,,,,,,,,,,98.0,,,,,,,,,,100.0,,,,,,,,,,100.0,99.781630735,,,,,99.78785,,,,,99.800001525,,,
141,Kenya,KEN,KEN,1.5,,,,,,,,,,,,,,,,,,,,,,,,,,,,,,,,,,,,,,,,,82.0,,,,,,,72.1570291,,,,,,,78.73303993,78.0234,,,,,,,82.879998625,
142,Kiribati,KIR,KIR,1.5,,,,,,,,,,,,,,,,,,,,,,,,,,,,,,,,,,,,,,,,,,,,,,,,,,,,,,,,,,,97.95970917,,,,,
143,"Korea, Dem. People's Rep.",,PRK,2.0,,,,,,,,,,,,,,,,,,,,,,,,,,,,,,,,,,,,,,,,,,,,,,,,,100.0,,,,,,,,,,99.99819183,,,,,
144,"Korea, Rep.",,KOR,2.0,,,,,,,,,,,,,,,,,,,,,,,,,,,,,,,,,,,,,,,,,,,,,,,,,98.0,,,,,,,,,,98.80000305,,,,,
145,Kosovo,OWID_KOS,XKX,1.5,,,,,,,,,,,,,,,,,,,,,,,,,,,,,,,,,,,,,,,,,,,,,,,,,,,,,,,,,,,,,,,,
146,Kuwait,KWT,KWT,1.5,,,,,,,,,,,,,,,,60.0,,,,,68.0,,,,,74.0,,,,,,,,,,78.0,,,,,,,,,,93.0,93.0,94.0,94.0,,94.0,,96.0,96.0,,96.0,,96.0,96.0,,96.0,,,
147,Kyrgyz Republic,,KGZ,2.0,,,,,,,,,,,,,,,,,,,,,,,,,,,,,,,,,,,,,,,,99.0,,,,,,,,,,99.0,,,,,,,,,,99.59999847,,,,
148,Kyrgyzstan,KGZ,,1.0,,,,,,,,,,,,,,,,,,,,,,,,,,,,,,,,,,,,,,,,,,,,,,,,,,99.0,,,,,,99.50132,,,,99.6,,,,
149,Lao PDR,,LAO,2.0,,,,,,,,,,,,,,,,,,,,,,,,,,,,,,,,,,,,60.0,,,,,70.0,69.0,,,,73.0,,,,,,58.28794098,,,,85.0,,,,,,,87.51999664,
150,Laos,LAO,,1.0,,,,,,,,,,,,,,,,,,,,,,,,,,,,,,,,,,,,,,,,,70.0,69.0,,,,73.0,,,,,,58.28794,,,,85.0,,,,,,,87.52,
151,Late-demographic dividend,,LTE,1.5,,,,,,,,,,,,,,,,,69.04380798,69.14653015,70.13127136,71.24758911,72.23538208,73.17809296,74.05497742,74.88610077,75.77620697,76.63208771,77.40110779,78.17563629,81.74246979,82.31551361,82.83892822,83.35498047,83.83611298,84.29380798,84.74086761,85.19458771,85.62606812,90.4157486,90.76043701,91.04369354,91.387882115,91.61357117,91.90081024,92.27398682,92.53385162,92.80371857,93.08113861,94.07135773,94.28473663,94.5491333,94.733160615,95.0619812,95.25161743,95.32853699,95.49865723,95.65283203,95.87418365,96.0356369,96.18080902,96.30956268,96.43795013,96.56439972,96.6875,96.80445862
152,Latin America & Caribbean,,LCN,1.5,,,,,,,,,,,,,,,78.71794891,78.73742676,79.08670044,79.48947906,79.92698669,80.32272339,80.67739105,81.07405853,81.46111298,81.84255981,82.21321106,82.57383728,82.92527008,83.21761322,83.70771027,84.14949799,84.46787262,85.06639099,85.6655426,86.25491333,86.83325958,87.40621948,87.7791214,88.04445648,88.39903259,88.71655273,89.3765513,89.17575073,89.44306183,90.09590149,90.37226868,90.33940887,90.54231262,91.39063263,91.68933868,91.8646698,92.20474075499999,92.49057007,92.79947662,92.78405762,93.28205109,93.42685699,93.86831665,93.89946747,94.08590698,94.25566864,94.31330872,94.49382019,94.64691925,94.79000854
153,Latin America & Caribbean (IDA & IBRD),,,1.0,,,,,,,,,,,,,,,,,,,,,,,,,,,,,,,,,,,,,,,,,89.47367,,,,,,,,,,92.4664,,,,,,,,,,,,,
154,Latin America & Caribbean (excluding high income),,LAC,1.5,,,,,,,,,,,,,,,77.7884903,77.80844879,78.19017792,78.60355377,79.04564667,79.44309235,79.79727173,80.20082092,80.59703827,80.98570251,81.36363983,81.73171997,82.09082031,82.40022278,82.84262848,83.27294922,83.6031723,84.25060272,84.89894867,85.53677368,86.16233063,86.78251648,87.17935181,87.45189667,87.80680847,88.15046692,88.95868117500001,88.62754059,88.90917206,89.62796783,89.91853333,89.8635788,90.01100159,90.85434723,91.17228699,91.3669281,91.883479865,92.1481781,92.47815704,92.47155762,92.94561768,93.08236694,93.53968811,93.58692932,93.78939819,93.97664642,94.03729248,94.23220062,94.39636993,94.54627228
155,Latin America & the Caribbean (IDA & IBRD countries),,TLA,2.0,,,,,,,,,,,,,,,78.03568268,78.05593872,78.41690826,78.83381653,79.28690338,79.69650269,80.06337738,80.47383881,80.87068939,81.26187134,81.64190674,82.01157379,82.37167358,82.66694641,83.17288208,83.62866974,83.95597839,84.58075714,85.20652771,85.82234192,86.42671967,87.02545929,87.4157486,87.69406128,88.06699371,88.40065765,88.71608734,88.88371277,89.16313934,89.84120941,90.12899017,90.09660339,90.30806732,91.18556976,91.49494934,91.68049622,91.59958649,92.32820892,92.64749146,92.63231659,93.14588928,93.29805756,93.75376129,93.78692627,93.97975159,94.15543365,94.21556091,94.40235901,94.56125641,94.70938873
156,Latin America and Caribbean (WB),,,1.0,,,,,,,,,,,,,,,,78.73743,79.0867,79.48948,79.92699,80.32272,80.67739,81.07406,81.46111,81.84256,82.21321,82.57384,82.92527,83.21761,83.70771,84.1495,84.46787,85.06639,85.66554,86.25491,86.83326,87.40622,87.77912,88.04446,88.39903,88.71655,89.01666,89.17575,89.44306,90.0959,90.37227,90.33941,90.54231,91.39063,91.68934,91.86467,91.78517,92.49057,92.79948,92.78406,93.28205,93.42686,93.86832,93.89947,94.08591,94.25567,94.31331,94.49382,94.64692,94.79001
157,Latvia,LVA,LVA,1.5,,,,,,,,,,,,,,,,,,,,,,,,,,,,,,99.0,,,,,,,,,,,100.0,,,,,,,,,,,100.0,,,,99.89269,,,,,,99.889999695,,
158,Least developed countries: UN classification,,LDC,1.5,,,,,,,,,,,,,,,,,,,,,,40.70085144,40.98870087,41.29700851,41.68323898,42.07923126,42.43841934,42.91675949,43.8821907,44.41593933,44.96332932,45.3817215,45.76271057,46.20132065,47.00368881,47.86016083,48.40901184,49.13523102,50.75037003,51.62556839,52.81805483,52.94176865,53.686409,54.33137894,54.9566803,55.41690826,52.90525055,53.8373909,54.1764183,54.76594925,58.973771805,57.61626816,56.97109985,58.9826889,59.80447006,61.77787018,63.6640892,64.59895325,64.93852997,65.98403931,66.22281647,66.8311615,67.31300354,67.71456909
159,Lebanon,LBN,LBN,1.5,,,,,,,,,,,,,,,,,,,,,,,,,,,,,,,,,,,,,,,,,,,,,,,,90.0,,91.0,,,,,,94.0511,,,93.0,,,,,
160,Lesotho,LSO,LSO,1.5,,,,,,,,,,,,,,,,,,,,,,,,,,,,,,,,,,,,,,,,,86.0,,,,,,,,,75.80020071,,,,,76.63520025,79.36093,,,86.24086880499999,,,,82.01000107,
161,Liberia,LBR,LBR,1.5,,,,,,,,,,,,,,,,,,,,,,,,,32.0,,,,,,,,,,42.66605,,,,,,,,,,43.10837,,,42.941079095,,,,,,,,47.60014,,48.301360540000005,,,,,,
162,Libya,LBY,LBY,1.5,,,,,,,,,,,,,,,,,,,,,,,,,60.0,,,,,,,,,,76.5,,,,,,,,,,85.41682,,,,,,,,,,91.04144,91.38887,,,,,,,,
163,Liechtenstein,LIE,LIE,1.5,,,,,,,,,,,,,,,,,,,,,,,,,,,,,,,,,,,,,,,,,,,,,,,,,,,,,,,,,,,,,,,,
164,Lithuania,LTU,LTU,1.5,,,,,,,,,,,,,,,,,,,,,,,,,,,,,,98.0,,,,,,,,,,,,100.0,,,,,,,,,,100.0,,,,99.82328,,,,,,99.830000915,,
165,Low & middle income,,LMY,2.0,,,,,,,,,,,,,,,,57.99011993,58.15483093,58.48511124,59.24325943,60.05157089,60.80168915,61.53340149,62.24663925,62.93627167,63.7444191,64.46614075,65.14209747,65.97441101,68.04714966,68.67327118,69.35292053,69.86843109,70.44154358,70.98404694,71.50187683,72.03411102,72.54129028,75.08006287,76.60636139,77.03614807,77.2782135,77.68572235,78.11972809,78.71820068,79.13273621,79.14187622,79.09600067,79.80426788,80.25643921,80.53156281,81.33833313,81.58473206,81.82585144,82.20989227,82.63465118,83.10839081,83.50254059,83.72104645,84.05187225,84.17989349,84.42474365,84.65364075,84.93734741,85.17915344
166,Low income,,LIC,1.5,,,,,,,,,,,,,,,,,,,,,,,,,,,,,46.47354126,46.89374924,47.39165115,47.68230057,47.82184982,48.03084946,48.31108856,48.67599869,49.0426712,49.7333107,50.43019104,50.97880936,52.046814375,52.0471611,52.71640015,53.11349106,53.58198166,53.99721146,52.17990112,53.41815948,54.31401062,54.82347107,55.946894424999996,57.35871887,57.80881119,58.65501022,59.0708313,59.74245834,60.42670059,61.48361969,61.45404053,61.52846909,61.69004059,62.18141174,62.63246155,63.03852844
167,Low-income countries,,,1.0,,,,,,,,,,,,,,,,,,,,,,,,,,,,,,46.89375,47.39165,47.6823,47.82185,48.03085,48.31109,48.676,49.04267,49.73331,50.43019,50.97881,51.39866,52.04716,52.7164,53.11349,53.58198,53.99721,52.1799,53.41816,54.31401,54.82347,55.31973,57.35872,57.80881,58.65501,59.07083,59.74246,60.4267,61.48362,61.45404,61.52847,61.69004,62.18141,62.63246,63.03853
168,Lower middle income,,LMC,1.5,,,,,,,,,,,,,,,,44.26187897,44.36312866,44.89862061,45.4513588,46.00061035,46.53305817,47.06518936,47.63434982,48.12107086,48.72106934,49.32204819,49.83683014,50.71524048,51.40591812,52.10359955,52.80690002,53.51564026,54.40485001,55.26998138,56.08274078,56.85776138,57.6343689,58.41292953,61.84885025,62.59148026,65.06695547,63.52991867,64.24832916,65.29472351,65.99687195,65.78601837,65.76851654,66.29193878,66.94371796,67.63523865,71.70920565,69.80986023,70.25576019,71.1595993,71.89687347,72.98467255,73.73400116,74.26711273,75.07314301,75.24550629,75.88030243,76.48822784,77.0826416,77.63182068
169,Lower-middle-income countries,,,1.0,,,,,,,,,,,,,,,,,44.36313,44.89862,45.45136,46.00061,46.53306,47.06519,47.63435,48.12107,48.72107,49.32205,49.83683,50.71524,51.40592,52.1036,52.8069,53.51564,54.40485,55.26998,56.08274,56.85776,57.63437,58.41293,61.84885,62.59148,62.80231,63.52992,64.24833,65.29472,65.99687,65.78602,65.76852,66.29194,66.94372,67.63524,69.50833,69.80986,70.25576,71.1596,71.89687,72.98467,73.734,74.26711,75.07314,75.24551,75.8803,76.48823,77.08264,77.63182
170,Luxembourg,LUX,LUX,1.5,,,,,,,,,,,,,,,,,,,,,,,,,,,,,,,,,,,,,,,,,,,,,,,,,,,,,,,,,,,,,,,,
171,Macao,MAC,,1.0,,,,,,,,,,,,,,,,,,,,,,,,,,,,,,,,,,,,,,,,,,91.0,,,,,93.0,,,,,96.0,,,,96.2276,97.0,,,,,97.11,,
172,"Macao SAR, China",,MAC,2.0,,,,,,,,,,,,,,,,,,,,,,90.0,,,,,,,,,,,,,,,,,,,,91.0,,,,,93.0,,,,,96.0,,,,,97.0,,,,,97.11000061,,
173,Madagascar,MDG,MDG,1.5,,,,,,,,,,,,,,,,,,,,,,,,,,,,,,,,,,,,,,,,,71.0,,,,,59.0,,,,64.480910625,,,72.0,,,64.6563,,,77.0,,,74.686140985,77.48000168,
174,Malawi,MWI,MWI,1.5,,,,,,,,,,,,,,,,,,,,,,,,,,,,49.0,,,,,,,,,,,64.0,,,,,,,,,,,,61.309719545,,,,65.14537024,62.143539715,,,,,70.15226873,,68.080000915,
175,Malaysia,MYS,MYS,1.5,,,,,,,,,,,,,,,,,,,,,70.0,,,,,,,,,,,83.0,,,,,,,,,88.68776,,,,,,,,,,93.0,,,,,94.63699,95.0,95.0,95.0,95.0,,,96.0,
176,Maldives,MDV,MDV,1.5,,,,,,,,,,,,,,,,,,82.0,,,,,,,,92.0,,,,,96.0,,,,,96.0,,,,,96.0,,,,,,98.0,,,,,,,,99.0,99.32102,98.0,94.50550921,,98.21186033000001,,97.860000305,,
177,Mali,MLI,MLI,1.5,,,,,,,,,,,,,,,,,9.0,,,,,,,,,,,,,,,,,,,,,,19.0,,,,,24.0,,,26.0,,,,31.0,31.0,,,,33.0,,,35.0,,31.0,,,
178,Malta,MLT,MLT,1.5,,,,,,,,,,,,,,,,,,,,,,,,,,87.0,,,,,,,,,,88.0,,,,,,,,,,92.0,,,,,,93.0,,,,94.06661,,,,,,94.94000122,,
179,Marshall Islands,MHL,MHL,1.5,,,,,,,,,,,,,,,,,,,,,,,,,,,,,,,,,,,,,,,,,,,,,,,,,,,,98.0,,,,98.26508,,,,,,,,
180,Mauritania,MRT,MRT,1.5,,,,,,,,,,,,,,,,,,,,,,,,,,,,,,,,,,,,,,,,,51.0,,,,,,,45.50378018,,,,,,62.0,,65.1120212,,,,,59.529659635,66.95999954,,
181,Mauritius,MUS,MUS,1.5,,,,,,,,,,,,,,,,,,,,,,,,,,,,,,,80.0,,,,,,,,,,84.0,,,,,,,,,,,89.0,92.0,91.0,92.0,93.0,93.0,,,,,92.150000765,,
182,Mexico,MEX,MEX,1.5,,,,,,,,,,,75.0,,,,,,,,,82.0,83.0,,,,,,,,,,88.0,,,,,,,,,,91.0,,90.0,,91.0,92.0,92.0,93.0,93.0,93.0,93.0,94.0,94.0,94.0,95.0,94.0,95.0,95.0,95.0,,95.0,,,
183,Micronesia,,,1.0,,,,,,,,,,,,,,,,,,,,,,,,,,,,,,,,,,,,,,,,,,,,,,,,,,,,,,,,,,,,,,,,
184,"Micronesia, Fed. Sts.",,FSM,2.0,,,,,,,,,,,,,,,,,,,,,,,,,,,,,,,,,,,,,,,,,,,,,,,,,,,,,,,,,,,,,,,,
185,Middle East & North Africa,,MEA,1.5,,,,,,,,,,,,,,,43.99972153,44.49103165,44.99967957,45.55852127,46.21683884,46.89799118,47.65433884,48.4163208,49.33712006,50.03417969,50.99546051,51.9450798,52.8956604,53.8265419,54.84006882,55.84550858,58.23571014,59.42650986,60.52204895,61.38713837,62.34870911,63.82514191,64.9606781,66.06362152,67.26732635,68.36743927,69.90236922,70.5324173,71.56455994,74.12705994,74.96322632,75.5710907,74.59211731,75.36997986,77.08521271,76.0182724,78.679698815,77.32386017,77.9977417,78.60816956,78.98551178,79.63973999,78.47634888,78.92874146,79.2567215,79.55386353,79.89576721,80.30119324,80.61109924,80.94914246
186,Middle East & North Africa (IDA & IBRD countries),,TMN,2.0,,,,,,,,,,,,,39.25675964,39.73791885,40.22972107,40.77130127,41.3354187,41.93915176,42.66082001,43.39286041,44.23307037,45.08248901,46.01499176,46.78654861,47.83359909,48.8960495,49.95973969,50.99982834,52.0321312,53.06023026,55.67554855,57.0196991,58.13645172,58.9858017,59.92174149,61.46332169,62.62709045,63.75635147,64.93244171,66.05860138,67.10671997,68.29936981,69.30532074,72.25666809,73.13498688,73.76139069,72.48091888,73.19225311,74.98503113,73.50713348,74.03082275,74.3316803,75.11988831,75.8332901,76.12332916,76.74092865,75.24681091,75.70304108,76.09047699,76.4992218,76.84126282,77.24706268,77.6759491,78.04084015
187,Middle East & North Africa (IDA & IBRD),,,1.0,,,,,,,,,,,,,,,,,,,,,,,,,,,,,,,,,,,,,,,,,67.76973,,,,,,,,,,78.23286,,,,,,,,,,,,,
188,Middle East & North Africa (excluding high income),,MNA,1.5,,,,,,,,,,,,,39.62331009,40.10052872,40.58827972,41.12541962,41.68489075,42.28366852,42.99940109,43.72542953,44.55873871,45.40118027,46.32601166,47.09122849,48.12968063,49.18339157,50.23834991,51.26988983,52.2937088,53.31335831,55.90718842,57.24118042,58.35110092,59.20285034,60.14149857,61.67876816,62.84115982,63.96881104,65.14228821,66.26416779,67.666069115,68.49597931,69.51495361,72.4437027,73.31783295,73.94255829,72.68019867,73.38842773,75.16887665,73.71089172,76.33645517,74.53671265,75.32568359,76.03752136,76.32826233,76.94367981,75.46948242,75.92513275,76.31310272,76.7212677,77.06096649,77.46595001,77.89485931,78.25939178
189,Middle East and North Africa (WB),,,1.0,,,,,,,,,,,,,,,,44.49103,44.99968,45.55852,46.21684,46.89799,47.65434,48.41632,49.33712,50.03418,50.99546,51.94508,52.89566,53.82654,54.84007,55.84551,58.23571,59.42651,60.52205,61.38714,62.34871,63.82514,64.96068,66.06362,67.26733,68.36744,69.40159,70.53242,71.56456,74.12706,74.96323,75.57109,74.59212,75.36998,77.08521,76.01827,76.60938,77.32386,77.99774,78.60817,78.98551,79.63974,78.47635,78.92874,79.25672,79.55386,79.89577,80.30119,80.6111,80.94914
190,Middle income,,MIC,1.5,,,,,,,,,,,,,,,,58.92092896,59.08536148,59.42155838,60.21147156,61.05474091,61.83565903,62.59563065,63.3356781,64.04879761,64.88832855,65.63500214,66.33724976,67.19151306,69.37020874,70.00895691,70.69976044,71.22914886,71.83592224,72.41555786,72.96025085,73.51708221,74.04509735,76.71141815,78.29853821,78.7332077,79.33898313,79.38092041,79.81482697,80.44843292,80.87950897,80.87993622,80.98056793,81.68251801,82.13009644,82.41629028,83.83195902,83.41603088,83.67212677,84.04508972,84.49078369,84.97399139,85.37055206,85.5535965,85.94582367,86.1155777,86.40705109,86.65189362,86.95844269,87.22839355
191,Moldova,MDA,MDA,1.5,,,,,,,,,,,,,,,,,,,,,,,,,,,,,,96.0,,,,,,,,,,,97.0,,,,,,,,,,,,,,99.0,99.24439,,,,,,99.599999235,,
192,Monaco,MCO,MCO,1.5,,,,,,,,,,,,,,,,,,,,,,,,,,,,,,,,,,,,,,,,,,,,,,,,,,,,,,,,,,,,,,,,
193,Mongolia,MNG,MNG,1.5,,,,,,,,,,,,,,,,,,,,,,,,,,,,,,,,,,,,,,,,,98.0,,,,,,,,,,98.0,,,,,98.36764,,,96.89634852500001,,99.0,,,
194,Montenegro,MNE,MNE,1.5,,,,,,,,,,,,,,,,,,,,,,90.0,,,,,,,,,,93.0,,,,,,,,,,,,98.0,,,,,,,,98.0,,,,98.71995,,,98.53440047000001,,,98.98000168,,
195,Montserrat,MSR,,1.0,,,,,,,,,,,,,,,,,,,,,,,,,,,,,,,,,,,,,,,,,,,,,,,,,,,,,,,,,,,,,,,,
196,Morocco,MAR,MAR,1.5,,,,,,,,,,,,,,,,,,,,,,,30.0,,,,,,,,,,,,42.0,,,,,,,,,,52.0,,,,55.0,56.0,,67.0,69.0,,76.0,71.71055,,,,,,,77.349999235,
197,Mozambique,MOZ,MOZ,1.5,,,,,,,,,,,,,,,,,,,,,27.0,,,,,,,,,,,,,,,,,39.0,,,,,,48.0,,,,,,51.0,,,,,,56.0,,61.0,,,60.0,,,
198,Myanmar,MMR,MMR,1.5,,,,,,,,,,,,,,,,,,,,,,,,79.0,,,,,,,,,,,,,,,,,90.0,,,,,,,,,,,,,,92.92316,93.09005,75.551200435,,,89.0,,,,
199,Namibia,NAM,NAM,1.5,,,,,,,,,,,,,,,,,,,,,,,,,,,,,,,,76.0,,,,,,,,,,85.0,,,,,,76.48658876,,,,88.0,,,,90.8205,,,,,,92.25,,
200,Nauru,,NRU,2.0,,,,,,,,,,,,,,,,,,,,,,,,,,,,,,,,,,,,,,,,,,,,,,,,,,,,,,,,,,,,,,,,
201,Nepal,NPL,NPL,1.5,,,,,,,,,,,,,,,,,,,,,,21.0,,,,,,,,,,33.0,,,,,,,,,,49.0,,,,,,,,,,60.0,,,,64.66364,65.50100853999999,,,68.712500765,,71.150000765,,
202,Netherlands,NLD,NLD,1.5,,,,,,,,,,,,,,,,,,,,,,,,,,,,,,,,,,,,,,,,,,,,,,,,,,,,,,,,,,,,,,,,
203,New Caledonia,NCL,NCL,1.5,,,,,,,,,,,,,,,,,91.0,,,,,,,,,,,,,93.0,,,,,,,96.0,,,,,,,,,,97.300001525,,,,,,,,96.80667,96.93782,,,,,,,,
204,New Zealand,NZL,NZL,1.5,,,,,,,,,,,,,,,,,,,,,,,,,,,,,,,,,,,,,,,,,,,,,,,,,,,,,,,,,,,,,,,,
205,Nicaragua,NIC,NIC,1.5,,,,,,,,,,,57.0,57.0,58.0,58.0,59.0,59.0,59.0,60.0,60.0,61.0,61.0,61.0,62.0,62.0,63.0,63.0,63.0,64.0,64.0,64.0,65.0,65.0,65.0,66.0,66.0,67.0,67.0,67.0,68.0,68.0,66.0,77.0,,,,78.0,,,,,,,,,,82.61454886499999,,,,,,,,
206,Niger,NER,NER,1.5,,,,,,,,,,,,,,,,,,,,,,,,,,,,,,,,,,,,,,,,,,14.0,,,,29.0,,,,,,,31.0,,,19.1026,,,,,,,38.099999235,
207,Nigeria,NGA,NGA,1.5,,,,,,,,,,,,,,,,,,,,,,,,,,,,,,,,55.0,,,,,,,,,,,,55.0,,,70.0,,51.077659804999996,,,,,,,59.56808,58.22134009,,62.016010140000006,,,63.155540235000004,,
208,Niue,NIU,,1.0,,,,,,,,,,,,,,,,,,,,,,,,,,,,,,,,,,,,,,,,,,,,,,,,,,,,,,,,,,,,,,,,
209,North America,,NAC,2.0,,,,,,,,,,,,,,,,,,,,,,,,,,,,,,,,,,,,,,,,,,,,98.61991882,98.63156128,98.64237213,98.6569519,98.66642761,98.68657684,,,,,,,,,98.753479,98.75978851,98.76516724,98.77028656,98.77716827,98.77941132,
210,North America (WB),,,1.0,,,,,,,,,,,,,,,,,,,,,,,,,,,,,,,,,,,,,,,,,,,,,98.63156,98.64237,98.65695,98.66643,98.68658,,,,,,,,,98.75348,98.75979,98.76517,98.77029,98.77717,98.77941,
211,North Korea,PRK,,1.0,,,,,,,,,,,,,,,,,,,,,,,,,,,,,,,,,,,,,,,,,,,,,,,,,,,,,,,,99.99924,,,99.99819,,,,,
212,North Macedonia,MKD,MKD,1.5,,,,,,,,,,,,,,,,,,,,,,,,,,,,,,,,,,,94.0,,,,,,,,96.0,,,,,,,,,,97.599999235,,97.75175,97.84376,,,,,,,,
213,Northern Mariana Islands,MNP,MNP,1.5,,,,,,,,,,,,,,,,,,,,,,,,,,,,,,,,,,,,,,,,,,,,,,,,,,,,,,,,,,,,,,,,
214,Norway,NOR,NOR,1.5,,,,,,,,,,,,,,,,,,,,,,,,,,,,,,,,,,,,,,,,,,,,,,,,,,,,,,,,,,,,,,,,
215,Not classified,,INX,2.0,,,,,,,,,,,,,,,,,,,,,,,,,,,,,,,,,,,,,,,,,,,,,,,,,,,,,,,,,,,,,,,,
216,OECD members,,OED,2.0,,,,,,,,,,,,,,,,,,,,,,,,,,,,,,,,,,,,,,,,,,,,,,,,,,,,,,,,,,,,,97.1789093,,,
217,Oman,OMN,OMN,1.5,,,,,,,,,,,,,,,,,,,,,,,,,,,,,,,,,,,,,,,,,,,,81.0,,,,,87.0,,87.0,,,,91.9812,93.0,,96.0,96.0,,,,97.0,
218,Other small states,,OSS,1.5,,,,,,,,,,,,,,,,,,,,,,,,,71.22972107,71.54647827,71.91706848,72.45153046,73.11717987,73.78050995,74.34391022,74.73352814,75.04105377,75.48959351,75.8307724,76.22241974,76.81746674,77.31820679,78.09474945,78.61190796,78.76220699000001,79.17243958,79.89156342,80.48708344,81.04296112,81.61984253,81.13276672,80.58760071,81.33493042,80.81027222,82.631563405,82.10330963,82.50550842,82.93405151,83.35270691,84.14009857,84.58422089,84.98207855,85.29360962,85.54016876,85.77159119,85.909729,86.01009369,86.25975037
219,Pacific island small states,,PSS,1.5,,,,,,,,,,,,,,,,,,,,,,,,,,,,,,,,,,,,,,,,,,,,,,,,,,,,,,,,,,,,,,,,
220,Pakistan,PAK,PAK,1.5,,,,,,,,,,,,,,,,,,,,,,26.0,,,,,,,,,,,,,,,,,43.0,,,,,,,50.0,54.0,52.0,56.0,55.0,55.0,55.0,57.0,56.0,57.0,56.44031,,59.0,57.0,58.0,,,,
221,Palau,PLW,PLW,1.5,,,,,,,,,,,,,,,,,,,,,92.0,,,,,,,,,,,,,,94.4333,,,,,,,,,,96.9898,,,,,,,,,100.0,,97.0,,,,,,,,
222,Palestine,PSE,,1.0,,,,,,,,,,,,,,,,,,,,,,,,,,,,,,,,,,,,,,,,,,,,,92.0,,93.0,94.0,94.0,94.0,95.0,95.0,96.0,96.0,96.0,96.0,97.0,97.0,97.0,97.0,98.0,,98.0,
223,Panama,PAN,PAN,1.5,,,,,,,,,,,79.0,80.0,80.0,81.0,81.0,82.0,83.0,83.0,84.0,84.0,88.0,,,,,,,,,,89.0,,,,,,,,,,92.0,,,,,,,,,,94.0,,,,,95.03823,,,95.0,96.0,,,,
224,Papua New Guinea,PNG,PNG,1.5,,,,,,,,,,,,,,,,,,,,,,,,,,,,,,,,,,,,,,,,,57.0,,,,,,,,,,61.599999235,,,,63.09609,63.43349,,70.06368128,,,,,,
225,Paraguay,PRY,PRY,1.5,,,,,,,,,,,80.0,80.0,81.0,82.0,82.0,83.0,84.0,84.0,85.0,85.0,86.0,86.0,78.0,,,,,,,,,,90.0,,,,,,,,,,,,,,,95.0,93.0,94.0,94.0,,94.0,95.0,95.0,96.0,95.0,,94.0,93.0,95.0,,,
226,Peru,PER,PER,1.5,,,,,,,,,,,72.0,,,,,,,,,79.0,79.0,82.0,,,,,,,,,,,,87.0,,,,,,,,,,,88.0,88.0,89.0,90.0,,,,,94.0,,94.0,94.0,94.0,94.0,94.0,,94.0,,,
227,Philippines,PHL,PHL,1.5,,,,,,,,,,,,,,,,,,,,,83.0,,,,,,,,,,94.0,,,,94.0,,,,,,93.0,,,93.0,,,,,95.0,,,,,96.0,,98.0,,,,96.0,98.0,,,
228,Poland,POL,POL,1.5,,,,,,,,,,,,,,,,,,,99.0,,,,,,,,,,99.300001525,,,,,,99.40237,,,,,,,,,,99.61794,,,,,,,,,,99.77411,99.78742,,,,,,99.800001525,,
229,Portugal,PRT,PRT,1.5,,,,,,,,,,,,,,,,,,,,,,79.0,,,,,,,,,,88.0,,,,,,,,,,,,,,,,,,,,94.0,,,,95.42811,,,,,,96.77999939,,
230,Post-demographic dividend,,PST,2.0,,,,,,,,,,,,,,,,,,,,,,,,,,,,,,,,,,,,,,,,,,,,,,,,,,,,,,,,,,,,,,,,
231,Pre-demographic dividend,,PRE,1.5,,,,,,,,,,,,,,,,,,,,,,,,,,,48.6153183,49.32678986,49.90282059,50.56497955,51.1485405,51.64096832,52.13043976,52.64649963,53.25341034,53.67150879,54.3509407,55.22483063,55.89315033,56.81417847,55.557046875,56.23178101,57.09481812,57.57241821,58.13471985,57.69998169,56.53968811,55.42623138,55.72735977,54.55514145,56.945621485000004,56.96166992,58.28786087,59.20980072,59.8719101,60.47603989,61.07239914,62.14514923,63.77333832,63.98616028,64.26683807,64.72286987,65.18647766,65.57189941
232,Puerto Rico,PRI,PRI,1.5,,,,,,,,,,,,,,,,,,,,,87.0,,,,,,,,,,90.0,,,,,,,,,,,,,,90.52934,,,,,,92.0,,,,,93.32942,,92.0,,,,92.400000765,,
233,Qatar,QAT,QAT,1.5,,,,,,,,,,,,,,,,,,,,,,,,,,,76.0,,,,,,,,,,,83.0,,,,,,,89.0,,,93.0,94.0,95.0,96.0,96.0,97.0,97.0,98.0,97.75709,,,,,,,,
234,Romania,ROU,ROU,1.5,,,,,,,,,,,,,,,,,,,,,,,,,,,,,,,,,97.0,,,,,,,,,,97.0,,,,,,,,,99.0,,,,98.75703,,,,,,99.0,,
235,Russia,RUS,,1.0,,,,,,,,,,,,,,,,,,,,,,,,,,,,,,,,,,,,,,,,,,,99.0,,,,,,,,100.0,,,,,99.71957,,,,,,100.0,,
236,Russian Federation,,RUS,2.0,,,,,,,,,,,,,,,,,,,,,,,,,,,,,,98.0,,,,,,,,,,,,,99.0,,,,,,,,100.0,,,,,,,,,,,100.0,,
237,Rwanda,RWA,RWA,1.5,,,,,,,,,,,,,,,,,,,38.0,,,,,,,,,,,,,58.0,,,,,,,,,65.0,,,,,,,,,,65.852271015,,68.0,,71.0,71.2435,,,73.0,,80.05085876999999,,79.0,
238,Saint Helena,SHN,,1.0,,,,,,,,,,,,,,,,,,,,,,,,,,,,,,,,,,,,,,,,,,,,,,,,,,,,,,,,,,,,,,,,
239,Saint Kitts and Nevis,KNA,,1.0,,,,,,,,,,,,,,,,,,,,,,,,,,,,,,,,,,,,,,,,,,,,,,,,,,,,,,,,,,,,,,,,
240,Saint Lucia,LCA,,1.0,,,,,,,,,,,,,,,,,,,,,,,,,,,,,,,,,,,,,,,,,,,,,,,,,,,,,,,,,,,,,,,,
241,Saint Pierre and Miquelon,SPM,,1.0,,,,,,,,,,,,,,,,,,,,,,,,,,,,,,,,,,,,,,,,,,,,,,,,,,,,,,,,,,,,,,,,
242,Saint Vincent and the Grenadines,VCT,,1.0,,,,,,,,,,,,,,,,,,,,,96.9,,,,,,,,,,,,,,,,,,,,,,,,,,,,,,,,,,,,,,,,,,,
243,Samoa,WSM,WSM,1.5,,,,,,,,,,,,,,,,,,,,,,,,,,,,,,,,98.0,,,,,,,,,,,,,98.54048,,,,,,,99.0,,,,99.01501,,,,97.99025863,,99.099999235,,
244,San Marino,SMR,SMR,1.5,,,,,,,,,,,,,,,,,,,,,,,,,,,,,,,,,,,,,,,,,,,,,,,,,,,,,,,,,,,,,,,100.0,
245,Sao Tome and Principe,STP,STP,1.5,,,,,,,,,,,,,,,,,,,,,,57.0,,,,,,,,,,73.0,,,,,,,,,,85.0,,,,,,,69.536391105,,,,90.0,,,91.74711,,,,87.43846065,,,93.75,
246,Saudi Arabia,SAU,SAU,1.5,,,,,,,,,,,,,,,,,,,,,,,,,,,,,,,,,71.0,,,,,,,,79.0,,,,83.0,,,,,,,,,94.0,,94.84237,,95.0,,,98.0,,,
247,Senegal,SEN,SEN,1.5,,,,,,,,,,,,,,,,,,,,,,,,,,,,,27.0,,,,,,,,,,,,,,39.0,,,,42.0,,,48.0,,52.0,,44.0,,43.59273074,46.099639945,52.0,46.605910625,46.833670784999995,,,57.669999085,
248,Serbia,SRB,SRB,1.5,,,,,,,,,,,,,,,,,,,,,,,,,,,,,,,,,,,,,,,,,,,,96.0,,,,,,,,98.0,,,,98.00289,99.0,,,99.0,,,,
249,Seychelles,SYC,SYC,1.5,,,,,,,,,,,,,,,,,,,,,,,,,,,,84.0,,,,,,,88.0,,,,,,,,92.0,,,,,,,,94.0,,,,,95.32108,,,,,96.199998475,,,
250,Sierra Leone,SLE,SLE,1.5,,,,,,,,,,,,,,,,,,,,,,,,,,,,,,,,,,,,,,,,,,,,,35.0,,,,,,,,,32.426170174999996,47.18624,48.4319,,44.833179735,,43.57778084,,,48.639999695,
251,Singapore,SGP,SGP,1.5,,,,,,,,,,,,,,,,,,,,,83.0,,,,,,,,,,89.0,,,,,,,,,,93.0,,,,,,,,,,96.0,96.0,96.0,97.0,97.0,97.0,97.0,97.0,97.0,97.0,97.0,98.0,,
252,Sint Maarten (Dutch part),,SXM,2.0,,,,,,,,,,,,,,,,,,,,,,,,,,,,,,,,,,,,,,,,,,,,,,,,,,,,,,,,,,,,,,,,
253,Slovak Republic,,SVK,2.0,,,,,,,,,,,,,,,,,,,,,,,,,,,,,,,,,,,,,,,,,,,,,,,,,,,,,,,,,,,,,,,,
254,Slovakia,SVK,,1.0,,,,,,,,,,,,,,,,,,,,,,,,,,,,,,,,,,,,,,,,,,,,,,,,,,,,,,,,,,,,,,,,
255,Slovenia,SVN,SVN,1.5,,,,,,,,,,,,,,,,,,,,,,,,,,,,,,,,100.0,,,,,,,,,,99.599999235,,,99.65179,,,,,,,,,,99.71005,99.71476,,,,,,,,
256,Small states,,SST,1.5,,,,,,,,,,,,,,,,,,,,,,,,,,,,76.59896088,77.08329773,77.56575775,77.97901917,78.23251343,78.44293213,78.77449036,79.01834106,79.36514282,79.85037994,80.26954651,80.8795166,81.30793762,81.46612615000001,81.86342621,82.4238205,82.89437866,83.33364105,83.78720093,83.45960236,83.16928864,83.72524261,83.35756683,84.78402320500001,84.27381134,84.5370636,84.8219223,85.118927,85.68604279,86.0087738,86.30052185,86.53237915,86.74028778,86.90699768,87.02258301,87.10311127,87.28028107
257,Solomon Islands,SLB,SLB,1.5,,,,,,,,,,,,,,,,,,,,,,,,,,,,,,,,,,,,,,,,77.0,,,,,,,,,,,,84.1,,,,,,,,,,,,
258,Somalia,SOM,SOM,1.5,,,,,,,,,,,,,5.404650211,,,,,,,,,,,,,,,,,,,,,,,,,,,,,37.8,,,,,,,,,,,,,,,,,,,,,54.0,
259,South Africa,ZAF,ZAF,1.5,,,,,,,,,,,,,,,,,,,,,76.0,,,,,,,,,,,,,,,,82.0,,,,,,,,,,,89.0,,93.0,93.0,93.0,94.0,,94.0,94.0,91.737241825,87.0,,95.0,,90.0,,
260,South Asia,,SAS,1.5,,,,,,,,,,,,,,,,36.03934097,36.04425049,36.6957283,37.34392166,37.98553848,38.59590149,39.17633057,39.82555008,40.47922134,41.13370132,41.78567123,42.44036865,43.09804916,43.84537125,44.61243057,45.35921097,46.08563995,47.08633041,48.08145905,48.84938049,49.64049149,50.44919968,51.26016998,56.07955933,56.87630844,57.868000679999994,58.41305923,59.20312881,60.09577942,60.87617111,60.67367172,60.8487587,61.68392181,62.59629822,63.45801163,66.36007058999999,66.62985992,66.67658997,67.70575714,68.45516205,69.78215027,71.10578156,71.66783142,72.19206238,71.96602631,72.68318939,73.47901154,74.26526642,75.0088501
261,South Asia (IDA & IBRD),,TSA,1.5,,,,,,,,,,,,,,,,36.03934097,36.04425049,36.6957283,37.34392166,37.98553848,38.59590149,39.17633057,39.82555008,40.47922134,41.13370132,41.78567123,42.44036865,43.09804916,43.84537125,44.61243057,45.35921097,46.08563995,47.08633041,48.08145905,48.84938049,49.64049149,50.44919968,51.26016998,56.07955933,56.87630844,57.868000679999994,58.41305923,59.20312881,60.09577942,60.87617111,60.67367172,60.8487587,61.68392181,62.59629822,63.45801163,66.36007058999999,66.62985992,66.67658997,67.70575714,68.45516205,69.78215027,71.10578156,71.66783142,72.19206238,71.96602631,72.68318939,73.47901154,74.26526642,75.0088501
262,South Asia (WB),,,1.0,,,,,,,,,,,,,,,,,36.04425,36.69573,37.34392,37.98554,38.5959,39.17633,39.82555,40.47922,41.1337,41.78567,42.44037,43.09805,43.84537,44.61243,45.35921,46.08564,47.08633,48.08146,48.84938,49.64049,50.4492,51.26017,56.07956,56.87631,57.65058,58.41306,59.20313,60.09578,60.87617,60.67367,60.84876,61.68392,62.5963,63.45801,66.02896,66.62986,66.67659,67.70576,68.45516,69.78215,71.10578,71.66783,72.19206,71.96603,72.68319,73.47901,74.26527,75.00885
263,South Korea,KOR,,1.0,,,,,,,,,,,,,,,,,,,,,,,,,,,,,,,,,,,,,,,,,,,,,,,,,,,,,,,,,,,98.8,,,,,
264,South Sudan,SSD,SSD,1.5,,,,,,,,,,,,,,,,,,,,,,,,,,,,,,,,,,,,,,,,,,,,,,,,,27.0,,,,,,,31.97625,,,34.52275924,,,,,
265,Southern and Eastern Africa (WB),,,1.0,,,,,,,,,,,,,,,,,,,,,,,,,,,,,57.26846,57.61875,58.14876,58.1818,58.46995,58.9126,59.3459,59.92194,60.44986,61.19146,61.40491,62.26571,62.7701,63.25819,63.95227,64.44235,64.67675,64.13368,62.17928,63.13408,63.36718,64.0625,64.81,66.87128,68.54787,69.38086,70.03531,70.44709,71.10517,71.02998,71.4954,72.65866,72.85576,72.63891,72.98156,73.27511
266,Spain,ESP,ESP,1.5,,,,,,,,,,,,,,,,,,,,,,93.0,,,,,,,,,,96.0,,,,,,,,,,,,,97.0,98.0,98.0,98.0,98.0,98.0,98.0,98.0,98.0,98.0,98.0,98.0,98.0,,98.0,,99.0,,,
267,Sri Lanka,LKA,LKA,1.5,,,,,,,,,,,,,,,,,,,,,,87.0,,,,,,,,,,,,,,,,,,,,91.0,,,,,91.0,,91.0,,91.0,,,,,92.61417,92.0,92.0,92.0,92.0,92.0,92.0,92.0,
268,St. Kitts and Nevis,,KNA,2.0,,,,,,,,,,,,,,,,,,,,,,,,,,,,,,,,,,,,,,,,,,,,,,,,,,,,,,,,,,,,,,,,
269,St. Lucia,,LCA,2.0,,,,,,,,,,,,,,,,,,,,,,,,,,,,,,,,,,,,,,,,,,,,,,,,,,,,,,,,,,,,,,,,
270,St. Martin (French part),,MAF,2.0,,,,,,,,,,,,,,,,,,,,,,,,,,,,,,,,,,,,,,,,,,,,,,,,,,,,,,,,,,,,,,,,
271,St. Vincent and the Grenadines,,VCT,2.0,,,,,,,,,,,96.0,,,,,,,,,,96.90000153,,,,,,,,,,,,,,,,,,,,,,,,,,,,,,,,,,,,,,,,,,,
272,Sub-Saharan Africa,,SSF,1.5,,,,,,,,,,,,,,,,,,,,,,,,,,49.67414856,49.99504852,50.62445831,51.13832855,51.67958832,52.30686188,52.65164185,53.12543869,53.70679855,54.30921173,54.72154999,55.37812042,56.21823883,56.89160919,57.74525833,56.62754822,57.40013885,58.11590958,58.64590073,59.33332062,59.0567894,58.16810989,57.96337891,58.28564835,58.7571106,60.156543944999996,60.91714096,62.14601135,62.99641037,63.6872406,64.28751373,64.87825775,65.2303009,66.81656647,67.44165039,67.62378693,67.61567688,67.93572998,68.19624329
273,Sub-Saharan Africa (IDA & IBRD countries),,TSS,2.0,,,,,,,,,,,,,,,,,,,,,,,,,,49.67414856,49.99504852,50.62445831,51.13832855,51.67958832,52.30686188,52.65164185,53.12543869,53.70679855,54.30921173,54.72154999,55.37812042,56.21823883,56.89160919,57.74525833,56.62754822,57.40013885,58.11590958,58.64590073,59.33332062,59.0567894,58.16810989,57.96337891,58.28564835,58.7571106,59.43254089,60.91714096,62.14601135,62.99641037,63.6872406,64.28751373,64.87825775,65.2303009,66.81656647,67.44165039,67.62378693,67.61567688,67.93572998,68.19624329
274,Sub-Saharan Africa (IDA & IBRD),,,1.0,,,,,,,,,,,,,,,,,,,,,,,,,,,,,,,,,,,,,,,,,56.981934,,,,,,,,,,60.880547,,,,,,,,,,,,,
275,Sub-Saharan Africa (WB),,,1.0,,,,,,,,,,,,,,,,,,,,,,,,,,,49.99505,50.62446,51.13833,51.67959,52.30686,52.65164,53.12544,53.7068,54.30921,54.72155,55.37812,56.21824,56.89161,57.74526,56.62755,57.40014,58.11591,58.6459,59.33332,59.05679,58.16811,57.96338,58.28565,58.75711,59.43254,60.91714,62.14601,62.99641,63.68724,64.28751,64.87826,65.2303,66.81657,67.44165,67.62379,67.61568,67.93573,68.19624
276,Sub-Saharan Africa (excluding high income),,SSA,1.5,,,,,,,,,,,,,,,,,,,,,,,,,,49.66851044,49.98936081,50.61877823,51.13262939,51.67388153,52.30115128,52.64590836,53.11983109,53.70127869,54.30374908,54.71612167,55.37276077,56.21297836,56.88634872,57.74010086,56.62213135,57.39482117,58.11067963,58.64075089,59.32826996,59.05170059,58.16289139,57.95812988,58.28050995,58.75204086,60.15165695,60.91238022,62.14141846,62.99195862,63.68292999,64.28331757,64.87419128,65.22631836,66.81282806,67.43804169,67.62024689,67.61219788,67.93235779,68.19297791
277,Sudan,SDN,SDN,1.5,,,,,,,,,,,,,,,,,,,,,,,,,,,,,,,,,,,,,,,,,61.0,,,,,,,,54.0,,,,,,,58.60132,,,60.69718085,,,,,
278,Suriname,SUR,SUR,1.5,,,,,,,,,,,,,,,,,,,,,,,,,,,,,,,,,,,,,,,,,,,,,90.0,,,,95.0,,95.0,,93.0,,,95.53899,,,,,,95.0,,
279,Sweden,SWE,SWE,1.5,,,,,,,,,,,,,,,,,,,,,,,,,,,,,,,,,,,,,,,,,,,,,,,,,,,,,,,,,,,,,,,,
280,Switzerland,CHE,CHE,1.5,,,,,,,,,,,,,,,,,,,,,,,,,,,,,,,,,,,,,,,,,,,,,,,,,,,,,,,,,,,,,,,,
281,Syria,SYR,,1.0,,,,,,,,,,,,,,,,,,,,,,,,,,,,,,,,,,,,,,,,,,,83.0,,81.0,,,,,,,,,,86.3,86.30393,,,,,,94.0,,
282,Syrian Arab Republic,,SYR,2.0,,,,,,,,,,,,,,,,,,,,,,56.0,,,,,,,,,,,,,,,,,,,,,83.0,,81.0,,,,,,,,,,86.30000305,,,,,,,94.0,,
283,Taiwan,TWN,,1.0,,,,,,,,,,,,,,,,,,,,,,,,,,,,,,,,,,,,,,,,,,,,,,,,,,,,,,,,,,,,,,,,
284,Tajikistan,TJK,TJK,1.5,,,,,,,,,,,,,,,,,,,,,,,,,,,,,,98.0,,,,,,,,,,,99.0,,,,,,,,,,99.699998475,,,,99.76841,99.78105,,,,,,,,
285,Tanzania,TZA,TZA,1.5,,,,,,,,,,,,,,,,,,,,,,,,,,,,,59.0,,,,,,,,,,,,,,69.0,,,,,,,,67.800698665,,78.0,,,78.0,,,,,,,82.01999832,
286,Thailand,THA,THA,1.5,,,,,,,,,,,,,,,,,,,,,88.0,,,,,,,,,,,,,,,,,,,,93.0,,,,,94.0,,,,,96.0,,,94.0,,93.0,91.98139977,,94.0,91.26914989,,94.099999235,91.099869385,
287,Timor-Leste,,TLS,2.0,,,,,,,,,,,,,,,,,,,,,,,,,,,,,,,,,,,,,,,,,,38.0,,,,,,51.0,,,58.0,,,,,,65.77912903,,,,69.90000153,,,
288,Togo,TGO,TGO,1.5,,,,,,,,,,,,,,,,,,,,,,,,,,,,,,,,,,,,,,,,,53.0,,,,,,57.0,,,57.0,,60.0,,,,64.0,,,,67.0,,,,
289,Tonga,TON,TON,1.5,,,,,,,,,,,,,,,,,100.0,,,,,,,,,,,,,,,,,,,,99.0,,,,,,,,,,99.0,,,,,99.0,,,,99.39786,,,,91.05162024,,99.400000765,,
290,Trinidad and Tobago,TTO,TTO,1.5,,,,,,,,,,,,,,,,,,,,,95.0,,,,,,,,,,97.0,,,,,,,,,,97.900000765,,,,98.28851,,,,,,,,,,98.91949,98.96958,,,,,,,,
291,Tunisia,TUN,TUN,1.5,,,,,,,,,,,,,,,,,,,,,,,,,48.0,,,,,,,,,,59.06181,,,,,,,,,,74.0,,,77.0,78.0,,79.0,80.0,80.0,,79.0,81.05419,,,79.47511146,81.0,,,85.214928835,
292,Turkey,TUR,,1.0,,,,,,,,,,,,,,,,,,,,,66.0,,,,,76.0,,,,,79.0,,,,,,,,,,,,,,87.0,88.0,88.0,89.0,,91.0,93.0,94.0,95.0,95.0,95.0,96.0,96.0,96.0,,97.0,,,,
293,Turkiye,,TUR,2.0,,,,,,,,,,,,,,,,62.0,,,,,66.0,,,,,76.0,,,,,79.0,,,,,,,,,,,,,,87.0,88.0,88.0,89.0,,91.0,93.0,94.0,95.0,95.0,95.0,96.0,96.0,96.0,,97.0,,,,
294,Turkmenistan,TKM,TKM,1.5,,,,,,,,,,,,,,,,,,,,,,,,,,,,,,,,,,,,99.0,,,,,,,,,,99.400000765,,,,,,,,,99.67285,99.69293,,,,,,,,
295,Turks and Caicos Islands,TCA,TCA,1.5,,,,,,,,,,,,,,,,,,,,,,,,,,,,,,,,,,,,,,,,,,,,,,,,,,,,,,,,,,,,,,,,
296,Tuvalu,,TUV,2.0,,,,,,,,,,,,,,,,,,,,,,,,,,,,,,,,,,,,,,,,,,,,,,,,,,,,,,,,,,,,,,,,
297,Uganda,UGA,UGA,1.5,,,,,,,,,,,,,,,,,,,,,,,,,,,,,,,,56.0,,,,,,,,,,,68.0,,,,71.0,,,,73.0,,70.0,,,73.80984,69.10131917999999,,,,,,80.58999817,
298,Ukraine,UKR,UKR,1.5,,,,,,,,,,,,,,,,,,,,,,,,,,,,,,,,,,,,,,,,,,99.0,,,,,,,,,,,99.97434999000001,,99.75347,99.76411,,,,,,100.0,,
299,United Arab Emirates,ARE,ARE,1.5,,,,,,,,,,,,,,,,54.0,,,,,,,,,,71.0,,,,,,,,,,,,,,,,,,,,90.0,,,,,,,,,,92.98637,,,,98.0,,98.0,98.0,
300,United Kingdom,GBR,GBR,1.5,,,,,,,,,,,,,,,,,,,,,,,,,,,,,,,,,,,,,,,,,,,,,,,,,,,,,,,,,,,,,,,,
301,United States,USA,USA,1.5,,,,,,,,,,,,,,,,,,,,99.4,,,,,,,,,,,,,,,,,,,,,,,,99.0,,,,,,,,,,,,,,,,,,,,
302,Upper middle income,,UMC,1.5,,,,,,,,,,,,,,,,,66.26718903,66.49082947,67.51542664,68.63815308,69.66098785,70.64652252,71.57012939,72.50382233,73.58393097,74.48500061,75.36734009,76.26551056,79.67043304,80.31057739,81.0411377,81.5865097,82.15757751,82.69789886,83.23142242,83.80123901,84.31269073,88.71679688,89.11769867,89.47644806,90.26699042,90.19641876,90.54138947,90.98182678,91.32369995,91.58415985,91.86817169,92.87728882,93.30886078,93.4050293,93.939090945,93.75010681,93.99739075,94.06516266,94.4168396,94.53935242,94.7611618,94.77168274,94.92601776,95.21391296,95.32048035,95.35308075,95.49536896,95.61952209
303,Upper-middle-income countries,,,1.0,,,,,,,,,,,,,,,,,,66.49083,67.51543,68.63815,69.66099,70.64652,71.57013,72.50382,73.58393,74.485,75.36734,76.26551,79.67043,80.31058,81.04114,81.58651,82.15758,82.6979,83.23142,83.80124,84.31269,88.7168,89.1177,89.47645,89.87667,90.19642,90.54139,90.98183,91.3237,91.58416,91.86817,92.87729,93.30886,93.40503,93.60919,93.75011,93.99739,94.06516,94.41684,94.53935,94.76116,94.77168,94.92602,95.21391,95.32048,95.35308,95.49537,95.61952
304,Uruguay,URY,URY,1.5,,,,,,,,,,,93.0,93.0,93.0,93.0,94.0,94.0,,,,,,,,,,95.0,,,,,,,,,,,97.0,,,,,,,,,,98.0,98.0,98.0,98.0,98.0,98.0,98.0,98.0,98.0,99.0,99.0,99.0,99.0,99.0,,,99.0,
305,Uzbekistan,UZB,UZB,1.5,,,,,,,,,,,,,,,,,,,,,,,,,,,,,,,,,,,,,,,,,99.0,,,,,,,,,,,,,100.0,100.0,100.0,100.0,,100.0,100.0,,100.0,100.0,
306,Vanuatu,VUT,VUT,1.5,,,,,,,,,,,,,,,,,,,,53.0,,,,,58.200000380000006,,,,,,,,,,68.699998475,,,,,74.0,,,,,78.400000765,,,,,,,,,,84.699998475,85.05868,,,,,,89.099999235,,
307,Vatican,VAT,,1.0,,,,,,,,,,,,,,,,,,,,,,,,,,,,,,,,,,,,,,,,,,,,,,,,,,,,,,,,,,,,,,,,
308,Venezuela,VEN,,1.0,,,,,,,,,,,76.0,77.0,78.0,79.0,80.0,80.0,81.0,82.0,83.0,83.0,84.0,85.0,,,,,,,,,90.0,,,,,,,,,,,93.0,,,,,,95.0,,96.0,,95.0,,,,97.0,97.0,,,,,,97.6,
309,"Venezuela, RB",,VEN,2.0,,,,,,,,,,,,,,,,,,,,,,85.0,,,,,,,,,90.0,,,,,,,,,,,93.0,,,,,,95.0,,96.0,,95.0,,,,97.0,97.0,,,,,,97.59999847,
310,Viet Nam,,VNM,2.0,,,,,,,,,,,,,,,,,,,,84.0,,,,,,,,,,88.0,,,,,,,,,,90.0,90.0,,,,,,,,,94.0,,,,,,,,,,96.0,,,96.0,
311,Vietnam,VNM,,1.0,,,,,,,,,,,,,,,,,,,,,,,,,,,,,,88.0,,,,,,,,,,90.0,90.0,,,,,,,,,94.0,,,,,,94.51427,,,,96.0,,,96.0,
312,Virgin Islands,,,1.0,,,,,,,,,,,,,,,,,,,,,,,,,,,,,,,,,,,,,,,,,,,,,,,,,,,,,,,,,,,,,,,,
313,Virgin Islands (U.S.),,VIR,2.0,,,,,,,,,,,,,,,,,,,,,,,,,,,,,,,,,,,,,,,,,,,,,,,,,,,,,,,,,,,,,,,,
314,Wallis and Futuna,WLF,,1.0,,,,,,,,,,,,,,,,,,,,,,,,,,,,,,,,,,,,,,,,,,,,,,,,,,,,,,,,,,,,,,,,
315,West Bank and Gaza,,PSE,2.0,,,,,,,,,,,,,,,,,,,,,,,,,,,,,,,,,,,,,,86.0,,,,,,,92.0,,93.0,94.0,94.0,94.0,95.0,95.0,96.0,96.0,96.0,96.0,97.0,97.0,97.0,97.0,98.0,,98.0,
316,Western and Central Africa (WB),,,1.0,,,,,,,,,,,,,,,,,,,,,,,,,,,40.55083,41.29014,41.97093,42.79779,43.57052,44.36271,45.13663,45.95827,46.83009,47.00222,47.86489,48.86634,50.23897,51.08981,47.57738,48.76512,49.49761,50.07911,51.42786,51.54042,52.22362,50.2877,50.72984,50.85757,51.41708,52.02649,52.57311,53.42175,54.14114,55.00662,55.46578,56.4722,59.74735,59.55367,59.70324,60.00732,60.29085,60.50555
317,World,OWID_WRL,WLD,1.5,,,,,,,,,,,,,,,,,65.65878147999999,65.94909834,66.57205981499999,67.233749695,67.84754971999999,68.450530505,69.042138575,69.61132025,70.27236969,70.864358495,71.416039255,72.10942039,73.824089525,74.34681850999999,74.906920695,75.28640873500001,75.69422075,76.10236179500001,76.50138927500001,76.91177184,77.29624088,79.28838174,80.46865041,80.80593936,80.97917969,81.28595867,81.64013836000001,82.114241275,82.44724137,82.454710955,82.425248595,83.011801335,83.38551165499999,83.60867155,84.22715879500001,84.41078093,84.601379695,84.90309952999999,85.286391105,85.67887939,86.000108405,86.177000975,86.437478555,86.54791130000001,86.74745089000001,86.92751156,87.15532842,87.356001405
318,Yemen,YEM,,1.0,,,,,,,,,,,,,,,,,,,,,,,,,,,,,,,,,,,,,,,,,,,,,54.1,,,,,,,,,,68.78942,69.96195,,,,,,,,
319,"Yemen, Rep.",,YEM,2.0,,,,,,,,,,,,,,,,,,,,,,,,,,,,,,,,,,,37.0,,,,,,,,,,54.09999847,,,,,,,,,,,,,,,,,,,
320,Zambia,ZMB,ZMB,1.5,,,,,,,,,,,,,,,,,,,,,,,,,,,,,,,65.0,,,,,,,,,68.0,,,69.0,,,,,61.127090225,,,83.0,,,,,85.11726,,,71.132300665,,87.5,,,
321,Zimbabwe,,ZWE,2.0,,,,,,,,,,,,,,,,,,,,,,,78.0,,,,,,,,,,84.0,,,,,,,,,,,,,,,,,,,83.58271027,,,88.69342041,,,,,93.22754669,,,89.84999847,
