Country name,1900,1901,1902,1903,1904,1905,1906,1907,1908,1909,1910,1911,1912,1913,1914,1915,1916,1917,1918,1919,1920,1921,1922,1923,1924,1925,1926,1927,1928,1929,1930,1931,1932,1933,1934,1935,1936,1937,1938,1939,1940,1941,1942,1943,1944,1945,1946,1947,1948,1949,1950,1951,1952,1953,1954,1955,1956,1957,1958,1959,1960,1961,1962,1963,1964,1965,1966,1967,1968,1969,1970,1971,1972,1973,1974,1975,1976,1977,1978,1979,1980,1981,1982,1983,1984,1985,1986,1987,1988,1989,1990,1991,1992,1993,1994,1995,1996,1997,1998,1999,2000,2001,2002,2003,2004,2005,2006,2007,2008,2009,2010,2011,2012,2013,2014,2015,2016,2017,2018,2019,2020,2021,2022,2023,2024
Afghanistan,,,,,,,,,,,,,,,,,,,,,,,,,,,,,,,,,,,,,,,,,,,,,,,,,,,,,,,0.0,,0.0,,,,,,,0.0,,,,,,48000.0,,0.0,250000.0,0.0,,,170000.0,,264044.0,,30000.0,,35000.0,27440.0,0.0,,,0.0,161000.0,,0.0,137200.0,4000.0,0.0,100000.0,0.0,12355.0,20000.0,102000.0,60685.0,648307.0,1165846.0,1061292.0,500.0,2800.0,34656.0,2225515.0,26755.0,451502.0,62521.0,45000.0,1753000.0,48394.0,21485.0,140000.0,26575.0,0.0,9545.0,7627203.0,5999947.0,42941.0,4592321.0,5170923.0,2450123.0,16770.0
Africa,0.0,,,0.0,,,0.0,0.0,,0.0,6396.0,6396.0,6396.0,6396.0,6416.0,,,,,,0.0,,,,,,0.0,0.0,,,,,,,,,,,,0.0,0.0,0.0,0.0,0.0,0.0,,0.0,,0.0,,,0.0,0.0,,0.0,0.0,0.0,0.0,,0.0,0.0,0.0,0.0,80400.0,751500.0,1950813.0,30000.0,180183.0,601600.0,2733363.0,991133.0,2006075.0,3211884.0,878125.0,3270821.0,2481386.0,2909485.0,4987645.0,3579851.0,2826944.0,3733118.0,5862210.0,5377890.0,11947224.0,23523334.0,15289219.0,1152314.0,12071355.0,5967199.0,2792982.0,10494910.0,13160873.0,14935429.0,6940835.0,8002487.0,6200050.0,1891465.0,6501871.0,4634595.0,4290015.0,22036068.0,17941751.0,19245859.0,12703129.0,27766876.0,10565924.0,17331170.0,7355060.0,11943170.0,22285542.0,18647599.0,20190346.0,31093844.0,7454763.0,7706152.0,12499457.0,27583207.0,25579535.0,7216534.0,18368631.0,26637097.0,35014148.0,123383362.0,16356816.0,5373663.0
Albania,,,,,,0.0,,,,,,,,,,,,,,,0.0,,,,,,,,,,2940.0,0.0,,,,,,,,,,,0.0,,,,,,,,,,,,,,,,,,,,0.0,,,,,0.0,,,,,,,,,,,,0.0,,,0.0,,,5745.0,,,690.0,1066666.0,1066666.0,1066668.0,35000.0,,,3500.0,,8000.0,2100.0,,,,191884.0,,2500.0,400500.0,,150.0,,2538.0,18062.0,,230000.0,,,42300.0,4500.0,21000.0,800.0,206800.0,,84.0,0.0,,
Algeria,,,,,,,,,,,0.0,,,,,,,,,,,,,,,,,0.0,,,,,,,,,,,,,,,,,,,0.0,,,,,,0.0,,0.0,,,,,,0.0,,,45400.0,,37000.0,20000.0,30000.0,,200000.0,,,,85000.0,20000.0,,,,,30000.0,478948.0,0.0,8500.0,0.0,0.0,0.0,,3145.0,10107.0,12000.0,,,2250.0,0.0,13700.0,,0.0,0.0,,0.0,100.0,45000.0,2285.0,0.0,27545.0,70.0,60160.0,1300.0,59000.0,0.0,,750.0,0.0,,0.0,35000.0,,125000.0,200.0,125000.0,15000.0,45402.0,6518.0,31450.0,1000.0
American Samoa,,,,,,,,,,,,,,,,,,,,,,,,,,,,,,,,,,,,,,,,,,,,,,,,,,,,,,,,,,,,,,,,,,,0.0,,,,,,,,,,,,,,,,,,,,,,,0.0,,,,,,,,,,,,,,0.0,20000.0,0.0,,,,2500.0,,,,,,,,,,,,,,,
Angola,,,,,,,,,,,,,,,,,,,,,,,,,,,,,,,,,,,,,,,,,,,,,,,,,,,,,,,,,,,,,,,,,,,,,,,,,,,,,,,,,,80000.0,,,,500000.0,,,,574674.0,474674.0,474674.0,475978.0,,,,,47883.0,57117.0,,70000.0,39928.0,0.0,0.0,338262.0,18738.0,0.0,40000.0,81400.0,220000.0,110875.0,88680.0,1229854.0,606950.0,,3000.0,4744.0,1446500.0,3000.0,11630.0,132917.0,1328199.0,213090.0,70460.0,
Anguilla,,,,,,,,,,,,,,,,,,,,0.0,0.0,0.0,0.0,0.0,,,,,,,,,,,,,,,,,,,,,,,,,,,,,,,,0.0,,,,,0.0,,,,,,,,,,,,,,,,,,,0.0,,,,,,,,,,,,,,,,,,,,150.0,,,,,,,,,,,,,,,,,,15000.0,,,,,,,
Antigua and Barbuda,,,,,,,,,,,,,,,,,,,,,,,,,,,,,,,,,,,,,,,,,,,,,,,,,,,0.0,,,,,,,,,,0.0,,,,,,0.0,,,,,,,,,,,,,,,,,75000.0,,,,,,7500.0,0.0,,,,,0.0,,,0.0,4500.0,,,,,,,,,25800.0,,5000.0,,,,,,,1800.0,,,,,,,
Argentina,,,,,,,,,,,,,,,,,,,,,0.0,,,,,,,,,,,,,,,,,,,,,,,,120000.0,,,,,,,,,,,,,,0.0,,,,,,,0.0,120000.0,142000.0,,,0.0,,0.0,0.0,100000.0,0.0,,2500.0,1600.0,20000.0,40000.0,,50000.0,5830000.0,12000.0,1195000.0,145000.0,165000.0,4600000.0,,2000.0,62000.0,0.0,4000.0,0.0,33500.0,,12500.0,364000.0,0.0,30300.0,254800.0,11700.0,143900.0,6300.0,0.0,4500.0,130000.0,85000.0,54128.0,0.0,3000.0,17500.0,350000.0,7553.0,109221.0,122181.0,54443.0,64620.0,47007.0,14906.0,14778.0,124085.0,45100.0,800000.0
Armenia,,,,,,,,,,,,,,,,,,,,,,,,,,,,,,,,0.0,,,,,,,,,,,,,,,,,,,,,,,,,,,,,,,,,,,,,,,,,,,,,,,,,,,,,,,,,,,,,,,,,,22000.0,0.0,,297000.0,,,,0.0,,,,,,,,,68133.0,7867.0,,750.0,,9900.0,11700.0,2836.0,,,18000.0,
Asia,0.0,0.0,0.0,60000.0,0.0,177.0,10000.0,0.0,,0.0,0.0,0.0,0.0,0.0,0.0,3000000.0,0.0,635000.0,0.0,0.0,20000000.0,,0.0,100000.0,1000000.0,0.0,0.0,69463.0,0.0,0.0,0.0,0.0,0.0,0.0,0.0,10030000.0,0.0,0.0,920.0,585000.0,0.0,5000.0,0.0,44000.0,0.0,1881672.0,0.0,0.0,414153.0,194046.0,10667117.0,378534.0,1000029.0,2936760.0,47049.0,0.0,1000000.0,528240.0,26030.0,1513000.0,807000.0,1302384.0,140000.0,6078000.0,5885492.0,47609833.0,38540650.0,37044822.0,25550831.0,3010762.0,26796982.0,6115471.0,110847768.0,110440432.0,38888318.0,41183517.0,14210031.0,15889834.0,50717648.0,42154975.0,63771095.0,23083966.0,80677411.0,99407620.0,56786730.0,17793330.0,23857655.0,357515049.0,182253287.0,156769821.0,63352431.0,250561716.0,45445017.0,161234857.0,239080553.0,215272447.0,207114413.0,53515312.0,295661155.0,200139370.0,138739321.0,124063483.0,648650187.0,231229237.0,130060771.0,123544616.0,112178306.0,190539190.0,175548931.0,135100699.0,235508106.0,204489788.0,90358921.0,86726421.0,97295285.0,222893211.0,259071331.0,67087885.0,59707752.0,89074646.0,58607913.0,54567115.0,75169259.0,69344894.0,5910442.0
Australia,,,,,,,,,,,,,,,,,,,,,,,,,,,,,,,,,,,,,,,,0.0,,,,,0.0,,,,,,,,,,,0.0,,,,,,,,,,,,3000.0,4874.0,0.0,0.0,0.0,,5500.0,50500.0,0.0,10000.0,0.0,100.0,0.0,,40000.0,40000.0,0.0,0.0,0.0,0.0,,0.0,2000.0,6000.0,390.0,192837.0,5296094.0,6279094.0,3200595.0,634300.0,400.0,15175.0,12000.0,2150.0,5489.0,3181.0,5010.0,4265.0,4400.0,3100.0,5730.0,20400.0,34054.0,40166.0,153471.0,16000.0,8940.0,52527.0,1990.0,280.0,51027.0,600.0,11813.0,646.0,28475.0,247200.0,4023.0,
Austria,,,,,,,,,,,,,,,,,,,,,,,,,,,,,,,,,,,,,,,,,,,,,,,,,,,,,0.0,,380.0,,,,,,,,,,,,,,,,,,,,,0.0,0.0,,,,0.0,0.0,0.0,0.0,0.0,0.0,,,,,0.0,0.0,,0.0,0.0,0.0,0.0,0.0,0.0,10000.0,0.0,,60300.0,0.0,,900.0,516.0,0.0,0.0,0.0,,,0.0,200.0,,,0.0,210.0,,0.0,,0.0,0.0,0.0,
Azerbaijan,,,,,,,,,,,,,,,,,,,,,,,,,,,,,,,,,,,,,,,,,,,,,,,,,,,,,,,,,,,,,,,,,,,,,,,,,,,,,,,,,,,,,,,,,,,,,,,,1502800.0,,75000.0,700000.0,750.0,2694.0,,,30000.0,,,,,,5000.0,70000.0,,15500.0,,,,,,,,,,,,
Bahamas,,,,,,,,,,,,,,,,,,,,,,,,,,,0.0,,,0.0,,,,,,0.0,,,,,,,,,,0.0,,,,,,,,,,,,,,,,,,0.0,,1200.0,0.0,,,,,,,,,,,,,,,,,,,,,,0.0,,0.0,,0.0,,,0.0,,,,0.0,,0.0,,,9000.0,1500.0,,7000.0,3000.0,,,10000.0,0.0,1000.0,,6710.0,0.0,0.0,,14940.0,,,,,
Bangladesh,,,,,0.0,,,,,0.0,,0.0,,,,,,,,0.0,,,0.0,0.0,,,0.0,,,,,,,,,,,0.0,,,,0.0,0.0,0.0,,,,0.0,,,,0.0,,,,,,,0.0,,200000.0,0.0,,1000000.0,1000800.0,10060000.0,2000000.0,0.0,14925985.0,160000.0,13648110.0,0.0,25000.0,25000.0,36000000.0,,4000000.0,213650.0,400000.0,2000.0,10001000.0,2000000.0,283000.0,27065000.0,30000000.0,1819000.0,2700000.0,29700000.0,53573860.0,5300000.0,2063870.0,17790000.0,0.0,16434093.0,775100.0,16608331.0,5910919.0,3592738.0,15263440.0,472250.0,2740638.0,726000.0,1617708.0,584792.0,36872550.0,1162500.0,226760.0,22874639.0,600000.0,4465071.0,919332.0,1672559.0,5553683.0,1580921.0,3201250.0,4052250.0,2983855.0,11456725.0,14000.0,7869435.0,8048271.0,1568744.0,8200000.0,3250000.0,
Barbados,,,,,,,,,,,,,,,,,,,,,,,,,,,,,,,,,,,,,,,,,,,,,,,,,,,,,,,,0.0,,,,,,,,,,,,,,,200.0,,,,,,,,,,0.0,,,,0.0,,,0.0,,,,,,,,0.0,,,,,,,0.0,,0.0,,,0.0,,,2500.0,,,,,,,0.0,,,,3114.0,,179.0,
Belarus,,,,,,,,,,,,,,,,,,,,,,,,,,,,,,,,,,,,,,,,,,,,,,,,,,,,,,,,,,,,,,,,,,,,,,,,,,,,,,,,,,,,,,,,,,,,,,40000.0,,,0.0,21045.0,,2000.0,0.0,,,,,,0.0,0.0,,,,,100.0,10000.0,30000.0,,,50000.0,50000.0,,,,,420.0,
Belgium,,,,,,,0.0,,,,,,,,,,,,,,,,,,,,,,6000.0,,0.0,,,,,,,,,,,,,,,,,,,,,,,350.0,,,0.0,,,,,,,0.0,,,,0.0,,,,600.0,0.0,,,,0.0,,,,,,,1000.0,0.0,0.0,,,,,0.0,,0.0,600.0,135.0,800.0,,,140.0,900.0,,,2400.0,0.0,,210.0,0.0,0.0,0.0,0.0,690.0,0.0,0.0,0.0,0.0,0.0,0.0,,0.0,0.0,0.0,1950.0,0.0,3000.0,
Belize,,,,,,,,,,,,,,,,,,,,,,,,,,,,,,,,0.0,,,,,,,,,,,,,,,,,,,,,,,,0.0,,,,,,0.0,,,,,,,,,,,,,70000.0,,,,6000.0,17000.0,,,,,,,,,,,0.0,,,,,2600.0,,,60000.0,,62000.0,20000.0,,,,0.0,,20000.0,48000.0,,0.0,,,,,20000.0,10355.0,,,,60000.0,,172000.0,,
Benin,,,,,,,,,,,,,,,,,,,,,,,,,,,,,,,,,,,,,,,,,,,,,,,,,,,,,,,,,,,,,,,,,,,,,,,0.0,,28809.0,28730.0,28730.0,28731.0,,,4000.0,,,,500000.0,699361.0,699361.0,1046278.0,,,68000.0,,,0.0,,,14000.0,115000.0,147901.0,51000.0,400000.0,47000.0,,,,,,,,10000.0,158235.0,120457.0,680000.0,5840.0,55000.0,32735.0,,,,,,,7000.0,35850.0,73000.0,,
Bermuda,,,,,,,,,,,,,,,,,,,,,,,,,,,,,,,,,,,,,,,,,,,,,,,,,0.0,,,,,,,,,,,,,,,,,,,,,,,,,,,,,,,,,,,,,0.0,0.0,0.0,,0.0,,,,,,,,,,,,,,0.0,,,,,,,,,,,,,,,,,,,,,
Bhutan,,,,,,,,,,,,,,,,,,,,,,,,,,,,,,,,,,,,,,,,,,,,,,,,,,,,,,,,,,,,,,,,,,,,,,,,,,,,,,,,,,,,,,,,,,,,,,,65600.0,,,,,0.0,0.0,,,,0.0,,,,,0.0,,20000.0,,,,,,,,,,500.0,,,
Bolivia,,,,,,,,,,,,,,,,,,,,,,,,,,,,,,,,,,,,,,,,,,,,,,,,,,,,,,,,,,,,,,,,,,500.0,6100.0,,20000.0,,,,,,18000.0,,,70000.0,163000.0,,15000.0,,30000.0,3133049.0,3000.0,0.0,260000.0,20000.0,0.0,,283160.0,,0.0,,215000.0,,0.0,190000.0,11100.0,4500.0,52277.0,357250.0,17085.0,24127.0,35135.0,46928.0,126550.0,460745.0,372557.0,88348.0,290360.0,92825.0,69085.0,709385.0,303023.0,169222.0,670420.0,,12000.0,388540.0,163600.0,287800.0,390790.0,2157026.0,6490.0
Bosnia and Herzegovina,,,,,,,,,,,,,,,,,,,,,,,,,,,,,,,,,,,,,,,,,,,,,,,,,,,,,,,,,,,,,,,,,,,,,,,,,,,,,,,,,,,,,,,,,,,,,,,,,,,,1000.0,400.0,9000.0,,62575.0,278000.0,3100.0,,0.0,,13730.0,34910.0,,10347.0,,1000600.0,0.0,,,,759.0,15000.0,250000.0,4050.0,10000.0,
Botswana,,,,,,,,,,,,,,,,,,,,,,,,,,,,,,,,,,,,,,,,,,,,,,,,,,,,,,,,,,,,,,,,,,60000.0,,,60000.0,,87600.0,,1000.0,,,,,,,,,,135772.0,180206.0,180206.0,180206.0,180206.0,180704.0,12000.0,,,,100000.0,,,3500.0,,,,,106776.0,,,,4960.0,,,,,5056.0,,0.0,,4210.0,,0.0,,3250.0,4225.0,38000.0,,,,,
Brazil,,,,,,,,,,,,,,,,,,,,,,,,,,,,,,,,,,,,,,,,,,,,,,,,,0.0,0.0,,,,,,,0.0,0.0,,0.0,,,,,120000.0,230000.0,4177381.0,172836.0,0.0,17700.0,10104371.0,11000.0,,0.0,325000.0,748000.0,,81000.0,1000.0,6500000.0,271000.0,52000.0,4000.0,23330000.0,360200.0,610000.0,16835.0,287224.0,3523276.0,823000.0,2800.0,17000.0,145723.0,,0.0,0.0,7000.0,600.0,4345875.0,5703125.0,17000.0,1001750.0,2000.0,18000.0,153000.0,31000.0,116000.0,1211552.0,1750929.0,1861832.0,294501.0,1185600.0,2765247.0,1743119.0,9542388.0,9301238.0,9066924.0,104140.0,1250.0,10046760.0,13266.0,1344496.0,485971.0,1238182.0,102036.0
British Virgin Islands,,,,,,,,,,,,,,,,,,,,,,,,,,,,,,,,,,,,,,,,,,,,,,,,,,,,,,,,,,,,,,,,,,,,,,,,,,,,,,,,,,,,,,,,,,,,,,,,,0.0,,,,,,,,,,,,,,,,,,,,,0.0,,,,,,,
Brunei,,,,,,,,,,,,,,,,,,,,,,,,,,,,,,,,,,,,,,,,,,,,,,,,,,,,,,,,,,,,,,,,,,,,,,,,,,,,,,,,,,,,,,,,,,,,,,,,,,,0.0,,,,,,,,,,,,,,,,,,,,,,,,,,
Bulgaria,,,,,,,,,,,,,,,,,,,,,,,,,,,,,0.0,,,,,,,,,,,,,,,,,,,,,,,,,,,,,,,,,,,,,0.0,,,,,,,,,,,,0.0,,,,0.0,,0.0,,,0.0,,,,0.0,,,5000.0,,,,55.0,445.0,0.0,0.0,0.0,0.0,,,12200.0,525.0,1060.0,0.0,,90.0,,38090.0,,7247.0,0.0,,,600.0,,,525.0,10937.0,4000.0,
Burkina Faso,,,,,,,,,,,0.0,0.0,0.0,0.0,0.0,,,,,,,,,,,,,,,,,,,,,,,,,,0.0,0.0,0.0,0.0,0.0,,,,,,,,,,,,,,,,,,,,,,0.0,,,108728.0,144312.0,144312.0,144312.0,144312.0,144312.0,144712.0,,221000.0,221000.0,,40408.0,241785.0,241785.0,241785.0,243285.0,242452.0,,,223324.0,,2600000.0,,,,66500.0,5902.0,69688.0,,20700.0,800.0,,0.0,,0.0,,,15610.0,92970.0,560.0,150500.0,133362.0,222544.0,2627456.0,11383.0,4000000.0,28871.0,27826.0,882.0,,,3006841.0,,3500928.0,,
Burundi,,,,,,,,,,,,,,,,,,,,,,,,,,,,,,,,,,,,,,,,,,,,,,,,,,,,,,,,,,,,,,,,,,,,,,,,,,,,,,,,,,,,,,,,,,3600.0,,,,,,,,,,103470.0,288274.0,289066.0,8000.0,0.0,0.0,1981691.0,175309.0,2695.0,69054.0,86716.0,119990.0,685.0,,,0.0,2741.0,1438.0,0.0,47956.0,13675.0,41743.0,47362.0,,9538.0,650.0
Cambodia,,,,,,,,,,,,,,,,,,,,,,,,,,,,,,,,,,,,,,,,,,,,,,,,,,,,,,,,,,,,,,,,,,,,,,,,,,,,,,,,,,,,,,,,0.0,,,,650000.0,,,1161275.0,1931216.0,3236509.0,0.0,,634574.0,3448000.0,1969182.0,2120000.0,,0.0,600000.0,38000.0,19000.0,,178000.0,0.0,1640000.0,71500.0,1500000.0,472500.0,28300.0,2500000.0,,5817.0,435000.0,759360.0,13725.0,167770.0,14100.0,
Cameroon,,,,,,,,,,,,,,,,,,,,,,,,,,,,,,,,,,,,,,,,,,,,,,,,,,,,,,,,,,,,,,,,,,,,,,,,400000.0,,,,,,,,,,,,,0.0,,10000.0,,1000.0,,93450.0,93450.0,,,0.0,,,,,2500.0,500.0,0.0,,0.0,,0.0,,0.0,24000.0,,0.0,,32000.0,805.0,250000.0,30000.0,,12890.0,,0.0,26402.0,,2542227.0,2000.0,
Canada,,,,0.0,,0.0,,,0.0,,0.0,0.0,0.0,,,0.0,,,,,,,0.0,,,,,,0.0,,,2497.0,2497.0,2497.0,2497.0,2497.0,2497.0,2497.0,2497.0,2497.0,2527.0,,,,,,0.0,,,,107000.0,,,,0.0,0.0,,,,0.0,,0.0,0.0,,,0.0,0.0,,,,0.0,0.0,,,0.0,0.0,,0.0,0.0,0.0,5000.0,0.0,200.0,0.0,24078.0,5922.0,8900.0,0.0,0.0,25000.0,0.0,0.0,0.0,200.0,4300.0,12100.0,0.0,30600.0,13100.0,5500.0,0.0,1200.0,600.0,2670.0,1000.0,5900.0,3900.0,500.0,2400.0,200.0,0.0,2000.0,1500.0,100000.0,6900.0,13000.0,88300.0,62554.0,7900.0,19500.0,72936.0,15550.0,6000.0,31450.0,
Cape Verde,0.0,,,,,,,,,,0.0,0.0,0.0,0.0,0.0,,,,,,0.0,,,,,,,,,,,,,,,,,,,,0.0,0.0,0.0,0.0,0.0,,0.0,,,,,,,,,,,,,,,,,,,,,,,,,,0.0,0.0,0.0,0.0,,,,,,,2100.0,0.0,5500.0,0.0,,,,,,,0.0,,,1300.0,,,10000.0,,,,30000.0,,,,,,,150.0,,,,,1392.0,1108.0,,70000.0,,,25000.0,,46093.0,,
Cayman Islands,,,,,,,,,,,,,,,,,,,,,,,,,,,,,,,,,,,,,,,,,,,,,,,,,,,,,,,,,,,,,,,,,,,,,,,,,,,,,,,,,,,,,,,,,,,,,,,,,,,,,,0.0,300.0,,0.0,,,,0.0,,,,,,,,,,,,,,,,
Central African Republic,,,,,,,,,,,,,,,,,,,,,,,,,,,,,,,,,,,,,,,,,,,,,,,,,,,,,,,,,,,,,,,,,,,,,,,,,,13000.0,,,,,,,,900.0,,0.0,0.0,,,,,,,,,,,2042.0,16000.0,,0.0,20000.0,,0.0,0.0,0.0,0.0,0.0,,6000.0,0.0,9137.0,1585.0,4765.0,0.0,41703.0,,1109.0,,7190.0,,44918.0,,3952.0,2369692.0,6066.0,
Chad,,,,,,,,,,,0.0,0.0,0.0,0.0,0.0,,,,,,,,,,,,,,,,,,,,,,,,,,0.0,0.0,0.0,0.0,0.0,,,,,,,,,,,,,,,,,,,,,,0.0,,,24504.0,97218.0,97218.0,97218.0,97218.0,97218.0,97218.0,97218.0,97218.0,97752.0,,,60118.0,359724.0,359724.0,359724.0,360710.0,,,48650.0,,,0.0,,300000.0,,40343.0,,356000.0,0.0,128506.0,,975763.0,,,,,0.0,173000.0,8000.0,313292.0,2238407.0,,1867843.0,345788.0,,,,1886800.0,,423.0,36934.0,246851.0,3235362.0,,
Chile,,,,,,,0.0,,,,,,,,,,,,,,,,0.0,,,,,,0.0,,,,,,,,,,,0.0,,,,0.0,,,0.0,,0.0,0.0,,,,0.0,,,,,0.0,,2000000.0,,,,2000.0,370000.0,3000.0,,11375.0,27137.0,27137.0,2465659.0,27214.0,,40000.0,,,0.0,6000.0,0.0,,,8000.0,1500.0,203064.0,979792.0,84908.0,116364.0,2000.0,0.0,2500.0,127000.0,0.0,2343.0,,11200.0,,108350.0,,0.0,171266.0,14245.0,255642.0,0.0,9000.0,28375.0,95862.0,25000.0,129755.0,,1861372.0,29375.0,28583.0,0.0,534804.0,854258.0,0.0,11357.0,,1380.0,,1121.0,8278.0,61548.0,27720.0
China,,,0.0,,,0.0,10000.0,0.0,,0.0,,0.0,0.0,0.0,,3000000.0,,635000.0,0.0,,20000000.0,,0.0,0.0,0.0,0.0,,0.0,0.0,,0.0,0.0,,0.0,0.0,10030000.0,0.0,0.0,,0.0,0.0,0.0,0.0,,,0.0,,,0.0,0.0,10000000.0,0.0,0.0,,0.0,0.0,0.0,0.0,,0.0,0.0,0.0,,,0.0,0.0,,0.0,,0.0,6065.0,,,0.0,0.0,11000000.0,0.0,,6000000.0,2000.0,80000.0,2979000.0,601500.0,21000.0,28000.0,216000.0,13633500.0,2142296.0,75812000.0,138105800.0,47750729.0,214621335.0,28401283.0,8610780.0,216401659.0,145452121.0,168772500.0,14883707.0,226314955.0,128937600.0,24987300.0,39425148.0,285246330.0,217588053.0,52241840.0,83650742.0,88101145.0,120041600.0,134305833.0,93138564.0,188531989.0,153001863.0,44475500.0,27380615.0,64417728.0,3694880.0,72103400.0,14808200.0,8334100.0,5338696.0,14925955.0,17885627.0,6308970.0,2249202.0,17826.0
Colombia,,,,,,,0.0,,,,,,,,,,,,,,,,,0.0,,,0.0,,,,,,,,,,0.0,,,,,,,,,,,,,0.0,0.0,,,,0.0,,,,0.0,0.0,,,0.0,,,0.0,,40000.0,1020.0,70000.0,5007000.0,0.0,0.0,5000.0,0.0,,0.0,0.0,,110000.0,0.0,14000.0,0.0,35000.0,0.0,7700.0,278000.0,4800.0,231900.0,0.0,20625.0,687.0,0.0,86339.0,21980.0,14682.0,180000.0,15000.0,100000.0,845200.0,40430.0,6000.0,124525.0,40395.0,539378.0,604679.0,238238.0,2672397.0,1102351.0,151250.0,2247959.0,2035774.0,73500.0,61281.0,72214.0,167940.0,0.0,76186.0,60000.0,39682.0,334410.0,50434.0,269142.0,46303.0,47597.0
Comoros,,,,0.0,,,,,,,,,,,,,,,,,,,,,,,,,,,,,,,,,,,,,,,,,,,,,,,,0.0,,,,,,,,,,,,,,,,,,,,,,,,,,20000.0,,,,0.0,,30000.0,,35000.0,,0.0,,0.0,,0.0,,,,,,,,,,,,0.0,,284000.0,0.0,,,2500.0,,,64987.0,,19511.0,,,,,345131.0,,,,,
Congo,,,,,,,,,,,,,,,,,,,,,,,,,,,,,,,,,,,,,,,,,,,,,,,,,,,,,,,,,,,,,,,,,,,,500.0,,,,,,,,,,,,,,,,0.0,,,,,,,,,,,16500.0,,,,20000.0,40000.0,,,4561.0,439.0,,0.0,0.0,20000.0,,,,,2025.0,,,,,,,54122.0,224878.0,46652.0,164679.0,0.0,0.0
Cook Islands,,,,,,,,,,,,,,,,,,,,,,,,,,,,,,,,,,,,,,,,,,,0.0,0.0,,,0.0,,,,,,,,,,,,,,,,,,,,,0.0,,,,,,,,,,,,,,0.0,,,,,,2000.0,,,0.0,,,,,,,700.0,,,,744.0,,,,600.0,,,,,2194.0,,,,,,,,,,,,,,
Costa Rica,,,,,,,,,,,0.0,,,,,,,,,,,,,,,,,,,,,,,,,,,,,,,,,,,,,,,,,,0.0,,,0.0,,,,,,,,5000.0,,,,,12391.0,4580.0,15200.0,,,3563.0,,0.0,70000.0,,,,1350.0,,,5475.0,,,,,130000.0,,300.0,171470.0,1200.0,35200.0,2000.0,3262.0,736000.0,,15450.0,5372.0,200.0,1437.0,95000.0,2560.0,3311.0,4072.0,,24500.0,209498.0,128527.0,3106.0,46695.0,10060.0,,,28116.0,50000.0,11500.0,125190.0,0.0,25000.0,200000.0,300000.0,,
Cote d'Ivoire,,,,,,,,,,,,,,,,,,,,,,,,,,,,,,,,,,,,,,,,,,,,,,,,,,,,,,,,,,,,,,,,,,,,,,,,,,,,,,,,,,,,0.0,,,,,,7000.0,,,,,,,0.0,,,,,,,,,,,2000.0,450.0,0.0,6425.0,,,,0.0,0.0,0.0,200.0,25000.0,14002.0,16525.0,,11478.0,,
Croatia,,,,,,,,,,,,,,,,,,,,,,,,,,,,,,,,,,,,,,,,,,,,,,,,,,,,,,,,,,,,,,,,,,,,,,,,,,,,,,,,,,,,,,,,,,,,,,,,,0.0,0.0,,,600.0,1200.0,,0.0,,250.0,0.0,0.0,,,1110.0,,1500.0,,9116.0,1200.0,,3500.0,450.0,60.0,209371.0,,0.0,6177.0,
Cuba,,,,,,,,,,,,,,,,,,,,,,,,,,,0.0,,,,,,0.0,,,0.0,,,,,,,,,0.0,,,,0.0,,,,,,,,,,,,,,,0.0,0.0,,156000.0,,0.0,,0.0,,,,,,0.0,18000.0,100.0,,0.0,0.0,105000.0,164536.0,,479891.0,7500.0,0.0,150000.0,,5000.0,,14956.0,689680.0,106338.0,33340.0,280861.0,35000.0,967000.0,228067.0,675.0,5900000.0,358970.0,600.0,205745.0,2600000.0,1760.0,210488.0,519445.0,,,,48355.0,227.0,,110089.0,190000.0,10000000.0,40540.0,9916.0,4330.0,0.0,3209080.0,18500.0,
Cyprus,,,,,,,,,,,,,,,,,,,,,,,,,,,,,,,,,,,,,,,,,,,,,,,,,,,,,,0.0,,,,,,,,,,,,,,,,3000.0,,,,,,,,,,,,,,0.0,,,,,,,,0.0,,,,1710.0,,,0.0,,0.0,,,0.0,0.0,,,0.0,,,,,,,,,,,,,,150.0,0.0,,468.0
Czechia,,,,,,,,,,,,,,,,,,,,,,,,,,,,,,,,,,,,,,,,,,,,,,,,,,,,,,,,,,,,,,,,,,,,,,,,,,,,,,,,,,,,,,,,,,,,,,,,,60.0,87725.0,0.0,,0.0,,200000.0,0.0,,0.0,4315.0,0.0,0.0,14450.0,1400.0,,0.0,1300000.0,,,,0.0,0.0,,0.0,3600.0,0.0,0.0,
Czechoslovakia,,,,,,,,,,,,,,,,,,,,,,,,,,,,,,,,,,,,,,,,,,,,,,,,,,,,,,,,,,,,,,,,,,,,,,,,,,,0.0,,,,,,,600.0,0.0,,0.0,0.0,,0.0,,,,,,,,,,,,,,,,,,,,,,,,,,,,,,,,,,,,,
Democratic Republic of Congo,,,,,,,,,,,,,,,,,,,,,,,,,,,,,,,,,,,,,,,,,,,,,,,,,,,,,,,,,,,,,,,,,,,3000.0,,600.0,,,,,,,,,0.0,250000.0,250000.0,,,,,300000.0,,,,,148.0,15000.0,,0.0,,0.0,,,26000.0,,65000.0,,13000.0,2500.0,0.0,,0.0,84370.0,1500.0,17355.0,5000.0,68700.0,6000.0,3525.0,,0.0,247823.0,2628.0,0.0,0.0,399840.0,231422.0,288404.0,26233430.0,53600.0,500.0
Denmark,,,,,,,,,,,,,,,,,,,,,,,,,,,,,,,,,,,,,,,,,,,,,,,,,,,,,,,,,,,,,,,,,,,,,,,,,,,,,0.0,,,,0.0,0.0,,0.0,,0.0,,,,,0.0,,0.0,,,,,,,0.0,,,0.0,,,0.0,,0.0,,,0.0,,,0.0,,,,,,,,,0.0,,
Djibouti,,,,,,,,,,,,,,,,,,,,,,,,,,,,,,,,,,,,,,,,,,,,,,,,,,,,,,,,,,,,,,,,,,,,,,,,,,,,,,85000.0,100000.0,,145000.0,102000.0,,39945.0,40055.0,,,,30000.0,150000.0,,,,20000.0,100000.0,775.0,100000.0,,,,,100000.0,,,98500.0,104430.0,45570.0,42750.0,113952.0,226048.0,44746.0,155512.0,,,,,,,25000.0,250000.0,110000.0,,192168.0,,
Dominica,,,,,,,,,,,,,,,,,,,,,,,,,,,,,,,0.0,,,,,,,,,,,,,,,,,,,,,,,,,,,,,,,,,0.0,,,,,,,0.0,,,,,,,,,70000.0,0.0,,,,10000.0,,,,,710.0,,,,,,0.0,,,,400.0,,,,,100.0,,,7500.0,,,,144.0,,,,28000.0,,71293.0,,,,,,,
Dominican Republic,,,,,,,,,,,,,,,,,,,,,,,,,,,,,,,6000.0,,,,,,,,,,,,,,,,0.0,,,,,,,,,,,,,,,,,0.0,0.0,0.0,7000.0,,240000.0,,,,,,,,,,,1201000.0,0.0,150000.0,,0.0,,895.0,2000.0,0.0,1191150.0,0.0,,0.0,,20000.0,,300.0,25000.0,,855000.0,,,0.0,1750.0,77460.0,22160.0,2450.0,,162763.0,17000.0,14565.0,47200.0,55200.0,45585.0,0.0,300.0,20883.0,2792039.0,42560.0,7390.0,,15595.0,4178.0,1435269.0,406426.0,
East Germany,,,,,,,,,,,,,,,,,,,,,,,,,,,,,,,,,,,,,,,,,,,,,,,,,,,,,,,,,,,,,,,,,,,,,,,,,,,,,,,,,,,,,0.0,0.0,,,,,,,,,,,,,,,,,,,,,,,,,,,,,,,,,,,,,,,
East Timor,,,,,,,,,,,,,,,,,,,,,,,,,,,,,,,,,,,,,,,,,,,,,,,,,,,,,,,,,,,,,,,,,,,,,,,,,,,,,,,,,,,,,,,,,,,,,,,,,,,,,,2508.0,,825.0,225.0,,8730.0,947.0,0.0,,,,,,,0.0,120000.0,,,,9124.0,143670.0,,,
Ecuador,,,,,,,,,,,,,,,,,,,,,,,,,0.0,,,,,,,0.0,,,,,,,,,,,0.0,,,,,,,100000.0,0.0,,,0.0,,,,,,,,,,,600000.0,50000.0,0.0,20000.0,,,210600.0,2406.0,,0.0,,0.0,20000.0,,,,0.0,,156410.0,743590.0,,800.0,,16000.0,,30000.0,6500.0,,125000.0,75000.0,0.0,200.0,15000.0,63599.0,18558.0,22000.0,150.0,32270.0,201250.0,32905.0,,,357920.0,,275000.0,27198.0,101047.0,3750.0,73665.0,28732.0,0.0,844213.0,504119.0,,,3370.0,18685.0,151806.0,43016.0,216235.0,117491.0
Egypt,,,,,,,,,,,,,,,,,,,,,,,,,,,0.0,,,,,,,,,,,,,,,,,,,,,,,,,,,,0.0,0.0,,,,,,,,,,,,,,0.0,,,,,,0.0,,,,81000.0,,,,,,,,0.0,,,,0.0,57700.0,300.0,110660.0,0.0,260.0,0.0,,,0.0,,1050.0,,0.0,,,,0.0,,3500.0,,,,,100.0,32500.0,,,,20000.0,4685.0,,,
El Salvador,,,,,,,,,,,,,,,,,,,,,,,,,,,,,,,,,,,0.0,,0.0,,,,,,,,,,,,,,,0.0,,,,,,,,,,,,,,90582.0,,,,4600.0,,,,,,,,,,,,,80000.0,,,,500000.0,,39060.0,0.0,,,8000.0,0.0,0.0,1500.0,0.0,0.0,84000.0,5450.0,500.0,1983428.0,600.0,,,77223.0,16470.0,3300.0,3000.0,75000.0,9217.0,300000.0,,63079.0,,320312.0,399688.0,530.0,281737.0,114617.0,150365.0,300.0,9373.0,500.0,
Eritrea,,,,,,,,,,,,,,,,,,,,,,,,,,,,,,,,,,,,,,,,,,,,,,,,,,,,,,,,,,,,,,,,,,,,,,,,,,,,,,,,,,,,,,,,,,,,,,1600000.0,,,,,,136252.0,540566.0,540566.0,540566.0,542050.0,7000.0,,,,1700000.0,,,,,,,,,,,,,,,,
Estonia,,,,,,,,,,,,,,,,,,,,,,,,,,,,,,,,,,,,,,,,,,,,,,,,,,,,,,,,,,,,,,,,,,,,,,,,,,,,,,,,,,,,,,,,,,,,,,,,,,,,,,,,,,100.0,0.0,,,,,,0.0,,,,,,0.0,,,,0.0,,
Eswatini,,,,,,,,,,,,,,,,,,,,,,,,,,,,,,,,,,,,,,,,,,,,,,,,,,,,,,,,,,,,,,,,,,,,,,,,,,,,,,,,,,,,0.0,632000.0,,,,,,8081.0,48357.0,48357.0,48357.0,48357.0,48491.0,,,,,272000.0,242334.0,242334.0,242334.0,242998.0,890.0,6535.0,411500.0,2500.0,,,,,,400.0,,418324.0,73676.0,,232000.0,,0.0,1058.0,,
Ethiopia,,,,,,,,,,,,,,,,,,,,,,,,,,,,,,,,,,,,,,,,,,,,,,,,,,,,,,,,,,,,,,0.0,,,,1500000.0,,,10000.0,1700000.0,,,,50080.0,589660.0,589660.0,639660.0,605660.0,592280.0,,,20000.0,,3107610.0,4642390.0,8000.0,,7000000.0,47240.0,311783.0,1586965.0,1236965.0,1236965.0,1266965.0,1283357.0,93875.0,90000.0,1051200.0,0.0,1247255.0,3705000.0,39500.0,4000.0,6401381.0,6308619.0,623718.0,2661750.0,247386.0,2971697.0,7265937.0,2558661.0,4469676.0,1376203.0,51500.0,,2257310.0,6615355.0,2029935.0,0.0,200000.0,1229854.0,5480263.0,22331030.0,3593538.0,
Europe,,,142592.0,,1620.0,0.0,0.0,,150000.0,0.0,,0.0,,0.0,0.0,0.0,,,,,0.0,5000000.0,0.0,0.0,,0.0,0.0,,6000.0,0.0,12940.0,0.0,9654.0,0.0,0.0,,0.0,,,0.0,0.0,0.0,0.0,0.0,0.0,0.0,0.0,0.0,10110.0,0.0,,0.0,0.0,300350.0,380.0,25056.0,0.0,0.0,0.0,,0.0,0.0,0.0,0.0,201000.0,110000.0,126000.0,33927.0,74722.0,203000.0,1539003.0,4720.0,450.0,10200.0,0.0,1000000.0,111472.0,228600.0,601900.0,347000.0,431100.0,92250.0,251050.0,530820.0,67200.0,25545.0,273000.0,28500.0,1106770.0,1086666.0,1465924.0,2343742.0,1166479.0,2421229.0,1972540.0,3149737.0,266950.0,299233.0,544388.0,4699226.0,2876670.0,763876.0,1218128.0,1250791.0,438950.0,523559.0,178637.0,1602413.0,255240.0,39058.0,815548.0,19969.0,549127.0,1443609.0,1305428.0,227022.0,92333.0,126598.0,81454.0,435288.0,306745.0,409071.0,136617.0,1701792.0,8518.0
European Union (27),,,,,1620.0,0.0,0.0,,150000.0,0.0,,,,0.0,0.0,0.0,,,,,0.0,,0.0,,,,0.0,,6000.0,,10000.0,,9654.0,0.0,0.0,,,,,0.0,0.0,0.0,,,0.0,0.0,0.0,0.0,10110.0,0.0,,0.0,0.0,300350.0,380.0,25056.0,0.0,0.0,0.0,,0.0,0.0,0.0,0.0,1000.0,30000.0,26000.0,17527.0,59000.0,3000.0,1538955.0,4720.0,450.0,5000.0,,1000000.0,111472.0,228600.0,601900.0,35000.0,426100.0,81650.0,251050.0,529680.0,67200.0,300.0,47000.0,8000.0,300.0,0.0,375770.0,1140074.0,1128729.0,2031129.0,1149574.0,1439324.0,10650.0,267540.0,34888.0,3903097.0,122100.0,59831.0,613900.0,182266.0,44792.0,77879.0,63217.0,13143.0,18080.0,15315.0,620157.0,5300.0,71490.0,1385515.0,165598.0,5850.0,33760.0,37187.0,14851.0,160369.0,231202.0,45509.0,131517.0,1625995.0,8518.0
Fiji,,,,,,,,,,,,,,,,,,,,,,,,,,,,,,,,0.0,,,,,,,,,,0.0,,,,,,,,,,,0.0,,,,,,0.0,,,,,,8000.0,10000.0,,,,,,,120000.0,6150.0,,23000.0,,,0.0,20600.0,28000.0,4700.0,,242132.0,,122000.0,218000.0,3369.0,,0.0,3000.0,,2000.0,150000.0,,,,3500.0,263455.0,0.0,0.0,0.0,,30000.0,5600.0,,392.0,969.0,0.0,14401.0,39101.0,,27945.0,,,67000.0,545414.0,,179200.0,7780.0,205115.0,82751.0,69564.0,230000.0,
Finland,,,,,,,,,,,,,,,,,,,,,,,,,,,,,,,,,,,,,,,,,,,,,,,,,,,,,,,,,,,,,,,,,,,,,,,,,,,,,,,,,,,,,,,,,,,0.0,,,,,,,,,,,,,,,400.0,,,,,,,,,,,,,,,,,0.0,,
France,,,,,,,,,,0.0,,,,,,,,,,,,,,,,,0.0,,,,0.0,,0.0,,,,,,,,,,,,,,,,,0.0,,,,,,,,,0.0,,,0.0,,,,,,0.0,,0.0,0.0,,,,,,0.0,25000.0,1000.0,0.0,300.0,0.0,0.0,3700.0,0.0,0.0,2000.0,0.0,300.0,0.0,0.0,0.0,2000.0,1700.0,410.0,5000.0,1380.0,11250.0,690.0,3504100.0,2300.0,17181.0,3730.0,30000.0,0.0,4000.0,600.0,900.0,2100.0,0.0,500000.0,2300.0,0.0,2000.0,4000.0,750.0,0.0,12160.0,4150.0,3215.0,13885.0,2395.0,60300.0,6759.0,4379.0
French Guiana,,,,,,,,,,,,,,,,,,,,,,,,,,,,,,,,,,,,,,,,,,,,,,,,,,,,,,,,,,,,,,,,,,,,,,,,,,,,,,,,,,,,,,,,,,,,,,,,,0.0,,,,0.0,,,,,,,,,,,,,,,,,,,,139.0,,,,
French Polynesia,,,,,,,,,,,,,,,,,,,,,,,,,,,,,,,,,,,,,,,,,,,,,,,,,,,,,,,,,,,0.0,,,,,,,,,,,,,,,,,,,,,,,,,5000.0,,,,0.0,,,,,,,,,,,500.0,,,,,,,,,,,,3400.0,,,,,,,4500.0,,,,,,,
Gabon,,,,,,,,,,,,,,,,,,,,,,,,,,,,,,,,,,,,,,,,,,,,,,,,,,,,,,,,,,,,,,,,,,,,,,,,,,,,,,,,,,,,,,,,,10000.0,,,,,,,,,,,,,,,,,,,,,0.0,2647.0,883.0,77845.0,,,,,,,,,,,3000.0,
Gambia,,,,,,,,,,,0.0,0.0,0.0,0.0,0.0,,,,,,,,,,,,,,,,,,,,,,,,,,0.0,0.0,0.0,0.0,0.0,,,,,,,,,,,,,,,,,,,,,,,,180000.0,,,29983.0,29983.0,29983.0,29983.0,30068.0,,0.0,0.0,,31314.0,93685.0,93685.0,93685.0,93685.0,93946.0,,,,,,,,,,,4000.0,,,27000.0,,250.0,0.0,8000.0,6025.0,,,300.0,300.0,16608.0,38961.0,,428000.0,3300.0,,63100.0,,20000.0,,15000.0,,16849.0,17201.0,,
Georgia,,,,,,,,,,,,,,,,,,,,,,,,,,,,,,,,,,,,,,,,,,,,,,,,,,,,,,,,,,,,,,,,,,,,,,,,,,,,,,,,,,,,,,,,,,,,2190.0,0.0,,,300.0,,300.0,,,205575.0,491325.0,18000.0,,0.0,2500.0,600.0,,,7300.0,,1750.0,100000.0,26750.0,12000.0,10320.0,,,1143.0,5088.0,5133.0,1780.0,5200.0,350000.0,
Germany,,,,,,,,,,,,,,,,,,,,,,,,,,,,,,,,,,,,,,,,,,,,,,,,,,,,,,,,,,,,,,,,,,,,,,,,,,,,,,,,,,,,,,,,,,,0.0,0.0,1500.0,100000.0,0.0,30000.0,0.0,5200.0,0.0,100000.0,,0.0,330000.0,0.0,150.0,450.0,1000.0,0.0,0.0,0.0,0.0,0.0,0.0,6350.0,0.0,,0.0,600.0,0.0,0.0,0.0,600.0,0.0,0.0,
Ghana,,,,,,,,,,,,,,,,,,,,,,,,,,,,,,,,,,,,,,,,0.0,,,,,,,,,,,,,,,,,,,,,,,,,,,,,25000.0,,,12000.0,,,,,,0.0,,,,,,1397326.0,5543742.0,5560432.0,,,,2800.0,,2000000.0,,,,500000.0,,,,291573.0,,139000.0,2200.0,,,,,332600.0,58000.0,159545.0,17174.0,94032.0,,25000.0,,0.0,0.0,1000000.0,100000.0,26083.0,200.0,320.0,5000.0,41107.0,
Greece,,,,,1620.0,,,,,,,,,,0.0,,,,,,,,,,,,,,0.0,,0.0,,9654.0,,,,,,,,,,,,,,,0.0,10110.0,,,,,0.0,0.0,25056.0,0.0,,,,,0.0,,,,30000.0,26000.0,16527.0,4000.0,,,,,,,,,1600.0,600000.0,0.0,0.0,80450.0,,480.0,200.0,0.0,45000.0,0.0,0.0,,0.0,0.0,,2100.0,1000.0,24500.0,1500.0,0.0,900.0,113031.0,7200.0,1350.0,540.0,450.0,0.0,,3690.0,2193.0,3468.0,715.0,150.0,,200.0,,77000.0,500.0,200.0,6720.0,4118.0,0.0,2070.0,7000.0,55000.0,24510.0,0.0
Grenada,,,,,,,,,,,,,,,,,,,,,,,,,,,,,,,,,,,,,,,,,,,,,,,,,,,,,,,,,,,,,,,,0.0,,,,,,,,,,,,0.0,,,,,0.0,,,,,,,,,,1000.0,,,,,,,,,210.0,,,70.0,,60000.0,,,,,,0.0,,,,,,,,,,,,,,
Guadeloupe,,,,,,,,,,,,,,,,,,,,,,,,,,,,,0.0,,,,,,,,,,,,,,,,,,,,,,,,,,,,0.0,,,,,,,,10000.0,,10000.0,,,,0.0,,,,,,75000.0,,,0.0,,,,,,,,,0.0,0.0,0.0,,,,,0.0,,,0.0,400.0,,,,,100.0,,,0.0,,,,,,,,,,80000.0,,,,,0.0,,
Guam,,,,,,,,,,,,,,,,,,,,,,,,,,,,,,,,,,,,,,,,,,,,,,,,,,,,,,,,,,,,,,,0.0,,,,,,,,,,,,,,0.0,,,,,,,,,,,0.0,,,,,0.0,0.0,,,,1400.0,,,,,10044.0,,300.0,,,,,,,,,,,,,,,,,,,100000.0,
Guatemala,,,0.0,,,,,,,,,,,,,,,0.0,,,,,,,,,,,,,,,,,,,,,,,,,,,,,,,,0.0,,,,,,,,,,,,,,,,,,,,10200.0,,,,1000.0,,,3750000.0,,,2000.0,,,20000.0,3500.0,3000.0,1500.0,2500.0,45950.0,43050.0,0.0,,23800.0,5000.0,,600.0,7100.0,743.0,,106300.0,2488.0,3500.0,122031.0,100240.0,220.0,,477428.0,0.0,6001.0,197300.0,2512837.0,405058.0,537853.0,1598049.0,520.0,415076.0,605730.0,538336.0,46077.0,2847253.0,522428.0,2873226.0,24615.0,3378600.0,4524379.0,
Guinea,,,,,,,,,,,,,,,,,,,,,,,,,,,,,,,,,,,,,,,,,,,,,,,,,,,,,,,,,,,,,,,,,,,,,,,,,,,,,,,,,,5000.0,0.0,20000.0,,,,,,,,,,6066.0,,,,,0.0,,0.0,220000.0,,,0.0,,1200.0,20685.0,4200.0,40000.0,48020.0,16143.0,,11106.0,,30079.0,,3274.0,,,49536.0,69671.0,49536.0,24135.0,
Guinea-Bissau,,,,,,,,,,,0.0,0.0,0.0,0.0,0.0,,,,,,,,,,,,,,,,,,,,,,,,,,0.0,0.0,0.0,0.0,0.0,,,,,,,,,,,,,,,,,,,,,,,,,,,,0.0,0.0,0.0,0.0,,,,,,,0.0,0.0,0.0,0.0,,0.0,,,,,,1722.0,,,,,1200.0,,,,100000.0,0.0,0.0,,32000.0,,0.0,,56792.0,,,,,,,,11541.0,,,,,,
Guyana,,,,,,,,,,,,,,,,,,,,,,,,,,,,,,,,,,,,,,,,,,,,,,,,,,,,,,,,,,,,,,,,,,,,,,,,21000.0,,,,,,,,,,,,,,,,,0.0,0.0,,,,,,,28000.0,203506.0,403694.0,,,,,,,274774.0,35000.0,,100000.0,,0.0,,,,,199000.0,,3274.0,,,,34500.0,500.0,,
Haiti,,,,,,,,,,0.0,,,,,,0.0,,,,,,,,,,,,,,,,,,,,0.0,,,,,,,,,,,,,,,,,0.0,,250000.0,,,,,0.0,,,0.0,0.0,80000.0,,67000.0,,210217.0,,,,40000.0,,507000.0,,,450000.0,,1110.0,355802.0,25732.0,25732.0,25734.0,,,130000.0,8760.0,873700.0,24930.0,0.0,,1000000.0,5000.0,1500000.0,,40.0,,12000.0,0.0,0.0,5070.0,38585.0,166700.0,352356.0,41818.0,39690.0,203700.0,246160.0,2796.0,3500160.0,6930.0,202965.0,0.0,662582.0,412418.0,5284285.0,589840.0,38915.0,4280.0,44175.0,703380.0,13015.0,0.0,
High-income countries,0.0,0.0,0.0,0.0,1620.0,177.0,0.0,0.0,150000.0,0.0,0.0,0.0,0.0,0.0,0.0,0.0,0.0,0.0,0.0,0.0,0.0,,0.0,100000.0,0.0,0.0,0.0,29463.0,6000.0,0.0,10000.0,13497.0,12151.0,2497.0,2497.0,2497.0,2497.0,2497.0,2497.0,2497.0,2527.0,0.0,,0.0,0.0,1881672.0,0.0,0.0,424263.0,194046.0,749117.0,318534.0,29.0,3187110.0,47429.0,25056.0,0.0,258240.0,0.0,1500000.0,2022000.0,1302384.0,0.0,0.0,120030.0,3752200.0,189829.0,1461046.0,1485245.0,419775.0,1620768.0,2491629.0,841725.0,20184.0,142900.0,1005660.0,446801.0,357457.0,639951.0,116467.0,580309.0,200153.0,371434.0,723460.0,671131.0,2023570.0,348017.0,284393.0,13370.0,115769.0,756341.0,1423242.0,1414546.0,7433507.0,7474332.0,5279407.0,1022057.0,884014.0,1448221.0,7047816.0,982949.0,1206384.0,1279265.0,556839.0,5656017.0,1534497.0,326354.0,1258101.0,13743223.0,2439588.0,2969032.0,1297033.0,322349.0,3799513.0,921684.0,1328468.0,85757626.0,1549692.0,3507399.0,857635.0,644124.0,234068.0,755947.0,2545661.0,77730.0
Honduras,,,,,,,,,,,,,,,,,,,,,,,,,,,,,,,,0.0,,,,,,,,,,,,,,,,,,,,,,,,,,,,,,0.0,,,,106000.0,,,,8000.0,,0.0,150205.0,149795.0,600000.0,,15000.0,,0.0,40000.0,,0.0,20500.0,,0.0,,30000.0,,15200.0,0.0,42000.0,,,82447.0,0.0,25000.0,75000.0,0.0,2100000.0,500000.0,1125.0,89082.0,278150.0,58705.0,193259.0,103869.0,1500.0,35000.0,313350.0,55659.0,55538.0,75274.0,125000.0,,1165351.0,880649.0,450151.0,48090.0,260369.0,106579.0,5163484.0,2500.0,222457.0,56958.0,
Hong Kong,,,,,,,0.0,,,,,,,,,,,,,,,,,0.0,,,,,,,,,,,,,,0.0,,,,,,,,,,0.0,,,,,,,,,,0.0,,0.0,22000.0,135.0,0.0,,0.0,0.0,8561.0,1500.0,3100.0,2374.0,1070.0,200.0,9261.0,238.0,2400.0,3777.0,200.0,37.0,2593.0,11367.0,309.0,0.0,184.0,0.0,,966.0,0.0,1000.0,100.0,1670.0,,0.0,1700.0,964.0,4000.0,,,200.0,,0.0,,,,3500.0,,0.0,,,0.0,300.0,15000.0,,,,,,,27.0,0.0,,,140.0,,0.0,
Hungary,,,,,,,,,,,,,,,,,,,,,,,,,,,,,,,,,,,,,,,,,,,,,,,,,,,,,,,,,,,,,,,,,,,,,,,0.0,,,,,,,,,,,,,,0.0,,0.0,,,,,,0.0,,,,0.0,0.0,,131441.0,2000.0,10000.0,1430.0,0.0,384.0,0.0,32000.0,0.0,0.0,,2000.0,,0.0,64365.0,6500.0,,2282.0,1298.0,0.0,150000.0,,,0.0,,
Iceland,,,,,,,,,,,,,,,,,,,,,,,,,,,,,,,,,,,,,,,,,,,,,,,,,,,,,,,,,,,,,,,,,,,,,,,,,,5200.0,0.0,,0.0,,,,,,,0.0,0.0,,,,280.0,,,,,,,63.0,0.0,,,,129.0,,,,,,,,,,0.0,,,,,,,,,,,,,3665.0,
India,0.0,,,,,0.0,,,,,,,,,,,0.0,,,,,,,,1000000.0,0.0,0.0,40000.0,0.0,,,,,,,0.0,0.0,,,,,,0.0,30000.0,0.0,0.0,,,0.0,0.0,25000.0,,1000000.0,0.0,0.0,0.0,1000000.0,10000.0,25000.0,13000.0,160000.0,0.0,40000.0,5000000.0,1436610.0,33333333.0,34383333.0,34383334.0,8515000.0,280092.0,10000000.0,5065000.0,104666873.0,99863202.0,25000.0,27000000.0,600000.0,10092400.0,32002100.0,39610872.0,32051000.0,16131700.0,75760276.0,64830724.0,20335800.0,10982000.0,3345200.0,318380000.0,44221000.0,3700000.0,4100000.0,8378000.0,3070500.0,129187500.0,12428500.0,32721000.0,16347100.0,30384000.0,34510200.0,41157696.0,71655410.0,53515625.0,342018200.0,7854905.0,33748599.0,28041000.0,3234000.0,38143000.0,11589018.0,11091000.0,3372183.0,12504069.0,4280860.0,16704280.0,5503980.0,181276618.0,167042219.0,22335051.0,27239229.0,28098350.0,19648350.0,3832727.0,2195000.0,15241070.0,22810.0
Indonesia,,,,,,,,,,,,,,0.0,0.0,,,0.0,,0.0,,,,,0.0,,,0.0,0.0,,0.0,0.0,0.0,,,,0.0,,920.0,,,,,14000.0,,,,,,,0.0,0.0,,0.0,0.0,0.0,0.0,,1030.0,,,,,78000.0,,15000.0,773000.0,164000.0,150000.0,250000.0,0.0,6885.0,1752393.0,1747607.0,2000.0,,492000.0,296900.0,283820.0,115000.0,75181.0,354682.0,393400.0,433415.0,375375.0,15378.0,78000.0,72651.0,109070.0,93285.0,40405.0,263679.0,46330.0,271005.0,3580795.0,237015.0,911596.0,1102805.0,112110.0,30000.0,738437.0,92500.0,606925.0,622689.0,269553.0,145542.0,2919211.0,1352120.0,474440.0,2883550.0,216133.0,18232.0,47895.0,677641.0,534965.0,489143.0,472020.0,532498.0,2839797.0,817656.0,1285582.0,1553928.0,2420940.0,18911612.0,644656.0
Iran,,,,0.0,,,,,,0.0,,0.0,,,,,,,,,,,,0.0,,0.0,,,,0.0,0.0,,0.0,,,0.0,0.0,,,,,0.0,,,0.0,0.0,,0.0,0.0,,0.0,0.0,,0.0,0.0,,0.0,10000.0,0.0,,0.0,0.0,100000.0,,625000.0,0.0,0.0,,80000.0,48000.0,10100.0,,22126.0,,,0.0,0.0,420126.0,40000.0,20000.0,800100.0,30100.0,,7005.0,,7000.0,41900.0,0.0,163000.0,151500.0,521000.0,201450.0,36200.0,488725.0,111510.0,6000.0,2000.0,153400.0,49681.0,10142434.0,13427353.0,14667483.0,345750.0,208550.0,2720.0,126267.0,169800.0,185000.0,21900.0,0.0,750.0,,66040.0,3500.0,440300.0,24400.0,0.0,202000.0,21745.0,10022600.0,243540.0,3243703.0,2156668.0,303213.0,258387.0
Iraq,,,,,,,,,,,,,,,,,,,,,,,,,,,,,,,,,,,,,,,,,,,,,,,,,,,,,,,0.0,,,,,,,,,,,,,200000.0,150000.0,166666.0,166666.0,166668.0,,,,,,,,,,,,,,,,,,,,0.0,,,,,,,0.0,0.0,0.0,0.0,,,8000.0,,59890.0,,0.0,3000.0,,0.0,0.0,0.0,,65000.0,,5500.0,25000.0,5865.0,1500.0,2636599.0,2625899.0,1748202.0,0.0
Ireland,,,,,,,,,,,,,,,,,,,,,,,,,,,,,,,,,,,,,,,,,,,,,,,,,,,,,,,,,,,,,,,,,,,,,,,,,,,,,,,,,,,,0.0,,,0.0,0.0,,,0.0,0.0,,3500.0,,,0.0,,0.0,0.0,0.0,,300.0,,200.0,0.0,,,,0.0,,600.0,,,0.0,0.0,,300.0,0.0,,,0.0,0.0,,
Isle of Man,,,,,,,,,,,,,,,,,,,,,,,,,,,,,,,,,,,,,,,,,,,,,,,,,,,,,,,,,,,,,,,,,,,,,,,,,,,,,,,,,,,,,,,,,,,,,,,,,,,,,,,,,,,,,,,,,,,,,,,,,,0.0,,,
Israel,,,,0.0,,,,,,,,,,,,,,,,,,,,,,,,,,,,,,,,,,,,,,,,,,,,,,,,,,,,,,,,,,,,,,,,,,,13.0,,,,,,,,,,,,,0.0,,,,,,,,0.0,0.0,,,200.0,,0.0,1000.0,0.0,410.0,,,,,,,,,,20000.0,,,2000000.0,,0.0,60000.0,,0.0,,21.0,,,,
Italy,,,,,,0.0,0.0,,150000.0,,,,,,0.0,0.0,,,,,0.0,,0.0,,,,,,,,10000.0,,,0.0,,,,,,0.0,,,,,0.0,,,,0.0,,,0.0,,0.0,0.0,,,,,,0.0,,0.0,0.0,,0.0,0.0,,55000.0,,1300200.0,4120.0,450.0,5000.0,,0.0,111472.0,1000.0,900.0,0.0,400000.0,300.0,10000.0,20000.0,5000.0,0.0,0.0,6000.0,,,0.0,7000.0,1000.0,1000.0,7300.0,,600.0,0.0,4363.0,0.0,46000.0,0.0,10000.0,1580.0,200.0,0.0,150.0,0.0,300.0,0.0,300.0,0.0,11500.0,2700.0,8610.0,550.0,30129.0,4600.0,2523.0,1412.0,2075.0,11600.0,280.0,47700.0,0.0
Jamaica,0.0,,,0.0,,,,90000.0,,0.0,,,0.0,,,,,0.0,,,,,,0.0,,,,,,,,,,0.0,,0.0,,0.0,,,0.0,,,,0.0,,,,,,,20000.0,,,,,,,,,,,,0.0,,,,,100000.0,,,,,2500.0,,,,,,200000.0,30000.0,0.0,0.0,0.0,,0.0,40000.0,26000.0,810000.0,,,550000.0,,4290.0,0.0,,0.0,,,,0.0,0.0,26500.0,,350120.0,10396.0,5000.0,32000.0,4000.0,,2480.0,,215850.0,,91545.0,,125000.0,5000.0,,,,,,,
Japan,0.0,0.0,0.0,,,177.0,,0.0,,0.0,0.0,0.0,0.0,,0.0,,,0.0,,,,,0.0,100000.0,,0.0,0.0,29463.0,,,0.0,,,0.0,0.0,,,,0.0,0.0,,,,0.0,0.0,1881672.0,0.0,0.0,414153.0,194046.0,642117.0,318534.0,29.0,2886760.0,47049.0,0.0,0.0,258240.0,0.0,1500000.0,0.0,1302249.0,0.0,0.0,35000.0,3030000.0,13764.0,2772.0,2500.0,0.0,,0.0,0.0,0.0,0.0,123.0,325000.0,15000.0,18632.0,28000.0,15000.0,60000.0,31000.0,29500.0,0.0,30000.0,177000.0,87599.0,0.0,0.0,147700.0,100000.0,40000.0,55287.0,0.0,269855.0,5400.0,67000.0,73130.0,44000.0,576090.0,20746.0,100792.0,22593.0,410846.0,276105.0,22909.0,64089.0,50270.0,32400.0,15000.0,366187.0,99686.0,75093.0,38931.0,105828.0,408876.0,44148.0,1551398.0,513602.0,250000.0,39447.0,26571.0,10557.0,31800.0
Jordan,,,,,,,,,,,,,,,,,,,,,,,,,,,,0.0,,,,,,,,,,,,,,,,,,,,,,,,,,,,,,,,,,,,0.0,,500.0,3200.0,,,,,,,,,,,,,,,,,,,,,0.0,,,,18000.0,0.0,,,,,0.0,,180000.0,150000.0,,0.0,,,,,,,,,,,,,,,,0.0,,,,,2000.0,
Kazakhstan,,,,,,,,,,,,0.0,,,,,,,,,,,,,,,,,,,,,,,,,,,,,,,,,,,,,,,,,,,,,,,,,,,,,,,,,,,,,,,,,,,,,,,,,,,,,,,,,,30000.0,,0.0,,608000.0,,,2500.0,3668.0,,36000.0,0.0,25000.0,,,13000.0,,23500.0,12238.0,10955.0,3445.0,2700.0,12670.0,,7000.0,400.0,,33000.0,71000.0,,300.0,15000.0
Kenya,,,,,,,,,,,,,,,,,,,,,,,,,,,,,,,,,,,,,,,,,,,,,,,,,,,,,,,,,,,,,,,,,15000.0,260000.0,,,0.0,,,150000.0,,,,16000.0,,20000.0,,19972.0,20028.0,,3000.0,,600000.0,,,,0.0,,0.0,1348153.0,1351847.0,,547242.0,652758.0,0.0,1700000.0,800000.0,632653.0,7448979.0,7448979.0,7644389.0,60300.0,2312000.0,310189.0,4009311.0,42650.0,1336026.0,2607802.0,265974.0,6268127.0,2158235.0,115780.0,1131782.0,674407.0,1241823.0,2059426.0,383943.0,2833339.0,993966.0,2458344.0,2158345.0,161635.0,1180.0
Kiribati,,,,,,,,,,,,,,,,,,,,,,,,,,,,,,,,,,,,,,,,,,,,,,,,,,,,,,,,,,,,,,,,,,,,,,,,,700.0,,,,,,,,,,,,,,,,,,,,,,,,,,,84000.0,,,,,,,,,0.0,,,,,,220.0,1500.0,,,,,,,,,
Kuwait,,,,,,,,,,,,,,,,,,,,,,,,,,,,,,,,,,,,,,,,,,,,,,,,,,,,,,,,,,,,,,,,,,,,,,,,,,,,,,,,,,,,,,,,,,,,,,,,,,200.0,,,,,,,,,,,,,,,,,,,,,0.0,,,,,,
Kyrgyzstan,,,,,,,,,,,,,,,,,,,,,,,,,,,,,,,,,,,,,,,,,,,,,,,,,,,,,,,,,,,,,,,,,,,,,,,,,,,,,,,,,,,,,,,,,,,,,104168.0,,45000.0,,,1200.0,0.0,,0.0,,480.0,156.0,0.0,0.0,21075.0,845.0,3000.0,2000000.0,8350.0,0.0,11000.0,,0.0,11490.0,,5000.0,,,,0.0,13850.0,,
Laos,,,,,,,,,,,,,,,,,,,,,,,,,,,,,,,,,,,,,,,,,,,,,,,,,,,,,,,,,,,,,,,,,,,70000.0,,9000.0,0.0,,100000.0,,,,,,3500000.0,459000.0,,,0.0,,,2000.0,,,0.0,730000.0,,,370315.0,268775.0,0.0,190000.0,591400.0,420000.0,,,20000.0,450000.0,453000.0,150000.0,,,,,,204190.0,128796.0,,467000.0,,574176.0,750.0,47895.0,26328.0,0.0,748245.0,507500.0,70764.0,26000.0,42550.0,68885.0,
Latvia,,,,,,,,,,,,,,,,,,,,,,,,,,,,,,,,,,,,,,,,,,,,,,,,,,,,,,,,,,,,,,,,,,,,,,,,,,,,,,,,,,,,,,,,,,,,,,,,,,,,0.0,,0.0,,0.0,,0.0,0.0,,,,,,0.0,,,,,,0.0,,,,0.0,200.0,
Lebanon,,,,,,,,,,,,,,,,,,,,,,,,,,,,,,,,,,,,,,,,,,,,,,,,,,,,,,,,0.0,0.0,,,,,,,,,,,,,,,,,,,,,,,,,,,0.0,,,,1500.0,,,,,100000.0,,,,,,,,,,500.0,17000.0,,,,0.0,,,,,,,,1000942.0,,,0.0,11000.0,0.0,,,1024200.0,2975000.0
Lesotho,,,,,,,,,,,,,,,,,,,,,,,,,,,,,,,,,,,,,,,,,,,,,,,,,,,,,,,,,,,,,,,,,,,,,204000.0,,,,,,,,,,,,,,,238571.0,261429.0,80000.0,,100000.0,,0.0,0.0,,75149.0,128175.0,128176.0,,200.0,,,,,1000.0,214843.0,285157.0,,,,158909.0,320591.0,,,71937.0,658578.0,,0.0,,648948.0,60052.0,,433000.0,109685.0,330707.0,328158.0,968.0,
Liberia,,,,,,,,,,,,,,,,,,,,,,,,,,,,,,,,,,,,,,,,,,,,,,,,,,,,,,,,,,,,,,,,,,,,,,,,,,,,,,,,,,,200.0,0.0,,,,,,,1000000.0,,,,,0.0,,,5000.0,,,,,,,,,17000.0,0.0,584.0,15486.0,,,,,,15431.0,,,,,,,,
Libya,,,,,,,,,,,,,,,,,,,,,,,,,,,,,,,,,,,,,,,,,,,,,,,,,,,,,,,,,,,,,,,,0.0,,,,,,,,,,,,,,,,,,,,,,,,,,,,,,,,0.0,,,,,,,,,,,,,,,,,,2000.0,,,,,,20000.0,,,,1600000.0,
Lithuania,,,,,,,,,,,,,,,,,,,,,,,,,,,,,,,,,,,,,,,,,,,,,,,,,,,,,,,,,,,,,,,,,,,,,,,,,,,,,,,,,,,,,,,,,,,,,0.0,780000.0,,,,,,0.0,,0.0,,,,0.0,0.0,,,,0.0,,0.0,,,,,,0.0,,,,0.0,,
Low-income countries,,,,0.0,,,0.0,0.0,,,6396.0,6396.0,6396.0,6396.0,6416.0,,,,,,,,,,,,,,,,,,,,,,,,,,0.0,0.0,0.0,0.0,0.0,,,,,,,,,,0.0,,0.0,,,,,0.0,,0.0,700000.0,1500000.0,8000.0,116200.0,255600.0,1923532.0,251530.0,921513.0,3021513.0,334593.0,2916529.0,1211828.0,2368514.0,2242716.0,1823076.0,2018631.0,2468649.0,5388936.0,4064950.0,8067501.0,11382272.0,6091661.0,112108.0,11738506.0,4560592.0,1095252.0,9624705.0,7086991.0,10475279.0,5045150.0,5880785.0,7825627.0,4303762.0,4104433.0,1190177.0,2670669.0,14532695.0,8101295.0,9001659.0,8568049.0,7896531.0,8604430.0,11726659.0,4750995.0,9685337.0,17540555.0,15485138.0,12933922.0,20832869.0,4611635.0,4824949.0,26823958.0,22612755.0,12514558.0,10363622.0,29141380.0,22403019.0,25160579.0,99899995.0,22074011.0,289335.0
Lower-middle-income countries,0.0,,0.0,0.0,0.0,0.0,,,,0.0,0.0,0.0,0.0,0.0,0.0,0.0,0.0,,0.0,0.0,0.0,,0.0,0.0,1000000.0,0.0,0.0,40000.0,0.0,0.0,0.0,0.0,0.0,,0.0,0.0,0.0,7500.0,0.0,0.0,0.0,0.0,0.0,30000.0,0.0,0.0,0.0,0.0,0.0,0.0,25000.0,60000.0,1000000.0,0.0,250000.0,0.0,1000000.0,273200.0,25000.0,13000.0,787000.0,0.0,140000.0,6080400.0,5867462.0,44441146.0,37491521.0,34958636.0,24342832.0,2354623.0,26278583.0,6311362.0,109039890.0,109385914.0,40363210.0,27522976.0,13806802.0,18730826.0,44295253.0,42749031.0,64566928.0,20148985.0,80249227.0,104006655.0,65955887.0,26658283.0,10409896.0,355314332.0,106415478.0,19792381.0,16671640.0,37132750.0,22052947.0,153744544.0,22957431.0,62891576.0,29626153.0,39713254.0,72197879.0,66284887.0,116035059.0,93343118.0,364442045.0,16616377.0,81933979.0,40940529.0,24028220.0,72368068.0,32620289.0,41008022.0,39616819.0,45493151.0,43871072.0,55724716.0,34156829.0,206976072.0,195434949.0,61110138.0,44773338.0,70155784.0,51444441.0,29546010.0,86174589.0,32141824.0,10229001.0
Luxembourg,,,,,,,,,,,,,,,,,,,,,,,,,,,,,,,,,,,,,,,,,,,,,,,,,,,,,,,,,,,,,,,,,,,,,,,,,,,,,,,,,,,,0.0,,,,,,,0.0,,,0.0,,0.0,,,,,,,,0.0,,,,,,,0.0,,,,,,,,,1500.0,,0.0,0.0,,
Macao,,,,,,,,,,,,,,,,,,,,,,,,,,,,,,,,,,,,,,,,,,,,,,,,,,,,,,,,,,,,,,,,,,,,,,,,,,,,,,,,,,,,,,,,,,,,,,1200.0,,,,,,,,,,,,,,,,,,,,,,,,0.0,,,,,,,
Madagascar,,,,,,,,,,,,,,,,,,,,,,,,,,,,,,,,,,,,,,,,,,,,,,,,,,,,,,,,,,,,,,,,,,,,,65000.0,40000.0,10000.0,,2500000.0,,,10000.0,500000.0,30000.0,18000.0,,,1118000.0,0.0,13560.0,100000.0,,112108.0,,150489.0,255086.0,199740.0,324740.0,200291.0,,500000.0,,100000.0,520000.0,20000.0,,1337498.0,,568112.0,410944.0,1050273.0,60704.0,18108.0,243495.0,518617.0,302563.0,371876.0,269176.0,335300.0,44752.0,10166.0,9834.0,1050982.0,1153018.0,842190.0,15100.0,514306.0,405555.0,893537.0,793025.0,154475.0
Malawi,,,,,,,,,,,,,,,,,,,,,,,,,,,,,,,,,,,,,,,,,,,,,,,,,,,,,,,,,,,,,,,,,,,,1200.0,,2300.0,,,,,,,,,,20000.0,,,6000.0,,,,,713655.0,715612.0,0.0,2800000.0,0.0,1405109.0,1864963.0,1864963.0,1864965.0,,400000.0,15000.0,2000.0,20000.0,508750.0,3225775.0,18500.0,,2578021.0,2521979.0,615241.0,107427.0,13018.0,21290.0,74993.0,616540.0,1421788.0,,1386967.0,2971445.0,3035509.0,9613.0,991074.0,2250.0,55500.0,3686247.0,2299132.0,14000.0
Malaysia,,,,,,,,,,,,,,,,,,,,,,,,,,,,,,,,,,,,,,,,,,,,,,,,,,,,,,,,,,,,,,,,,,300000.0,,125000.0,10000.0,,243000.0,,,,,,,,3000.0,,,,,15000.0,,,25000.0,2576.0,60000.0,,,,,20000.0,,0.0,1568.0,2115.0,7500.0,2000.0,8500.0,29046.0,4309.0,18300.0,57538.0,23541.0,113577.0,137533.0,3043.0,15832.0,,20000.0,,75000.0,2430000.0,3000.0,12013.0,42235.0,16900.0,22477.0,21883.0,144638.0,107594.0,84187.0,
Maldives,,,,,,,,,,,,,,,,,,,,,,,,,,,,,,,,,,,,,,,,,,,,,,,,,,,,,,,,,,,,,,,,,,,,,,,,,,,,,,,,,,,,,,,,300.0,,,,0.0,,,,,,,,,,,,,12000.0,,,1649.0,,,,,,,,,,,,1800.0,,1320.0,,,
Mali,,,,,,,,,,,0.0,0.0,0.0,0.0,0.0,,,,,,,,,,,,,,,,,,,,,,,,,,0.0,0.0,0.0,0.0,0.0,,,,,,,,,,,,,,,,,,,,,,0.0,,,,,,,,,,,,0.0,,250456.0,249771.0,249771.0,249771.0,249771.0,250460.0,,,0.0,14635.0,,302000.0,,,,,,,1784.0,2000.0,0.0,3500.0,22519.0,0.0,,500000.0,525000.0,42662.0,0.0,20390.0,632000.0,1763021.0,1752394.0,46000.0,,2000.0,9500.0,,13150.0,6979.0,6800000.0,,1814753.0,,
Malta,,,,,,,,,,,,,,,,,,,,,,,,,,,,,,,,,,,,,,,,,,,,,,,,,,,,,,,,,,,,,,,,,,,,,,,,,,,,,,,,,,,,,,,,,,,,,,,,,,,,,,,,,,,,,,,,,,,,,,,,,,,0.0,,
Marshall Islands,,,,,,,,,,,,,,,,,,,,,,,,,,,,,,,,,,,,,,,,,,,,,,,,,,,,,,,,,,,,,,,,,,,,,,,,,,,,,,,,,,,,,,,,,,,,0.0,,,,,,,,,,,,,,,,,600.0,,,,,6384.0,360.0,14825.0,6175.0,,,0.0,,,4480.0,,33456.0
Martinique,,,0.0,,,,,,,,,,,,,,,,,,,,,,,,,,,,,,,,,,,,,,,,,,,,,,,,,,,,,,,,,,0.0,,,0.0,,,,1000.0,,,5000.0,,,,,,,,,20000.0,0.0,,,,,,,,,0.0,1500.0,,,0.0,,0.0,0.0,,,400.0,,,,,,,,0.0,,,,0.0,,,,,,0.0,,,,,,,
Mauritania,,,,,,,,,,,0.0,0.0,0.0,0.0,0.0,,,,,,,,,,,,,,,,,,,,,,,,,,0.0,0.0,0.0,0.0,0.0,,,,,,,,,,,,,,,,,,,,,46000.0,,,,185641.0,185641.0,185641.0,185641.0,185641.0,185641.0,186154.0,710971.0,709029.0,20319.0,6681.0,167843.0,286274.0,286274.0,286274.0,289274.0,293061.0,,,,,,0.0,,446507.0,,408.0,,9759.0,11641.0,3800.0,,273631.0,390684.0,363185.0,,7500.0,0.0,54120.0,,10000.0,427750.0,780005.0,361995.0,4225.0,,,,3895774.0,159886.0,224314.0,347430.0,559693.0,541085.0,7200.0,
Mauritius,,,,,,,,,,,,,,,,,,,,,,,,,,,,,,,,,,,,,,,,,,,,,,,,,,,,,,,,,,,,,0.0,,,,,,,20000.0,,,,,25000.0,,,826199.0,,,,100000.0,,,32500.0,350.0,,,,,,4000.0,,6000.0,,,800.0,,0.0,,,0.0,,,0.0,,,,,0.0,,,,,,0.0,,,,,30000.0,,,,139.0,2500.0,100000.0
Mexico,,,,,,,,,,,,0.0,,,,,,,,,0.0,,,,,,,,,0.0,,,0.0,,,,,0.0,,,,,,3000.0,,,,,,0.0,,0.0,0.0,,0.0,0.0,,0.0,,0.0,,0.0,0.0,,4000.0,0.0,80000.0,279345.0,0.0,0.0,0.0,0.0,100000.0,150000.0,0.0,0.0,475000.0,50000.0,10750.0,67500.0,106000.0,0.0,80000.0,250000.0,30000.0,2000000.0,0.0,3000.0,100000.0,0.0,17800.0,9800.0,10000.0,282500.0,75700.0,75535.0,10000.0,771555.0,36218.0,698413.0,112237.0,5600.0,516600.0,237530.0,4050.0,2683571.0,270700.0,1828000.0,520000.0,252170.0,1600075.0,3610600.0,132000.0,172000.0,171381.0,20592.0,71500.0,1452210.0,13000.0,1842.0,123575.0,37342.0,52603.0,988000.0,
Micronesia (country),,,,,,,,,,,,,,,,,,,,,,,,,,,,,,,,,,,,,,,,,,,,,,,,,,,,,,,,,,,,,,,,,,,,,,,,,,,,,,,,,,,,,,,,0.0,,,,,,,,,,,28800.0,,,,1300.0,0.0,6000.0,,,,0.0,,,,,,,35000.0,100000.0,,,10000.0,,,,64723.0,48277.0
Moldova,,,,,,,,,,,,,,,,,,,,,,,,,,,,,,,,,,,,,,,,,,,,,,,,,,,,,,,,,,,,,,,,,,,,,,,,,,,,,,,,,,,,,,,,,,,,,,,25000.0,,,2148.0,,960.0,2600000.0,,500.0,,,6500.0,0.0,210394.0,4000.0,,12000.0,,13174.0,,,,,,,5460.0,,,,0.0,
Mongolia,,,,,,,,,,,,,,,,,,,,,,,,,,,,,,,,,,,,,,,,,,,,,,,,,,,,,,,,,,0.0,,,,,,,,,250000.0,,,,,,,,,,,,,,,,0.0,,,,0.0,,,,0.0,0.0,,100000.0,0.0,,5000.0,,,,1212549.0,329225.0,486726.0,334000.0,,,,,0.0,146001.0,638105.0,,,,,323434.0,750258.0,48308.0,272301.0,3000.0,49105.0,14480.0,33931.0,624078.0,340357.0
Montenegro,,,,,,,,,,,,,,,,,,,,,,,,,,,,,,,,,,,,,,,,,,,,,,,,,,,,,,,,,,,,,,,,,,,,,,,,,,,,,,,,,,,,,,,,,,,,,,,,,,,,,,,,,,,,1086.0,,185.0,6615.0,,4500.0,,,,,200.0,,,,,0.0,,
Montserrat,,,,,,,,,,,,,,,,,,,,,,,,,,,,,0.0,,,,,,,,,,,,,,,,,,,,,,,,,,,,,,,,,,,,,,,,,,,,,,,,,,,,,,,,,,,,,0.0,0.0,,,,,5000.0,4000.0,4000.0,,,,,,,,,200.0,,,,,,,,,,,,,,,,,,
Morocco,,,,,,,,,,0.0,,,,,,,,,,,,,,,,,,,,,,,,,,,,,,,,,,,,,,,,,,0.0,,,0.0,,,,,,0.0,,,35000.0,0.0,47813.0,0.0,,,0.0,266441.0,137000.0,,,,12000.0,,0.0,,5560.0,,,10000.0,0.0,0.0,,,,0.0,,,,,,,38000.0,60000.0,0.0,,62275.0,107166.0,106809.0,15000.0,10000.0,0.0,0.0,2100.0,,20000.0,9500.0,77000.0,,7500.0,,117000.0,,750000.0,1650000.0,70000.0,200.0,,1375.0,,840000.0,
Mozambique,,,,,,,,,,,,,,,,,,,,,,,,,,,,,,,,,,,,,,,,,,,,,,,,,,,,,,,,,0.0,,,,,,,,,,,50000.0,,,,500000.0,,,,75000.0,,400000.0,280000.0,1498973.0,1498973.0,2948452.0,2452560.0,949479.0,1299479.0,1452084.0,,8000.0,4000.0,0.0,,2543576.0,756424.0,,2000000.0,,200000.0,400000.0,0.0,70000.0,4500350.0,849326.0,600000.0,657500.0,,585286.0,853539.0,1067043.0,218941.0,471276.0,477000.0,63946.0,109945.0,240000.0,76210.0,177645.0,2250417.0,971183.0,300.0,1973357.0,2901343.0,1103575.0,1945297.0,119635.0,93240.0
Myanmar,,,0.0,,,,,,,,,,,,,,,,,,,,,0.0,,,0.0,,,,0.0,,,,,,0.0,,,,,0.0,,,,,,,,,,,,,,,,,,,,,,0.0,,500000.0,,157319.0,60000.0,,0.0,,,,1400000.0,0.0,0.0,3000.0,78000.0,40000.0,,28588.0,36000.0,,,,,,,,,360136.0,4625.0,,64970.0,19544.0,,103650.0,,0.0,,0.0,50000.0,,12500.0,0.0,70075.0,162317.0,2400000.0,1351.0,405000.0,53734.0,86255.0,73300.0,40000.0,1635703.0,941297.0,199520.0,173050.0,6200.0,26500.0,125000.0,,75300.0,
Namibia,,,,,,,,,,,,,,,,,,,,,,,,,,,,,,,,,,,,,,,,,,,,,,,,,,,,,,,,,,,,,,,,,,,,,,,,,,,,,,,,,,,0.0,0.0,0.0,,,,,,,200109.0,49891.0,,,81488.0,81712.0,,1957.0,23043.0,5000.0,0.0,115628.0,241372.0,25000.0,,2300.0,15000.0,65000.0,350000.0,110000.0,500000.0,650.0,733439.0,61061.0,464254.0,115746.0,2502.0,62153.0,246585.0,248262.0,401.0,,2190.0,
Nepal,,,,,,,,,,,,,,,,,,,,,,,,,,,,,,,,,,,,,,,,,,,,,,,,,,,,,,,0.0,,,,,,,,,0.0,0.0,,20000.0,0.0,1000.0,,20000.0,,450615.0,449385.0,,75000.0,0.0,,27000.0,1747606.0,1952394.0,10000.0,0.0,200000.0,0.0,60500.0,0.0,351000.0,300000.0,0.0,2500.0,615.0,0.0,553230.0,,10515.0,138600.0,0.0,20000.0,18000.0,50000.0,21019.0,265760.0,43395.0,800000.0,31600.0,200000.0,640658.0,250000.0,560724.0,8000.0,182186.0,12500.0,12474.0,187621.0,5621790.0,20500.0,1713500.0,1400.0,96742.0,117390.0,3850.0,37025.0,337750.0,
Netherlands,,,,,,,,,,,,,,,,,,,,,,,,,,,,,,,,,,,,,,,,,,,,,,,,,,,,,,300000.0,,,,,,,,,,,,,,,,,,,0.0,,,,0.0,,,,,,,,0.0,0.0,0.0,,,,0.0,,0.0,13000.0,0.0,250000.0,,60.0,2000.0,,,,0.0,0.0,,0.0,0.0,0.0,0.0,,0.0,,0.0,0.0,,,0.0,,0.0,0.0,0.0,0.0,0.0,0.0,
Netherlands Antilles,,,,,,,,,,,,,,,,,,,,,,,,,,,,,,,,,,,,,,,,,,,,,,,,,,,,,,,0.0,,,,,,0.0,,,,,,,,,,,,,,,,,,,,,,,,,,,,,0.0,,,,,,40000.0,,,,,,,,,,,,,,,,,,,,,,,,,,,,,
New Caledonia,,,,,,,,,,,,,,,,,,,,,,,,,,,,,,,,,,,,,,,,0.0,,,,,,,,,0.0,,,0.0,,,,0.0,,,,0.0,,,,,,,,,0.0,0.0,,,0.0,,,0.0,0.0,,,,,2000.0,,,,,,,,,,,,,,,,,,0.0,,,,0.0,,,,,,,,,,,,,,,,,,0.0,,,
New Zealand,,,,,,,,,,,,,,,,,,,,,,,,,,,,,,0.0,,11000.0,,,,,,,0.0,,,,,,,,,,,,,,,0.0,,,,,,,,,,,,,,,1300.0,,,,,,,,129.0,120.0,2726.0,600.0,2900.0,2250.0,,140.0,6805.0,270.0,1830.0,7830.0,1958.0,154.0,,128.0,0.0,,157.0,70.0,2000.0,340.0,200.0,350.0,0.0,0.0,300.0,0.0,5350.0,100.0,1200.0,300.0,,,300000.0,300000.0,450.0,13836.0,,500.0,300.0,2371.0,100.0,0.0,2895.0,1880.0,690.0,14589.0,
Nicaragua,,,,,,,,,,,,,,,,,,,,,,,,,,,,,,,0.0,0.0,,,,,,,,,,,,,,,,,,,,0.0,,,,,,,,,0.0,,,,,,,,3300.0,,,5800.0,400000.0,,,,8000.0,,,30000.0,40000.0,,52000.0,,,,,,300000.0,,106411.0,0.0,305690.0,123000.0,75000.0,27085.0,10724.0,290000.0,868225.0,105695.0,9795.0,212866.0,26842.0,,5951.0,7880.0,,212726.0,39188.0,26782.0,75860.0,143000.0,29500.0,14149.0,404341.0,131769.0,10570.0,52765.0,224184.0,88816.0,930000.0,,3000.0,,
Niger,,,,0.0,,,0.0,0.0,,,6396.0,6396.0,6396.0,6396.0,6416.0,,,,,,,,,,,,,,,,,,,,,,,,,,0.0,0.0,0.0,0.0,0.0,,,,,,,,,,,,,,,,,,,,,,0.0,0.0,,,,,,,16000.0,,,,,,367156.0,626225.0,626225.0,626225.0,626225.0,627944.0,,,1080000.0,,815000.0,815000.0,,,0.0,,,3652.0,4848.0,11606.0,4156.0,1560239.0,2045569.0,30000.0,,1393939.0,1606061.0,57264.0,32000.0,4625355.0,3580385.0,1510948.0,2033004.0,181029.0,165578.0,1060682.0,1415532.0,1663003.0,130468.0,223000.0,3750000.0,105690.0,4722000.0,169598.0,
Nigeria,,,,,,,,,,,,,,,,,,,,,,,,,,,,,,,,,,,,,,,,,,,,,,,,,,,,,,,,,,,,,,,,,,,,,,,,,,,,,,,0.0,,,,,679365.0,1158730.0,1167905.0,,,0.0,,,,0.0,,180000.0,,,,0.0,80000.0,500.0,84065.0,0.0,210000.0,29300.0,1000.0,3000.0,55000.0,,150000.0,1500000.0,30265.0,7015000.0,81506.0,10000.0,100420.0,1000.0,10000.0,1936727.0,71140.0,192900.0,8330.0,21910398.0,31336.0,500.0
Niue,,,,,,,,,,,,,,,,,,,,,,,,,,,,,,,,,,,,,,,,,,,,,,,,,,,,,,,,,,,,1600.0,4000.0,,,,,,,,0.0,,,,,,,,,,,,,,,,,,,,,,200.0,,,,,,,,,,,,,,200.0,,,,,,,,,,,,,,,,,,,,
North America,0.0,,0.0,0.0,,0.0,0.0,90000.0,0.0,0.0,0.0,0.0,0.0,0.0,,0.0,,0.0,0.0,0.0,0.0,0.0,0.0,0.0,,0.0,0.0,0.0,0.0,0.0,6000.0,2497.0,2497.0,2497.0,2497.0,2497.0,2497.0,2497.0,2497.0,2497.0,2527.0,,,3000.0,0.0,0.0,0.0,0.0,0.0,0.0,107000.0,20000.0,0.0,0.0,250000.0,0.0,0.0,0.0,0.0,0.0,0.0,0.0,0.0,5000.0,94500.0,197782.0,321600.0,280345.0,566366.0,27380.0,64245.0,7800.0,693505.0,311104.0,1227000.0,1760.0,4393000.0,520700.0,18850.0,1675110.0,739152.0,175732.0,419432.0,609745.0,82078.0,3494528.0,726692.0,90110.0,3658892.0,62440.0,189149.0,788470.0,1391096.0,1289217.0,1800588.0,532422.0,1440385.0,1334563.0,5359372.0,4610576.0,271296.0,8478847.0,1636607.0,809045.0,6335800.0,6868641.0,432181.0,3420077.0,15538359.0,3107798.0,5940136.0,5189171.0,2509689.0,593169.0,3024155.0,2634324.0,95183644.0,13793888.0,5757387.0,901640.0,9513056.0,1053834.0,8913244.0,6052740.0,300.0
North Korea,,,,,,,,,,,,,,,,,,,,,,,,,,,,,,,,,,,,,,,,,,,,,,,,,,,,,,,,,,,,,,,,,,,,,,,,,,,,,,,,,,,,,,,,20000.0,,,,,,2500.0,,5700000.0,3270000.0,0.0,10000.0,39136.0,480000.0,157500.0,45771.0,,450.0,0.0,7310.0,1000000.0,,,95785.0,56705.0,3103905.0,800000.0,,18003541.0,667715.0,0.0,595036.0,15400000.0,85000.0,5000.0,,,
North Macedonia,,,,,,,,,,,,,,,,,,,,,,,,,,,,,,,,,,,,,,,,,,,,,,,,,,,,,,,,,,,,,,,,,,,,,,,,,,,,,,,,,,,,,,,,,,,,,,10000.0,,1500.0,,,,,0.0,0.0,1500.0,4750.0,100000.0,2000.0,1500.0,1000202.0,,,,,5100.0,4911.0,5028.0,108772.0,33522.0,2220.0,,,,80000.0,,,
Northern Mariana Islands,,,,,,,,,,,,,,,,,,,,,,,,,,,,,,,,,,,,,,,,,,,,,,,,,,,,,,,,,,,,,,,,,,,,,,,,,,,,,,,,,,,,,,,,,,,,,,,,,,,,,,,0.0,0.0,200.0,,,,,,,,,,,350.0,,,0.0,,,,,,
Norway,,,,,,,,,,,,,,,,,,,,,,,,,,,,,,,,,,,,,0.0,,,,,,,,,,,,,,,,,,,,,,,,,,,,,,,,,,,,,,,,,,,,,,,,,,,,,,0.0,,0.0,0.0,,4000.0,,,,,600.0,1500.0,,,,0.0,,,0.0,,,500.0,,,,,,,,150.0,1000.0,,0.0,,
Oceania,,,,,,,,,,,,,,,0.0,,,,,,,,,,,0.0,,,,0.0,,11000.0,,,,,,7500.0,0.0,0.0,0.0,0.0,0.0,0.0,0.0,,2500.0,,0.0,,,0.0,0.0,0.0,,0.0,0.0,3200.0,0.0,1600.0,6000.0,8000.0,0.0,,8000.0,10000.0,96000.0,3000.0,6174.0,0.0,4000.0,6000.0,121400.0,12350.0,50500.0,23000.0,10129.0,16120.0,2826.0,27200.0,38952.0,80898.0,170000.0,287272.0,6805.0,240420.0,315330.0,66899.0,6058.0,2154.0,182100.0,85518.0,285987.0,5588594.0,6385251.0,3200665.0,638100.0,139596.0,698424.0,108350.0,2150.0,27738.0,36388.0,35885.0,115515.0,27593.0,8691.0,171514.0,98147.0,72232.0,402002.0,485471.0,263184.0,77716.0,169833.0,2914211.0,675992.0,71462.0,826222.0,46043.0,580156.0,133981.0,406110.0,1042991.0,81733.0
Oman,,,,,,,,,,,,,,,,,,,,,,,,,,,,,,,,,,,,,,,,,,,,,,,,,,,,,,,,,,,,,,,,,,,,,,,,,,,,,,5000.0,,,,0.0,,,,,,,,,,,,,,,,,,,,,50.0,0.0,,,,20000.0,,,0.0,0.0,,,,6000.0,0.0,200.0,0.0,0.0,100.0,90.0,,,190.0
Pakistan,,,,,,,,,,0.0,,,,,,,,,,,,,,,,,0.0,,,,,,,,,0.0,,,,0.0,,,,,0.0,0.0,,,,,0.0,,,0.0,0.0,0.0,0.0,0.0,,0.0,,,,,474427.0,0.0,,150000.0,,,,,5000.0,4800000.0,30000.0,0.0,5566000.0,777000.0,2236000.0,3200.0,86200.0,225.0,10000.0,64300.0,0.0,12000.0,750.0,,0.0,142400.0,0.0,175005.0,9888753.0,261495.0,840000.0,1855000.0,1300000.0,836328.0,200000.0,403213.0,527595.0,1841787.0,682337.0,1794809.0,10765.0,7523073.0,2000.0,1652502.0,365752.0,75000.0,20394883.0,5401000.0,5047662.0,1697020.0,2530000.0,2023936.0,3235.0,62310.0,0.0,4811364.0,2559155.0,63890.0,33004000.0,120165.0,0.0
Palau,,,,,,,,,,,,,,,,,,,,,,,,,,,,,,,,,,,,,,,,,,,,,,,,,,,,,,,,,,,,,,,,,,,,,,,,,,,,,,,,,,,,,,,,,,,,,,,,,,,,,,,,,,,,,,,,,0.0,0.0,,7138.0,7062.0,,,,,7288.0,,,
Palestine,,,,,,,,,,,,,,,,,,,,,,,,,,,,,,,,,,,,,,,,,,,,,,,,,,,,,,,,,,,,,,,,,,,,,,,,,,,,,,,,,,,,,,,,,,,,,,,,,,,,,,,,,,,,,0.0,,0.0,,1500.0,62471.0,,31050.0,,,,,30000.0,,3500.0,,
Panama,,,,,,,,,,,,,,,,,,,,,,,,,,,,,,,,,,,,,,,,,,,,,,,,,,,,,,,,,,,,,,,,,500.0,,1600.0,,,,43845.0,,300.0,4000.0,,,,,2000.0,,,,,81000.0,1000.0,,3500.0,,6732.0,,,30500.0,0.0,,,500.0,,,7500.0,500.0,0.0,0.0,25000.0,2000.0,22748.0,7000.0,6576.0,129.0,23832.0,4248.0,32642.0,4000.0,9416.0,0.0,116.0,3500.0,12000.0,12000.0,0.0,0.0,5150.0,30190.0,150.0,,
Papua New Guinea,,,,,,,,,,,,,,,,,,,,,,,,,,,,,,,,,,,,,,7500.0,,,,,,,,,,,,,,0.0,,,,,,3200.0,,,2000.0,,,,,,,,,,4000.0,0.0,0.0,,,,,,,0.0,8052.0,31948.0,,38000.0,,0.0,1000.0,4000.0,1000.0,,0.0,0.0,90000.0,49000.0,106000.0,,1800.0,133256.0,383943.0,0.0,0.0,0.0,17563.0,600.0,19600.0,17493.0,3999.0,162140.0,75300.0,0.0,,0.0,200000.0,35000.0,40726.0,2549199.0,6600.0,,544736.0,16450.0,61000.0,,0.0,13635.0,0.0
Paraguay,,,,,,,,,,,,,,,,,,,,,,,,,,,,,,,,,,,,,,,,,,,,,,,,,,,,,,,,,,,,,,,,6690.0,6710.0,25000.0,4890.0,,,,,27000.0,,,,,,,,120000.0,,,85000.0,100000.0,,,,,30000.0,,15000.0,,65575.0,,,275000.0,,75000.0,0.0,6534.0,11145.0,11145.0,13941.0,,0.0,52990.0,,125000.0,65655.0,212735.0,0.0,0.0,1495845.0,136468.0,283292.0,108284.0,41866.0,,46300.0,525197.0,,6000.0,,46656.0,
Peru,,,,,,,,,,,,,,0.0,0.0,,,,,,,,,,,,,,,,,,,,,,,,,0.0,0.0,0.0,0.0,0.0,,,0.0,0.0,,,0.0,,,0.0,,,,,0.0,,0.0,,0.0,,,0.0,213600.0,40000.0,300.0,131604.0,3218909.0,330000.0,1500000.0,0.0,53260.0,,,640.0,17000.0,0.0,39000.0,12156.0,80000.0,702700.0,0.0,0.0,208000.0,27500.0,5000.0,0.0,2274100.0,46500.0,1130000.0,219120.0,89000.0,0.0,55355.0,78346.0,535254.0,247000.0,0.0,292800.0,119036.0,1900221.0,346134.0,2446.0,18000.0,1589240.0,450000.0,61573.0,304747.0,172801.0,705671.0,275697.0,179481.0,372345.0,21315.0,2188000.0,7885.0,43123.0,7562.0,47757.0,4213.0,585934.0,698.0
Philippines,,,,,,0.0,,,,,,0.0,0.0,,,,,,0.0,,,,,,,0.0,,,,,,0.0,0.0,,0.0,,0.0,0.0,0.0,,0.0,,,,,,0.0,,0.0,0.0,0.0,60000.0,0.0,,0.0,0.0,0.0,0.0,,0.0,425000.0,,0.0,0.0,1224125.0,50000.0,196000.0,137000.0,232330.0,1700.0,1740370.0,0.0,2865000.0,3405000.0,1298918.0,4617.0,2906831.0,209721.0,1867334.0,539930.0,2354911.0,1397418.0,891025.0,1835262.0,3280815.0,1609281.0,1236561.0,3913127.0,4450946.0,2283086.0,7562494.0,2682778.0,2181283.0,3787719.0,2771574.0,3287550.0,37615.0,471765.0,9922433.0,3482543.0,6298695.0,3524478.0,1207979.0,528194.0,3329234.0,213057.0,8610114.0,2010553.0,8404236.0,13351474.0,3963143.0,13210117.0,12489647.0,25637240.0,13272389.0,3935535.0,5614843.0,4812022.0,9614691.0,6454382.0,6115102.0,12470277.0,7920999.0,3497056.0,1400000.0
Poland,,,,,,,,,,,,,,,,,,,,,,,,,,,,,0.0,,,,,,,,,,,,,,,,,,,,,,,,,,,,,,,,,,,,,,,,,,,,,,,,,1000.0,,,4500.0,,16050.0,900.0,,,,0.0,,,0.0,,0.0,,0.0,,,162500.0,1200.0,0.0,0.0,15000.0,0.0,0.0,600.0,3600.0,500.0,0.0,1050.0,150.0,100700.0,0.0,300.0,0.0,0.0,1200.0,0.0,5799.0,0.0,0.0,390.0,2000.0,1500.0,,
Portugal,,,,,,,,,,0.0,,,,,,,,,,,,,,,,,,,,,,,,,,,,,,,,0.0,,,,,0.0,,,,,,,,,,,,,,,,,,1000.0,,0.0,1000.0,,0.0,,,,0.0,,,,,,35000.0,21300.0,900.0,,2000.0,,0.0,0.0,,,0.0,,0.0,,,,,3110.0,0.0,0.0,,0.0,0.0,0.0,150036.0,0.0,0.0,240.0,,72.0,0.0,600.0,,,3900.0,50.0,0.0,699.0,500.0,310.0,0.0,,,0.0,1400.0,
Puerto Rico,,,,,,,,,,,,,,,,,,,0.0,,,,,,,,,,0.0,,,,0.0,,,,,,,,,,,,,,,,,,,,,,,,,,,,0.0,,,,,,,,,,0.0,,,,,0.0,,,,4500.0,,0.0,,,,0.0,,,,2000.0,,,600.0,,0.0,98000.0,57315.0,,0.0,0.0,,9300.0,,2405.0,3500.0,,,0.0,,,,1500.0,0.0,,0.0,,,540000.0,400.0,,4320.0,,0.0,,
Qatar,,,,,,,,,,,,,,,,,,,,,,,,,,,,,,,,,,,,,,,,,,,,,,,,,,,,,,,,,,,,,,,,,,,,,,,,,,,,,,,,,,,,,,,,,,,,,,,,,,,,,,,,,,,,,,,,,,,,,,,1500.0,,,,,,
Reunion,,,,,,,,,,,,,,,,,,,,,,,,,,,,,,,,,,,,,,,,,,,,,,,,,0.0,,,,,,,,,,,,,,,,,,,,,,,,,,,,,1000.0,,,7000.0,,,,0.0,,,4000.0,,6200.0,,,,0.0,,,,,,,0.0,,0.0,,,,,0.0,,,,,,,250.0,,,,200.0,,,,0.0,25000.0,700.0
Romania,,,,,,,,,0.0,,,,,0.0,,,,,,,,,,,,,0.0,,0.0,,,,,,0.0,,,,,,0.0,,,,,0.0,,,,,,,,,,,,,,,,,,,,,,,,,238755.0,,,,,1000000.0,,200000.0,,,,,,0.0,2000.0,,,,,,0.0,8845.0,,0.0,0.0,0.0,0.0,0.0,13700.0,8418.0,63000.0,14800.0,4800.0,0.0,30528.0,55769.0,19581.0,4260.0,11090.0,0.0,12237.0,,7300.0,5400.0,525.0,1500.0,300.0,0.0,2700.0,362.0,1161.0,100.0,0.0,0.0,
Russia,,,,,,,,,,,,,,,,,,,,,,,,,,,,,,,,,,,,,,,,,,,,,,,,,,,,,,,,,,,,,,,,,,,,,,,,,,,,,,,,,,,,,,,,,,,,,1750.0,14500.0,797266.0,1350.0,234300.0,500.0,254100.0,731000.0,77001.0,393305.0,406913.0,1000600.0,12658.0,9045.0,19720.0,14000.0,5135.0,,53464.0,14169.0,37397.0,35635.0,22545.0,6500.0,11696.0,15721.0,14972.0,50000.0,,31756.0,1050.0,28200.0,
Rwanda,,,,,,,,,,,,,,,,,,,,,,,,,,,,,,,,,,,,,,,,,,,,,,,,,,,,,,,,,,,,,,,,,,,,,,,,,,,1900000.0,,851162.0,848838.0,,,,,,,420000.0,,,,21628.0,60000.0,,,,,,,6419.0,75581.0,,127792.0,766753.0,3000.0,21535.0,173174.0,206564.0,206564.0,208564.0,211634.0,11295.0,,0.0,3588.0,11160.0,,,3425.0,30000.0,6525.0,26360.0,5360.0,21930.0,18125.0,750.0,51905.0,
Saint Barthelemy,,,,,,,,,,,,,,,,,,,,,,,,,,,,,,,,,,,,,,,,,,,,,,,,,,,,,,,,,,,,,,,,,,,,,,,,,,,,,,,,,,,,,,,,,,,,,,,,,,,,,,,,,,,,,,,,,,,,,,0.0,,,,,,,
Saint Helena,,,,,,,,,,,,,,,,,,,,,,,,,,,,,,,,,,,,,,,,,,,,,,,,,,,,,,,,,,,,,,,,,,,,,,,,,,,,,,,,,,,,,,,,,,,,,,,,,,,,,,300.0,,,,,,,,,,,,,,,,,,,,,,,
Saint Kitts and Nevis,,,,,,,,,,,,,,,,,,,,,,,,,,,,,0.0,,,,,,,,,,,,,,,,,,,,,,,,,,,0.0,,,,,,,,,,,,,,,,,,,,,,,,,,,,,0.0,,,0.0,,0.0,0.0,,,,,1800.0,,,10000.0,1080.0,,,,,,,,,0.0,,,,,,,,,500.0,,,,,,,
Saint Lucia,,,,,,,,,,,,,,,,,,,,,,,,,,,,,,,,,,,,,,,,,,,,,,,,,,,,,,,,,,,,,0.0,,,0.0,,,,0.0,,,,,,,,,,,,,70000.0,,,3000.0,,,0.0,0.0,0.0,,,,,,600.0,,175.0,,,0.0,,,,,0.0,,,0.0,,,183000.0,,,19984.0,,,25000.0,,,,,0.0,5500.0,,
Saint Martin (French part),,,,,,,,,,,,,,,,,,,,,,,,,,,,,,,,,,,,,,,,,,,,,,,,,,,,,,,,,,,,,,,,,,,,,,,,,,,,,,,,,,,,,,,,,,,,,,,,,,,,,,,,,,,,,,,,,,,,,,0.0,,,,,,,
Saint Vincent and the Grenadines,,,0.0,,,,,,,,,,,,,,,,,,,,,,,,,,,,,,,,,,,,,,,,,,,,,,,,,,,,,0.0,,,,,,,,,,,,0.0,,,,2000.0,,,,,,0.0,,20000.0,20000.0,,,,,,142.0,1000.0,,,,,200.0,,,,,,,100.0,,,0.0,,1000.0,530.0,,,,,6000.0,275.0,,16885.0,,,25000.0,,,,,13429.0,,150.0,
Samoa,,,,,,,,,,,,,,,,,,,,,,,,,,,,,,,,,,,,,,,,,,,,,,,,,,,,,,,,,,,,,,,,,0.0,,95000.0,,0.0,,,,,,,,,,,,,,,2000.0,,,,,,0.0,170000.0,85000.0,,,,,,,,,,0.0,,,0.0,0.0,,,,5274.0,,,12703.0,,,0.0,,,0.0,,,,,,
Sao Tome and Principe,,,,,,,,,,,,,,,,,,,,,,,,,,,,,,,,,,,,,,,,,,,,,,,,,,,,,,,,,,,,,,,,,,,,,,,,,,,,,,,,,,,,30971.0,30971.0,31058.0,,,,,,,,,,,,,,,,,,,,,,,,,,,,,,,,,,,,219668.0,,,
Saudi Arabia,,,,,,,,,,,,,,,,,,,,,,,,,,,,,,,,,,,,,,,,,,,,,,,,,,,,,,,,,,,,,,,,,1000.0,,,,,,,,,,,,,,,,,,0.0,,,0.0,,,,,,,,,,,,,,,,,0.0,13000.0,400.0,50.0,,,,0.0,85.0,0.0,0.0,1021.0,,0.0,1035.0,481.0,,1407.0,600.0,,,,
Senegal,,,,,,,,,,,0.0,0.0,0.0,0.0,0.0,,,,,,,,,,,,,,,,,,,,,,,,,,0.0,0.0,0.0,0.0,0.0,,,,,,,,,,,,,,,,,,,,,,2000.0,0.0,,199921.0,199921.0,199921.0,199921.0,199921.0,199921.0,200474.0,,1857500.0,1857500.0,474350.0,475650.0,,299794.0,304794.0,299794.0,303618.0,,,0.0,,,,,5000.0,0.0,,,,300000.0,65853.0,0.0,,463000.0,1277.0,0.0,50000.0,,5300.0,23600.0,264000.0,102453.0,39794.0,464152.0,571480.0,322494.0,317208.0,10540.0,,64186.0,94112.0,102193.0,85428.0,19838.0,,
Serbia,,,,,,,,,,,,,,,,,,,,,,,,,,,,,,,,,,,,,,,,,,,,,,,,,,,,,,,,,,,,,,,,,,,,,,,,,,,,,,,,,,,,,,,,,,,,,,,,,,,,,,,,,,,,12370.0,,3210.0,30340.0,,88234.0,3000.0,62600.0,,8655.0,0.0,231.0,11650.0,2100.0,22.0,0.0,15662.0,
Serbia and Montenegro,,,,,,,,,,,,,,,,,,,,,,,,,,,,,,,,,,,,,,,,,,,,,,,,,,,,,,,,,,,,,,,,,,,,,,,,,,,,,,,,,,,,,,,,,,,,,0.0,,,,,,,60639.0,6000.0,,2400.0,,,10695.0,36200.0,,,,,,,,,,,,,,,,,,
Seychelles,,,,,,,,,,,,,,,,,,,,,,,,,,,,,,,,,,,,,,,,,,,,,,,,,,,,,,,,,,,,,,,,,,,,,,,,,,,,,,,,,,,,,,,,,,,,,,,,,,1125.0,,,,,6800.0,,4760.0,,,,,,,,,3000.0,4435.0,,,,,,,,,,
Sierra Leone,,,,,,,,,,,,,,,,,,,,,,,,,,,,,,,,,,,,,,,,,,,,,,,,,,,,,,,,,,,,,,,,,,,,,,,,,,,,10000.0,,,,,,,,,0.0,,,,,,,,,,,,200000.0,,,0.0,,,,,0.0,15000.0,,4500.0,,1455.0,234.0,0.0,,0.0,,24303.0,,11816.0,,10381.0,,,12903.0,0.0,
Sint Maarten (Dutch part),,,,,,,,,,,,,,,,,,,,,,,,,,,,,,,,,,,,,,,,,,,,,,,,,,,,,,,,,,,,,,,,,,,,,,,,,,,,,,,,,,,,,,,,,,,,,,,,,,,,,,,,,,,,,,,,,,,,,,5000.0,,,,,,,
Slovakia,,,,,,,,,,,,,,,,,,,,,,,,,,,,,,,,,,,,,,,,,,,,,,,,,,,,,,,,,,,,,,,,,,,,,,,,,,,,,,,,,,,,,,,,,,,,,,,,,,0.0,10850.0,35207.0,0.0,0.0,0.0,0.0,10530.0,0.0,100.0,0.0,,,850.0,0.0,0.0,0.0,,,,0.0,,0.0,250.0,0.0,0.0,0.0,
Slovenia,,,,,,,,,,,,,,,,,,,,,,,,,,,,,,,,,,,,,,,,,,,,,,,,,,,,,,,,,,,,,,,,,,,,,,,,,,,,,,,,,,,,,,,,,,,,,,,,,,,0.0,,,,,0.0,600.0,0.0,,0.0,,,,,12000.0,,52550.0,,,,,,0.0,1500.0,0.0,1503120.0,
Solomon Islands,,,,,,,,,,,,,,,,,,,,,,,,,,,,,,,,0.0,,,,,,,,,,,,,,,,,,,,,,,,,0.0,,,,,,,,,,1000.0,0.0,0.0,,,6000.0,,,,0.0,,1000.0,,6000.0,,,30000.0,,,650.0,90000.0,,0.0,,,,0.0,88500.0,,,,0.0,380.0,,,,0.0,275.0,,,,2375.0,,7000.0,17141.0,0.0,4836.0,13556.0,52000.0,44096.0,9769.0,,1000.0,,150000.0,,,22319.0,
Somalia,,,,,,,,,,,,,,,,,,,,,,,,,,,,,,,,,,,,,,,,,,,,,,,,,,,,,,,,,,,,,,0.0,,,700000.0,,,,,0.0,,,,,9356.0,110170.0,110474.0,40000.0,,,0.0,30000.0,,0.0,,,,500000.0,53500.0,50000.0,,,,,0.0,8500.0,100.0,1002000.0,,,754320.0,605680.0,0.0,300.0,304800.0,5000.0,486500.0,8000.0,2537185.0,816565.0,2016000.0,2002800.0,3012200.0,247380.0,166995.0,2603032.0,3802736.0,1673157.0,928000.0,2030000.0,1311000.0,3637853.0,3866563.0,3326001.0,
South Africa,,,,,,,,,,,,,,,,,,,,,,,,,,,,,,,,,,,,,,,,,,,,,,,,,,,,,0.0,,,,,,,0.0,,,,,5000.0,,,,0.0,1000.0,,,,,0.0,,,1000.0,0.0,,0.0,0.0,0.0,0.0,500000.0,,850000.0,65000.0,1320000.0,,0.0,0.0,0.0,0.0,11000.0,303500.0,8000.0,300.0,0.0,15300.0,4000.0,42656.0,103650.0,500.0,15000000.0,0.0,7160.0,38000.0,4000.0,20300.0,3517.0,205089.0,126350.0,2870.0,9185.0,1117346.0,1124846.0,472426.0,0.0,754500.0,410.0,12012410.0,176032.0,9511.0,7418.0
South America,,,,,,,0.0,,,,,,,0.0,0.0,,,,,,0.0,,0.0,0.0,0.0,,0.0,,0.0,,,0.0,,,,,0.0,,,0.0,0.0,0.0,0.0,0.0,120000.0,,0.0,0.0,0.0,100000.0,0.0,,,0.0,0.0,,0.0,0.0,0.0,0.0,2000000.0,,0.0,6690.0,728710.0,675500.0,4524971.0,555899.0,32695.0,251041.0,18568017.0,2857065.0,1527214.0,5000.0,536260.0,748000.0,20000.0,154140.0,188600.0,6750000.0,365150.0,82156.0,413410.0,33875839.0,578264.0,2808292.0,1008893.0,651888.0,8397656.0,853000.0,2606685.0,254687.0,1470998.0,388802.0,325980.0,334582.0,320355.0,746901.0,5787781.0,7245906.0,354968.0,1975260.0,801855.0,2160198.0,1092592.0,1085192.0,1017165.0,6323934.0,4339295.0,2461064.0,5194786.0,3524793.0,5240096.0,3304682.0,10922755.0,12206344.0,10437180.0,2444039.0,217496.0,11124903.0,571719.0,3364833.0,1713126.0,5042553.0,1110588.0
South Korea,,,,,,,,,,,,,,,,,,,,,,,,,,,,,,,,,,,,,0.0,,,,,,,,,,,,,,,,,,,,0.0,0.0,,0.0,,0.0,0.0,0.0,43530.0,321000.0,131904.0,1398084.0,1401916.0,347264.0,9500.0,50.0,801500.0,,,,0.0,75000.0,6000.0,35000.0,20000.0,14253.0,5000.0,,354984.0,0.0,6623.0,56000.0,0.0,75145.0,189233.0,20750.0,530.0,1790.0,0.0,2400.0,31865.0,0.0,2000.0,24408.0,500.0,310000.0,92625.0,65000.0,6691.0,15910.0,4630.0,1000.0,0.0,,41500.0,29000.0,3120.0,,0.0,,31300.0,5000.0,0.0,87808.0,18400.0,600.0,47400.0,11000.0,
South Sudan,,,,,,,,,,,,,,,,,,,,,,,,,,,,,,,,,,,,,,,,,,,,,,,,,,,,,,,,,,,,,,,,,,,,,,,,,,,,,,,,,,,,,,,,,,,,,,,,,,,,,,,,,,,,,92791.0,2150000.0,2440000.0,,157000.0,581000.0,,,3622000.0,,,934800.0,1042000.0,4868103.0,4690567.0,,
Spain,,,,,,,,,,,,,,,,,,,,,,,,,,,,,,,,,,,,,,,,,,0.0,,,,,,,,,,,,0.0,,,0.0,0.0,,,,,0.0,,,,,,,,,0.0,0.0,0.0,,,,,0.0,0.0,0.0,0.0,225000.0,501600.0,60000.0,300.0,,2000.0,,0.0,375770.0,1124229.0,1124229.0,1124229.0,1140729.0,1127314.0,4000.0,750.0,600.0,0.0,1000.0,300.0,400.0,200.0,1600.0,0.0,0.0,4730.0,,0.0,30.0,2400.0,600.0,600.0,0.0,150.0,150.0,1500.0,0.0,3820.0,2000.0,589.0,3500.0,29129.0,3671.0
Sri Lanka,,,,,,,,,,,,,,,,,,,,,,,,,,,,,,,,,,,,,,,,,,,,,,,,,,,,,,,,,,250000.0,,,,,,,280000.0,,252347.0,47000.0,,1000000.0,,,,,0.0,,,250000.0,1002000.0,0.0,0.0,20000.0,631026.0,2498974.0,185000.0,8000.0,64485.0,2200000.0,238065.0,867935.0,440000.0,100000.0,394810.0,290130.0,0.0,0.0,0.0,5000.0,152655.0,136830.0,775000.0,250513.0,1249487.0,695000.0,716130.0,145000.0,333000.0,391294.0,841611.0,320000.0,770255.0,268600.0,2247000.0,77424.0,2852689.0,180078.0,642342.0,1612235.0,303712.0,671820.0,235589.0,330770.0,178170.0,288845.0,175000.0
Sudan,,,,,,,,,,,,,,,,,,,,,,,,,,,,,,,,,,,,,,,,,,,,,,,,,,,,,,,,,,,,,,,,,,,,,,,,,,,,145000.0,,,100000.0,,0.0,,,2398222.0,3047713.0,3056065.0,,3450000.0,1500000.0,,608000.0,1727510.0,6872490.0,0.0,5965.0,,206200.0,100000.0,900000.0,235841.0,1001367.0,1095633.0,100000.0,325000.0,,156000.0,161000.0,365000.0,,111455.0,16350.0,0.0,3335000.0,500000.0,266000.0,800000.0,90000.0,29935.0,116055.0,352498.0,875000.0,319000.0,12188300.0,,
Suriname,,,,,,,,,,,,,,,,,,,,,,,,,,,,,,,,,,,,,,,,,,,,,,,,,,,,,,,,,,,,,,,,,,,,,,4600.0,,,,,,,,,,,,,,,,,,,,,,,,,,,,,,,,,,,,,25000.0,,6548.0,,,,,,,,,,,,,10100.0,9000.0,,
Sweden,,,,,,,,,,,,,,,,,,,,,,,,,,,,,,,,,,,,,,,,,,,,,,,,,,,,,,,,,,,,,,,,,,,,,,,,,,,,,0.0,0.0,,,,,,,,0.0,,,,,0.0,,,,,,,,,0.0,,,0.0,,,0.0,,,,,,,,0.0,,,,,0.0,,0.0,13500.0,0.0,,
Switzerland,,,,,,,,,,,,,,,,,,,,,,,,,,,,,,,,,,,,,,,,,,,,,,,,,,,,0.0,,,,,,,,,,,,,,0.0,,,22.0,,48.0,,,,,0.0,0.0,0.0,,,,,0.0,140.0,0.0,0.0,0.0,0.0,2000.0,,0.0,,,0.0,0.0,,,0.0,0.0,0.0,1500.0,0.0,281.0,0.0,,2500.0,3000.0,100.0,,0.0,0.0,0.0,0.0,0.0,0.0,,,200.0,0.0,0.0,13.0,0.0,0.0,15000.0,0.0
Syria,,,,,,,,,,,,,,,,,,,,,,,,,,,,,,,,,,,,,,,,,,,,,,,,,,,,,,,,,,,,,,,,,,,,40000.0,,,,,,,130000.0,,,,,,,,,,,,,,,,,,,,,,,,,131923.0,197077.0,0.0,0.0,,0.0,,0.0,,434124.0,432937.0,432939.0,,,,,0.0,,,,235000.0,140000.0,3621202.0,2383498.0,8802850.0,9700.0
Taiwan,,,,,0.0,,0.0,,,0.0,0.0,0.0,,,,,0.0,0.0,,,,,0.0,,0.0,,,,,,0.0,,,,,0.0,0.0,,,,,0.0,,,,,0.0,,,,,0.0,,0.0,,,,,0.0,0.0,0.0,0.0,0.0,0.0,37000.0,0.0,5000.0,100.0,,40000.0,,,,,,,,31000.0,,,,0.0,,0.0,0.0,,106.0,2200.0,,0.0,20000.0,0.0,0.0,,457.0,,0.0,0.0,400300.0,0.0,0.0,650000.0,300.0,0.0,8765.0,4200.0,1100.0,1000.0,0.0,2307477.0,0.0,,35000.0,1500.0,0.0,0.0,0.0,4000.0,6000.0,0.0,0.0,0.0,100.0,0.0,300.0
Tajikistan,,,,,,,,,,,,,,,,,,,,,,,,,,,,,,,,,,,,,,,,,,,,,,,,,,,,,,,,,,,,,,,,,,,,,,,,,,,,,,,,,,,,,,,,,,,,,63500.0,15000.0,5000.0,,180000.0,0.0,40935.0,6366.0,1210918.0,1798102.0,2248.0,7156.0,400180.0,6327.0,29131.0,24184.0,2800000.0,15000.0,15028.0,2130.0,8087.0,2500.0,12760.0,18764.0,12905.0,700.0,5725.0,6750.0,2690.0,25110.0,,2202.0,
Tanzania,,,,,,,,,,,,,,,,,,,,,,,,,,,,,,,,,,,,,,,,,,,,,,,,,,,,,,,,,,,,,,,,,10500.0,,,53483.0,57000.0,,,,,,50000.0,,,20000.0,9000.0,90000.0,,,40000.0,,1900000.0,,0.0,,116500.0,141056.0,142000.0,399452.0,400548.0,201513.0,0.0,1850.0,600985.0,607371.0,603943.0,599343.0,601736.0,0.0,1200.0,562115.0,1593885.0,15548.0,3700000.0,,8170.0,21193.0,29412.0,353797.0,705203.0,,40000.0,5000.0,265503.0,0.0,15862.0,2005000.0,47581.0,332705.0,1799296.0,2904678.0,0.0
Thailand,,,,,,,,,,,,,,,,,,,,,,,,,,,,,,,,,,,,,,,,,,,,,,,,,,,,,,,,,,,,,,,0.0,,,,200000.0,,,,,,,,,3000000.0,,,2028000.0,,630000.0,43000.0,,1000000.0,786140.0,7640.0,27780.0,0.0,1112941.0,154000.0,0.0,4373285.0,359326.0,1072619.0,134113.0,4224000.0,5343386.0,50000.0,,6283562.0,3364450.0,461150.0,8317858.0,112700.0,574650.0,658064.0,2722014.0,183000.0,11544016.0,228141.0,13979936.0,12441062.0,12483912.0,3500000.0,1148780.0,0.0,808843.0,3819058.0,,878885.0,1196082.0,957691.0,1381741.0,271323.0,1400.0
Togo,,,,,,,,,,,,,,,,,,,,,,,,,,,,,,,,,,,,,,,,,,,,,,,,,,,,,,,,,,,,,,,,,,,0.0,,,,,150000.0,,,,,,,,,,,,0.0,,,,,,400000.0,,,,,10000.0,110000.0,,,30405.0,65000.0,,,,,,,2000.0,127880.0,44735.0,0.0,111550.0,,,,,,,16060.0,,,57000.0,,18596.0,,
Tokelau,,,,,,,,,,,,,,,0.0,,,,,,,,,,,0.0,,,,,,,,,,,,,,,,,,,,,,,,,,,,,,,,,,,,,,,,,0.0,,,,,,,,,,,,,,,,,,,,,1700.0,,,0.0,,,,,,,,,,,,,,,0.0,,,,,,,,,,,,,,,,,,,
Tonga,,,,,,,,,,,,,,,,,,,,,,,,,,,,,,,,,,,,,,,,,,,,,,,2500.0,,,,,,,,,,,,,,,8000.0,,,,,,,,,,,,700.0,,,,15000.0,,,,,100000.0,,,,,,,,2600.0,,,,,,,0.0,3571.0,,,16500.0,,,0.0,,,,,500.0,,0.0,,,4000.0,0.0,392.0,,87000.0,,25000.0,,84176.0,,
Trinidad and Tobago,,,,,,,,,,,,,,,,,,,,,,,,,,,,,,,,,,0.0,,,,,,,,,,,,,,,,,,,,,,,,,,,,,,0.0,,,,,,,,,,,50000.0,,,,,,,,,,,,,,,,1000.0,,,0.0,,,200.0,0.0,,,,,,,1760.0,0.0,,,,,0.0,,,,,,,,150000.0,,,,100000.0,,
Tunisia,,,,,,,,,,,,,,,,,,,,,,,,,,,,,,,,,,,,,,,,,,,,,,,,,,,,,,,,,,0.0,,,,,0.0,,21000.0,,,,,271269.0,,,,44240.0,,,,31400.0,,750.0,,,30000.0,,,,0.0,,0.0,,152000.0,,,,,,,,,,,,,27000.0,,,,6500.0,,0.0,,,,,,,,2000.0,30000.0,,40000.0,1000.0,4000.0,,
Turkey,0.0,,,60000.0,,,,,,,,,0.0,,0.0,,,,,,,,,,0.0,0.0,,,0.0,,,,,,0.0,0.0,,,0.0,585000.0,0.0,0.0,0.0,0.0,0.0,0.0,0.0,,0.0,0.0,0.0,0.0,0.0,50000.0,,,0.0,0.0,,,,,,,28000.0,,108000.0,238713.0,10000.0,0.0,81422.0,60000.0,0.0,,0.0,50000.0,150000.0,0.0,125.0,0.0,60000.0,0.0,,800000.0,750200.0,565.0,20750.0,0.0,1305.0,,4500.0,500.0,251000.0,0.0,8000.0,430200.0,17500.0,,2701590.0,880000.0,25000.0,3555.0,225000.0,245240.0,38435.0,5950.0,63000.0,3150.0,0.0,35106.0,3500.0,6786.0,0.0,0.0,0.0,5000.0,,270.0,0.0,16709.0,76995.0,567766.0,3213.0,9100504.0,900.0
Turkmenistan,,,,,,,,,,,,,,,,,,,,,,,,,,,,,,,,,,,,,,,,,,,,,,,,,,,,,,,,,,,,,,,,,,,,,,,,,,,,,,,,,,,,,,,,,,,,,,300.0,,,,,,,0.0,,,,,,,,,,,,,,,,,,,,,,,,
Turks and Caicos Islands,,,,,,,,,,,,,,,,,,,,,,,,,,,,,,,,,,,,,,,,,,,,,,,,,,,,,,,,,,,,,,,,,,,,,,,,,,,,,,,,,,,,,,770.0,,,,,0.0,,,,,,,,,,,,,,200.0,,,,1500.0,,,,,,,,,0.0,,,,,,,
Tuvalu,,,,,,,,,,,,,,,,,,,,,,,,,,,,,,,,,,,,,,,,,,,,,,,,,,,,,,,,,,,,,,,,,,,,,,,,,700.0,,,,,,,,,,,,0.0,,,0.0,,,300.0,,,0.0,,,,,,,,,,,,,,,,,,0.0,,,,4613.0,,,,,5500.0,10204.0,,,
USSR,,,142592.0,,,,,,,,,0.0,,,,,,,,,,5000000.0,,0.0,,,,,,,0.0,,,,,,,,,,,,,,,,0.0,,0.0,0.0,,,0.0,,,,0.0,,,,,0.0,,,,,100000.0,,,,,,,,0.0,,0.0,,,,,10000.0,0.0,1000.0,0.0,18000.0,225000.0,20500.0,1100000.0,20000.0,23488.0,137000.0,,,,,,,,,,,,,,,,,,,,,,,,,,,,,,,,,
Uganda,,,,,,,,,,,,,,,,,,,,,,,,,,,,,,,,,,,,,,,,,,,,,,,,,,,,,,,,,,,,,,,,,,,5000.0,25000.0,,,,,,,,,,,,249658.0,250342.0,,,,,,,46851.0,555149.0,,0.0,,,,50000.0,,,150000.0,76000.0,184153.0,289027.0,293676.0,655760.0,700.0,10000.0,463636.0,142044.0,438070.0,444754.0,685246.0,12785.0,732075.0,15000.0,25445.0,,,10000.0,0.0,0.0,209528.0,140200.0,116794.0,599018.0,1000.0,
Ukraine,,,,,,,,,,,,,,,,,,,,,,,,,,,,,,,,,,,,,,,,,,,,,,,,,,,,,,,,,,,,,,,,,,,,,,,,,,,,,,,,,,,,,,,,,,,,,1000.0,325000.0,,1700000.0,10000.0,0.0,0.0,,47400.0,300000.0,,600.0,,8340.0,55000.0,6268.0,224725.0,0.0,40000.0,,85000.0,265.0,,,200.0,0.0,600.0,,56950.0,1700.0,,2850.0,
United Arab Emirates,,,,,,,,,,,,,,,,,,,,,,,,,,,,,,,,,,,,,,,,,,,,,,,,,,,,,,,,,,,,,,,,,,,,,,,,,,,,,,,,,,,,,,,,,,,,,,,,,,,,,,,,,,,,,,,,,,,,,,188.0,,,,,,,346.0
United Kingdom,,,,,,,,,,,,,,,,,,,,,,,,,,,,,,,,,,,,,,,,,,,,,,,,,,,,,0.0,,,,,,,,,,,,,,0.0,,700.0,,,,0.0,,,,0.0,0.0,,,,0.0,,0.0,0.0,,0.0,0.0,,0.0,0.0,0.0,,600.0,700.0,0.0,12000.0,0.0,253300.0,530.0,21540.0,240.0,750.0,0.0,1000.0,3000.0,,344700.0,3300.0,4080.0,0.0,,3785.0,4283.0,19057.0,63600.0,,70.0,0.0,100.0,480.0,0.0,0.0,0.0,
United States,0.0,,,0.0,,,0.0,,,0.0,0.0,,,0.0,,0.0,,,0.0,0.0,0.0,,,,,0.0,0.0,0.0,0.0,,,,0.0,0.0,0.0,0.0,0.0,0.0,0.0,,0.0,,,0.0,0.0,0.0,0.0,0.0,0.0,0.0,0.0,0.0,0.0,0.0,0.0,0.0,0.0,0.0,0.0,0.0,0.0,0.0,0.0,0.0,0.0,0.0,0.0,0.0,458.0,0.0,0.0,0.0,3000.0,246.0,0.0,1760.0,0.0,2700.0,0.0,2000.0,111000.0,0.0,36000.0,1500.0,14000.0,1005550.0,2150.0,5400.0,0.0,300.0,14138.0,2900.0,45450.0,46900.0,36050.0,199300.0,240327.0,203408.0,224579.0,3051851.0,81264.0,128833.0,167400.0,258195.0,5099440.0,845004.0,86385.0,666470.0,13364886.0,35014.0,12300.0,395700.0,91409.0,205325.0,106563.0,32556.0,85111420.0,757169.0,1760509.0,18722.0,40900.0,19236.0,6197.0,26198.0,300.0
United States Virgin Islands,,,,,,,,,,,,,,,,,,,,,,,,,,,,,,,,,,,,,,,,,,,,,,,,,,,,,,,,,,,,,,,,,,,,,,,,,,,,,,,,,,,,,,,,,,2000.0,,,,,,0.0,,,0.0,0.0,,,,,0.0,,,,,,,,,,,,,0.0,,,,,,,
Upper-middle-income countries,0.0,,142592.0,60000.0,,0.0,10000.0,90000.0,,0.0,0.0,0.0,0.0,0.0,0.0,3000000.0,,635000.0,0.0,0.0,20000000.0,5000000.0,0.0,0.0,0.0,0.0,0.0,0.0,0.0,0.0,8940.0,0.0,0.0,0.0,0.0,10030000.0,0.0,0.0,920.0,585000.0,0.0,0.0,0.0,17000.0,120000.0,0.0,2500.0,0.0,0.0,100000.0,10000000.0,20000.0,0.0,50000.0,0.0,0.0,0.0,0.0,1030.0,0.0,0.0,8000.0,0.0,89690.0,971710.0,860582.0,5939871.0,1561294.0,748711.0,860950.0,19140833.0,605959.0,3499093.0,1916520.0,550260.0,15647199.0,4957000.0,465040.0,8351395.0,8877100.0,1455681.0,3624138.0,1923582.0,33860904.0,3035121.0,4877820.0,16459363.0,3078870.0,90396922.0,140297461.0,51236813.0,221552023.0,30752234.0,11640333.0,221254851.0,152688293.0,176715696.0,17831075.0,237849438.0,145089121.0,32729770.0,50599114.0,296866055.0,222447020.0,70323677.0,91535469.0,95064717.0,131035024.0,151674293.0,102078228.0,208434994.0,174175432.0,64987321.0,35464496.0,80519896.0,18246071.0,89238357.0,33834019.0,15162286.0,19796352.0,21724963.0,39602325.0,22891187.0,42755290.0,1888478.0
Uruguay,,,,,,,,,,,,,,,,,,,,,,,,,,,,,,,,,,,,,,,,,,,,,,,,,,,,,,,,,,,,,,,,,,,,38063.0,,,,,,,,,,,,,,,,,,,16000.0,,,,,1500.0,4700.0,2000.0,,,,0.0,9300.0,0.0,5400.0,5000.0,1300.0,200.0,2000.0,0.0,,110000.0,,4000.0,0.0,,,,,35326.0,10355.0,6639.0,14741.0,27844.0,15461.0,14741.0,192281.0,645457.0,8556.0
Uzbekistan,,,,,,,,,,,,,,,,,,,,,,,,,,,,,,,,,,,,,,,,,,,,,,,,,,,,,,,,,,,,,,,,,,,,,,,,,,,,,,,,,,,,,,,,,,,,,50000.0,,,,,,,0.0,231818.0,368182.0,,,,1500.0,,,,,,0.0,,,,,,,,,70000.0,0.0,159.0,,
Vanuatu,,,,,,,,,,,,,,,,,,,,,,,,,,,,,,,,,,,,,,,,,0.0,,,,,,,,,,,0.0,,,,,,,,0.0,,,,,,,,,,,,,0.0,,,0.0,,0.0,,0.0,,0.0,,,,117500.0,,48000.0,3100.0,,0.0,,1150.0,5000.0,0.0,,,0.0,2400.0,12000.0,,5005.0,4000.0,,54000.0,5000.0,0.0,,1847.0,8503.0,,32000.0,,,20000.0,188000.0,,13564.0,13586.0,,130000.0,3383.0,,593702.0,
Venezuela,,,,,,,,,,,,,,,,,,,,,,,,,,,,,,,,,,,,,,,,,,,,,,,,,,,0.0,,,,,,,,,,,,0.0,,,,,103000.0,,,,,,,,,,,,,150.0,4000.0,,,,15000.0,150.0,15000.0,5480.0,0.0,,,,0.0,0.0,,35000.0,0.0,,417547.0,27000.0,,55376.0,450.0,1645.0,44000.0,95.0,,1500.0,0.0,94800.0,1668.0,11000.0,,,45297.0,0.0,,10700.0,2000.0,3690.0,1401300.0,185850.0,112.0,
Vietnam,,,,,,,,,,,,,,,,,,,,,,,,,,,,,,,,,,,,,,,,,,,,,,,,,,,,,,0.0,,,0.0,,,,,,,,700000.0,,125541.0,,,,204000.0,50000.0,,150000.0,,,,1000.0,4000000.0,,15615000.0,,1300000.0,580000.0,688416.0,3025000.0,2500000.0,584800.0,1320000.0,5635000.0,510000.0,316478.0,178234.0,41520.0,393000.0,423000.0,1041500.0,1135904.0,5073986.0,7039150.0,5027505.0,1785895.0,2733500.0,402880.0,535900.0,851817.0,2994720.0,1599755.0,767996.0,3616154.0,1522710.0,1361570.0,59320.0,4121350.0,48075.0,134069.0,3817847.0,5362164.0,283710.0,663363.0,2363690.0,397340.0,514188.0,90170.0,
Wallis and Futuna,,,,,,,,,,,,,,,,,,,,,,,,,,,,,,,,,,,,,,,,,,,,,,,,,,,,,,,,,,,,,,,,,,0.0,0.0,,,,,,,,,,,,,,,,,,,,4500.0,,,,,,,0.0,,,,,,,,,,,,,,,,,,,1250.0,,,,,,,,,,,,
West Germany,,,,,,,,,,,,,,,,,,,,,0.0,,,,,0.0,0.0,,,0.0,,,,,,,,,,,,,,,,,,,,,,,,0.0,,,,,,,,,0.0,,,,,,0.0,,,,0.0,,0.0,,0.0,,0.0,0.0,,,,0.0,0.0,0.0,,,3500.0,,,0.0,,,,,,,,,,,,,,,,,,,,,,,,,,,,,,,,,
World,0.0,0.0,142592.0,60000.0,1620.0,177.0,10000.0,90000.0,150000.0,0.0,6396.0,6396.0,6396.0,6396.0,6416.0,3000000.0,0.0,635000.0,0.0,0.0,20000000.0,5000000.0,0.0,100000.0,1000000.0,0.0,0.0,69463.0,6000.0,0.0,18940.0,13497.0,12151.0,2497.0,2497.0,10032497.0,2497.0,9997.0,3417.0,587497.0,2527.0,5000.0,0.0,47000.0,120000.0,1881672.0,2500.0,0.0,424263.0,294046.0,10774117.0,398534.0,1000029.0,3237110.0,297429.0,25056.0,1000000.0,531440.0,26030.0,1514600.0,2813000.0,1310384.0,140000.0,6170090.0,7669202.0,50553928.0,43639221.0,38098176.0,26832388.0,6225546.0,47963380.0,10997131.0,116402221.0,111657211.0,43972899.0,45437663.0,21654117.0,21797039.0,55109675.0,53781229.0,69078567.0,29377212.0,87309193.0,146658520.0,81044411.0,39651334.0,27333884.0,370423801.0,201389862.0,161567063.0,78291199.0,267195006.0,64695006.0,177863534.0,257567399.0,228689903.0,211671668.0,62537476.0,312685715.0,221093443.0,164280473.0,153250955.0,671589024.0,248188285.0,165810504.0,142615525.0,131146150.0,209412188.0,207723142.0,163066393.0,266508177.0,233899538.0,130014861.0,99600360.0,120423608.0,253374569.0,393043687.0,109103407.0,73806845.0,119951151.0,96216686.0,94542982.0,209721718.0,99541786.0,12485244.0
Yemen,,,,,,,,,,,,,,,,,,,,,,,,,,,,,,,,,,,,,,,,,,,,,,,,,,,,,,,,,,,,,,,,,,,,,,,,,,,,,,,,,,,,,,,,,,,,0.0,,9000.0,,,129000.0,,3240.0,12250.0,,0.0,260.0,0.0,,215.0,0.0,2600.0,25000.0,0.0,0.0,,,49082.0,,125000.0,29750.0,0.0,15750.0,80500.0,173255.0,228180.0,219400.0,398000.0,
Yemen Arab Republic,,,,,,,,,,,,,,,,,,,,,,,,,,,,,,,,,,,,,,,,,,5000.0,,,,,,,,,,,,,,,,,,,,,,,,,,,,666666.0,666666.0,666668.0,,0.0,,50000.0,,0.0,,,,,400000.0,,,,,,,0.0,,,,,,,,,,,,,,,,,,,,,,,,,,,,,,,,,,,
Yemen People's Republic,,,,,,,,,,,,,,,,,,,,,,,,,,,,,,,,,,,,,,,,,,,,,,,,,,,,,,,,,,,,,,,,,,,,,,,,,0.0,,,0.0,,0.0,,,,15000.0,300000.0,,,,,,,260000.0,,,,,,,,,,,,,,,,,,,,,,,,,,,,,,,,,,,
Yugoslavia,,,,,,,,,,,,,,,,,,,,,,,,,,,,,,,,,,,,,,,,,,,,0.0,,,,,,,,,,,,,,,,,,,,0.0,200000.0,80000.0,,16400.0,15000.0,200000.0,,,,,,,,,,312000.0,5000.0,0.0,,0.0,,1500.0,1000.0,,0.0,,0.0,,,,,,,,,,,,,,,,,,,,,,,,,,,,,,,,,,
Zambia,,,,,,,,,,,,,,,,,,,,,,,,,,,,,,,,,,,,,,,,,,,,,,,,,,,,,,,,,,,,,,,,,,,,,,,,,,,,,,,30000.0,,,,0.0,0.0,,,,,,800000.0,,848837.0,851163.0,,,1273204.0,,,1300000.0,,12000.0,617900.0,,0.0,196385.0,1204000.0,,1519913.0,48608.0,614814.0,1200.0,1375.0,,1800.0,0.0,,,,,714021.0,1421751.0,636148.0,965434.0,176608.0,5000000.0
Zimbabwe,,,,,,,,,,,,,,,,,,,,,,,,,,,,,,,,,,,,,,,,,,,,,,,,,,,,,,,,,,,,,,,,,,,,,,,,,,,,0.0,,,,,,,0.0,0.0,0.0,,,,,,,792050.0,1051267.0,1051267.0,1051267.0,1054149.0,,,55000.0,,200000.0,1802200.0,2113899.0,2131901.0,,,,857193.0,840727.0,419080.0,305492.0,453900.0,453900.0,1516789.0,1053693.0,1052693.0,1053943.0,2187552.0,2180519.0,2450519.0,543638.0,123284.0,49616.0,0.0,
