,Country name,1980,1981,1982,1983,1984,1985,1986,1987,1988,1989,1990,1991,1992,1993,1994,1995,1996,1997,1998,1999,2000,2001,2002,2003,2004,2005,2006,2007,2008,2009,2010,2011,2012,2013,2014,2015,2016,2017,2018,2019,2020,2021,2022,2023,2024
0,Afghanistan,30000,32500,35000,27440,0,0,0,0,161000,80500,0,137200,4000,0,100000,0,12355,20000,102000,60685,648307,1165846,1061292,500,2800,34656,2225515,26755,451502,62521,45000,1753000,48394,21485,140000,26575,0,9545,7627203,5999947,42941,4592321,5170923,2450123,16770
1,Africa,3733118,5862210,5377890,11947224,23523334,15289219,1152314,12071355,5967199,2792982,10494910,13160873,14935429,6940835,8002487,6200050,1891465,6501871,4634595,4290015,22036068,17941751,19245859,12703129,27766876,10565924,17331170,7355060,11943170,22285542,18647599,20190346,31093844,7454763,7706152,12499457,27583207,25579535,7216534,18368631,26637097,35014148,123383362,16356816,5373663
2,Albania,0,0,0,1915,3830,5745,4060,2375,690,1066666,1066666,1066668,35000,24500,14000,3500,5750,8000,2100,49546,96992,144438,191884,97192,2500,400500,200325,150,1344,2538,18062,124031,230000,167433.3333,104866.6667,42300,4500,21000,800,206800,103442,84,0,0,0
3,Algeria,478948,0,8500,0,0,0,1572.5,3145,10107,12000,8750,5500,2250,0,13700,6850,0,0,0,0,100,45000,2285,0,27545,70,60160,1300,59000,0,375,750,0,0,0,35000,80000,125000,200,125000,15000,45402,6518,31450,1000
4,American Samoa,0,0,0,0,0,0,0,0,0,0,0,0,0,0,0,0,0,0,0,0,0,0,0,0,20000,0,625,1250,1875,2500,2500,2500,2500,2500,2500,2500,2500,2500,2500,2500,2500,2500,2500,2500,2500
5,Angola,,80000,185000,290000,395000,500000,518668.5,537337,556005.5,574674,474674,474674,475978,390359,304740,219121,133502,47883,57117,63558.5,70000,39928,0,0,338262,18738,0,40000,81400,220000,110875,88680,1229854,606950,304975,3000,4744,1446500,3000,11630,132917,1328199,213090,70460,70460
6,Anguilla,7.5,15,22.5,30,37.5,45,52.5,60,67.5,75,82.5,90,97.5,105,112.5,120,127.5,135,142.5,150,975,1800,2625,3450,4275,5100,5925,6750,7575,8400,9225,10050,10875,11700,12525,13350,14175,15000,15000,15000,15000,15000,15000,15000,15000
7,Antigua and Barbuda,61764.70588,66176.47059,70588.23529,75000,63750,52500,41250,30000,18750,7500,0,0,0,0,0,0,0,0,0,4500,6866.666667,9233.333333,11600,13966.66667,16333.33333,18700,21066.66667,23433.33333,25800,15400,5000,4542.857143,4085.714286,3628.571429,3171.428571,2714.285714,2257.142857,1800,1800,1800,1800,1800,1800,1800,1800
8,Argentina,40000,45000,50000,5830000,12000,1195000,145000,165000,4600000,2301000,2000,62000,0,4000,0,33500,23000,12500,364000,0,30300,254800,11700,143900,6300,0,4500,130000,85000,54128,0,3000,17500,350000,7553,109221,122181,54443,64620,47007,14906,14778,124085,45100,800000
9,Armenia,16333.33333,16666.66667,17000,17333.33333,17666.66667,18000,18333.33333,18666.66667,19000,19333.33333,19666.66667,20000,20333.33333,20666.66667,21000,21333.33333,21666.66667,22000,0,148500,297000,222750,148500,74250,0,7570.333333,15140.66667,22711,30281.33333,37851.66667,45422,52992.33333,60562.66667,68133,7867,4308.5,750,5325,9900,11700,2836,7890.666667,12945.33333,18000,18000
10,Asia,63771095,23083966,80677411,99407620,56786730,17793330,23857655,357515049,182253287,156769821,63352431,250561716,45445017,161234857,239080553,215272447,207114413,53515312,295661155,200139370,138739321,124063483,648650187,231229237,130060771,123544616,112178306,190539190,175548931,135100699,235508106,204489788,90358921,86726421,97295285,222893211,259071331,67087885,59707752,89074646,58607913,54567115,75169259,69344894,5910442
11,Australia,20000,40000,40000,0,0,0,0,0,0,2000,6000,390,192837,5296094,6279094,3200595,634300,400,15175,12000,2150,5489,3181,5010,4265,4400,3100,5730,20400,34054,40166,153471,16000,8940,52527,1990,280,51027,600,11813,646,28475,247200,4023,4023
12,Austria,0,0,0,0,0,0,0,0,0,0,0,0,0,0,0,0,0,0,0,10000,0,30150,60300,0,450,900,516,0,0,0,0,0,0,200,133.3333333,66.66666667,0,210,105,0,0,0,0,0,0
13,Azerbaijan,,,,,,,,,,,,,,,,1502800,788900,75000,700000,750,2694,11796,20898,30000,25833.33333,21666.66667,17500,13333.33333,9166.666667,5000,70000,42750,15500,15500,15500,15500,15500,15500,15500,15500,15500,15500,15500,15500,15500
14,Bahamas,0,0,0,0,0,0,0,0,0,0,0,0,0,0,0,0,0,0,0,0,0,0,3000,6000,9000,1500,4250,7000,3000,5333.333333,7666.666667,10000,0,1000,3855,6710,0,0,7470,14940,14940,14940,14940,14940,14940
15,Bangladesh,10001000,2000000,283000,27065000,30000000,1819000,2700000,29700000,53573860,5300000,2063870,17790000,0,16434093,775100,16608331,5910919,3592738,15263440,472250,2740638,726000,1617708,584792,36872550,1162500,226760,22874639,600000,4465071,919332,1672559,5553683,1580921,3201250,4052250,2983855,11456725,14000,7869435,8048271,1568744,8200000,3250000,3250000
16,Barbados,0,0,0,0,0,0,0,0,0,0,0,0,0,0,0,0,0,0,0,0,0,0,0,0,0,0,0,0,833.3333333,1666.666667,2500,2142.857143,1785.714286,1428.571429,1071.428571,714.2857143,357.1428571,0,778.5,1557,2335.5,3114,1646.5,179,179
17,Belarus,,,,,,,,,,,,,,40000,26666.66667,13333.33333,0,21045,11522.5,2000,0,0,0,0,0,0,0,0,20,40,60,80,100,10000,30000,36666.66667,43333.33333,50000,50000,40084,30168,20252,10336,420,420
18,Belgium,571.4285714,714.2857143,857.1428571,1000,0,0,0,0,0,0,0,0,0,600,135,800,580,360,140,900,1400,1900,2400,0,105,210,0,0,0,0,690,0,0,0,0,0,0,0,0,0,0,1950,0,3000,3000
19,Belize,15454.54545,13909.09091,12363.63636,10818.18182,9272.727273,7727.272727,6181.818182,4636.363636,3090.909091,1545.454545,0,520,1040,1560,2080,2600,21733.33333,40866.66667,60000,61000,62000,20000,15000,10000,5000,0,10000,20000,48000,24000,0,4000,8000,12000,16000,20000,10355,22766.25,35177.5,47588.75,60000,116000,172000,172000,172000
20,Benin,252000,376000,500000,699361,699361,1046278,720185.3333,394092.6667,68000,45333.33333,22666.66667,0,4666.666667,9333.333333,14000,115000,147901,51000,400000,47000,42375,37750,33125,28500,23875,19250,14625,10000,158235,120457,680000,5840,55000,32735,29058.57143,25382.14286,21705.71429,18029.28571,14352.85714,10676.42857,7000,35850,73000,73000,73000
21,Bermuda,0,0,0,0,0,0,0,0,0,0,0,0,0,0,0,0,0,0,0,0,0,0,0,0,0,0,0,0,0,0,0,0,0,0,0,0,0,0,0,0,0,0,0,0,0
22,Bhutan,,,,,,,,,,,,,,,65600,52480,39360,26240,13120,0,0,0,0,0,0,0,0,0,0,0,10000,20000,18050,16100,14150,12200,10250,8300,6350,4400,2450,500,500,500,500
23,Bolivia,15000,22500,30000,3133049,3000,0,260000,20000,0,141580,283160,141580,0,107500,215000,107500,0,190000,11100,4500,52277,357250,17085,24127,35135,46928,126550,460745,372557,88348,290360,92825,69085,709385,303023,169222,670420,341210,12000,388540,163600,287800,390790,2157026,6490
24,Bosnia and Herzegovina,,,,,,,,,,,,,,,,,,,,1000,400,9000,35787.5,62575,278000,3100,1550,0,6865,13730,34910,22628.5,10347,505473.5,1000600,0,189.75,379.5,569.25,759,15000,250000,4050,10000,10000
25,Botswana,108817.6,122294.8,135772,180206,180206,180206,180206,180704,12000,34000,56000,78000,100000,67833.33333,35666.66667,3500,24155.2,44810.4,65465.6,86120.8,106776,81322,55868,30414,4960,4979.2,4998.4,5017.6,5036.8,5056,2528,0,2105,4210,2105,0,1625,3250,4225,38000,38000,38000,38000,38000,38000
26,Brazil,271000,52000,4000,23330000,360200,610000,16835,287224,3523276,823000,2800,17000,145723,72861.5,0,0,7000,600,4345875,5703125,17000,1001750,2000,18000,153000,31000,116000,1211552,1750929,1861832,294501,1185600,2765247,1743119,9542388,9301238,9066924,104140,1250,10046760,13266,1344496,485971,1238182,102036
27,British Virgin Islands,,,,,,,,,,,,,,,,,0,0,0,0,0,0,0,0,0,0,0,0,0,0,0,0,0,0,0,0,0,0,0,0,0,0,0,0,0
28,Brunei,,,,,,,,,,,,,,,,,,,0,0,0,0,0,0,0,0,0,0,0,0,0,0,0,0,0,0,0,0,0,0,0,0,0,0,0
29,Bulgaria,0,0,0,0,0,0,0,0,0,0,0,1666.666667,3333.333333,5000,3763.75,2527.5,1291.25,55,445,0,0,0,0,4066.666667,8133.333333,12200,525,1060,0,45,90,19090,38090,22668.5,7247,0,200,400,600,575,550,525,10937,4000,4000
30,Burkina Faso,40408,241785,241785,241785,243285,242452,236076,229700,223324,1411662,2600000,1966625,1333250,699875,66500,5902,69688,45194,20700,800,400,0,0,0,5203.333333,10406.66667,15610,92970,560,150500,133362,222544,2627456,11383,4000000,28871,27826,882,1002868.333,2004854.667,3006841,3253884.5,3500928,3500928,3500928
31,Burundi,,,,,,,,,,3600,13587,23574,33561,43548,53535,63522,73509,83496,93483,103470,288274,289066,8000,0,0,1981691,175309,2695,69054,86716,119990,685,456.6666667,228.3333333,0,2741,1438,0,47956,13675,41743,47362,28450,9538,650
32,Cambodia,,,,,,,,0,162500,325000,487500,650000,820425,990850,1161275,1931216,3236509,0,317287,634574,3448000,1969182,2120000,1060000,0,600000,38000,19000,98500,178000,0,1640000,71500,1500000,472500,28300,2500000,1252908.5,5817,435000,759360,13725,167770,14100,14100
33,Cameroon,123076.9231,92307.69231,61538.46154,30769.23077,0,5000,10000,5500,1000,47225,93450,93450,62300,31150,0,500,1000,1500,2000,2500,500,0,0,0,0,0,0,0,24000,12000,0,16000,32000,805,250000,30000,21445,12890,6445,0,26402,1284314.5,2542227,2000,2000
34,Canada,5000,0,200,0,24078,5922,8900,0,0,25000,0,0,0,200,4300,12100,0,30600,13100,5500,0,1200,600,2670,1000,5900,3900,500,2400,200,0,2000,1500,100000,6900,13000,88300,62554,7900,19500,72936,15550,6000,31450,31450
35,Cape Verde,1500,1800,2100,0,5500,0,0,0,0,0,0,0,0,433.3333333,866.6666667,1300,4200,7100,10000,15000,20000,25000,30000,25735.71429,21471.42857,17207.14286,12942.85714,8678.571429,4414.285714,150,398.4,646.8,895.2,1143.6,1392,1108,35554,70000,55000,40000,25000,35546.5,46093,46093,46093
36,Cayman Islands,,,,,,,,,,,,,,,,,,,,,,0,300,150,0,0,0,0,0,0,0,0,0,0,0,0,0,0,0,0,0,0,0,0,0
37,Central African Republic,2412.5,900,450,0,0,185.6363636,371.2727273,556.9090909,742.5454545,928.1818182,1113.818182,1299.454545,1485.090909,1670.727273,1856.363636,2042,16000,8000,0,20000,10000,0,0,0,0,0,3000,6000,0,9137,1585,4765,0,41703,21406,1109,4149.5,7190,26054,44918,24435,3952,2369692,6066,6066
38,Chad,72662.66667,60118,359724,359724,359724,360710,256690,152670,48650,32433.33333,16216.66667,0,150000,300000,170171.5,40343,198171.5,356000,0,128506,552134.5,975763,780610.4,585457.8,390305.2,195152.6,0,173000,8000,313292,2238407,2053125,1867843,345788,731041,1116294,1501547,1886800,943611.5,423,36934,246851,3235362,3235362,3235362
39,Chile,2666.666667,5333.333333,8000,1500,203064,979792,84908,116364,2000,0,2500,127000,0,2343,6771.5,11200,59775,108350,54175,0,171266,14245,255642,0,9000,28375,95862,25000,129755,995563.5,1861372,29375,28583,0,534804,854258,0,11357,6368.5,1380,1250.5,1121,8278,61548,27720
40,China,80000,2979000,601500,21000,28000,216000,13633500,2142296,75812000,138105800,47750729,214621335,28401283,8610780,216401659,145452121,168772500,14883707,226314955,128937600,24987300,39425148,285246330,217588053,52241840,83650742,88101145,120041600,134305833,93138564,188531989,153001863,44475500,27380615,64417728,3694880,72103400,14808200,8334100,5338696,14925955,17885627,6308970,2249202,17826
41,Colombia,0,14000,0,35000,0,7700,278000,4800,231900,0,20625,687,0,86339,21980,14682,180000,15000,100000,845200,40430,6000,124525,40395,539378,604679,238238,2672397,1102351,151250,2247959,2035774,73500,61281,72214,167940,0,76186,60000,39682,334410,50434,269142,46303,47597
42,Comoros,5000,0,15000,30000,32500,35000,17500,0,0,0,0,0,0,0,0,0,0,0,0,0,0,0,0,0,142000,284000,0,833.3333333,1666.666667,2500,23329,44158,64987,42249,19511,84635,149759,214883,280007,345131,345131,345131,345131,345131,345131
43,Congo,93.75,62.5,31.25,0,1500,3000,4500,6000,7500,9000,10500,12000,13500,15000,16500,17375,18250,19125,20000,40000,28187,16374,4561,439,219.5,0,0,20000,16405,12810,9215,5620,2025,9467.428571,16909.85714,24352.28571,31794.71429,39237.14286,46679.57143,54122,224878,46652,164679,0,0
44,Cook Islands,0,0,333.3333333,666.6666667,1000,1333.333333,1666.666667,2000,1333.333333,666.6666667,0,100,200,300,400,500,600,700,711,722,733,744,708,672,636,600,918.8,1237.6,1556.4,1875.2,2194,2194,2194,2194,2194,2194,2194,2194,2194,2194,2194,2194,2194,2194,2194
45,Costa Rica,1350,2725,4100,5475,30380,55285,80190,105095,130000,65150,300,171470,1200,35200,2000,3262,736000,375725,15450,5372,200,1437,95000,2560,3311,4072,14286,24500,209498,128527,3106,46695,10060,16078.66667,22097.33333,28116,50000,11500,125190,0,25000,200000,300000,300000,300000
46,Cote d'Ivoire,,,,0,1166.666667,2333.333333,3500,4666.666667,5833.333333,7000,6000,5000,4000,3000,2000,1000,0,181.8181818,363.6363636,545.4545455,727.2727273,909.0909091,1090.909091,1272.727273,1454.545455,1636.363636,1818.181818,2000,450,0,6425,4818.75,3212.5,1606.25,0,0,0,200,25000,14002,16525,14001.5,11478,11478,11478
47,Croatia,,,,,,,,,,,,,,,,,0,0,200,400,600,1200,600,0,125,250,0,0,370,740,1110,1305,1500,5308,9116,1200,2350,3500,450,60,209371,104685.5,0,6177,6177
48,Cuba,0,0,105000,164536,322213.5,479891,7500,0,150000,77500,5000,9978,14956,689680,106338,33340,280861,35000,967000,228067,675,5900000,358970,600,205745,2600000,1760,210488,519445,401672.5,283900,166127.5,48355,227,55158,110089,190000,10000000,40540,9916,4330,0,3209080,18500,18500
49,Cyprus,642.8571429,428.5714286,214.2857143,0,0,0,0,0,0,0,0,0,427.5,855,1282.5,1710,1140,570,0,0,0,0,0,0,0,0,0,0,10.71428571,21.42857143,32.14285714,42.85714286,53.57142857,64.28571429,75,85.71428571,96.42857143,107.1428571,117.8571429,128.5714286,139.2857143,150,0,234,468
50,Czechia,,,,,,,,,,,,,,,,,60,87725,0,0,0,100000,200000,0,0,0,4315,0,0,14450,1400,700,0,1300000,975000,650000,325000,0,0,0,0,3600,0,0,0
51,Czechoslovakia,514.2857143,600,0,0,0,0,0,0,0,0,0,0,0,0,0,0,0,0,0,0,0,0,0,0,0,0,0,0,0,0,0,0,0,0,0,0,0,0,0,0,0,0,0,0,0
52,Democratic Republic of Congo,260000,270000,280000,290000,300000,240029.6,180059.2,120088.8,60118.4,148,15000,7500,0,0,0,8666.666667,17333.33333,26000,45500,65000,39000,13000,2500,0,0,0,84370,1500,17355,5000,68700,6000,3525,1762.5,0,247823,2628,0,0,399840,231422,288404,26233430,53600,500
53,Denmark,0,0,0,0,0,0,0,0,0,0,0,0,0,0,0,0,0,0,0,0,0,0,0,0,0,0,0,0,0,0,0,0,0,0,0,0,0,0,0,0,0,0,0,0,0
54,Djibouti,145000,102000,70972.5,39945,40055,37541.25,35027.5,32513.75,30000,150000,117500,85000,52500,20000,100000,775,100000,100000,100000,100000,100000,100000,99500,99000,98500,104430,45570,42750,113952,226048,44746,155512,136867.4286,118222.8571,99578.28571,80933.71429,62289.14286,43644.57143,25000,250000,110000,151084,192168,192168,192168
55,Dominica,0,2500,5000,7500,10000,8142,6284,4426,2568,710,591.6666667,473.3333333,355,236.6666667,118.3333333,0,100,200,300,400,340,280,220,160,100,2566.666667,5033.333333,7500,5661,3822,1983,144,7108,14072,21036,28000,49646.5,71293,71293,71293,71293,71293,71293,71293,71293
56,Dominican Republic,0,150000,75000,0,447.5,895,2000,0,1191150,0,0,0,10000,20000,10150,300,25000,440000,855000,570000,285000,0,1750,77460,22160,2450,82606.5,162763,17000,14565,47200,55200,45585,0,300,20883,2792039,42560,7390,11492.5,15595,4178,1435269,406426,406426
57,East Germany,,,,,0,0,0,0,0,0,0,0,0,0,0,0,0,0,0,0,0,0,0,0,0,0,0,0,0,0,0,0,0,0,0,0,0,0,0,0,0,0,0,0,0
58,East Timor,,,,,,,,,,,,,,,,,,,,,,2508,1666.5,825,225,4477.5,8730,947,0,0,0,0,0,0,0,0,120000,92281,64562,36843,9124,143670,143670,143670,143670
59,Ecuador,0,78205,156410,743590,372195,800,8400,16000,23000,30000,6500,65750,125000,75000,0,200,15000,63599,18558,22000,150,32270,201250,32905,141243.3333,249581.6667,357920,316460,275000,27198,101047,3750,73665,28732,0,844213,504119,337202.6667,170286.3333,3370,18685,151806,43016,216235,117491
60,Egypt,70875,60750,50625,40500,30375,20250,10125,0,0,0,0,0,57700,300,110660,0,260,0,0,0,0,525,1050,525,0,0,0,0,0,1750,3500,2820,2140,1460,780,100,32500,29375,26250,23125,20000,4685,4685,4685,4685
61,El Salvador,68400,74200,80000,185000,290000,395000,500000,269530,39060,0,2666.666667,5333.333333,8000,0,0,1500,0,0,84000,5450,500,1983428,600,26141,51682,77223,16470,3300,3000,75000,9217,300000,181539.5,63079,191695.5,320312,399688,530,281737,114617,150365,300,9373,500,500
62,Eritrea,,,,,,,,,,,,,,1600000,1356042,1112084,868126,624168,380210,136252,540566,540566,540566,542050,7000,430250,853500,1276750,1700000,1700000,1700000,1700000,1700000,1700000,1700000,1700000,1700000,1700000,1700000,1700000,1700000,1700000,1700000,1700000,1700000
63,Estonia,,,,,,,,,,,,,,,,,,,,,,,,,,100,0,0,0,0,0,0,0,0,0,0,0,0,0,0,0,0,0,0,0
64,Eswatini,,,,0,632000,528013.5,424027,320040.5,216054,112067.5,8081,48357,48357,48357,48357,48491,93192.8,137894.6,182596.4,227298.2,272000,242334,242334,242334,242998,890,6535,411500,2500,2150,1800,1450,1100,750,400,209362,418324,73676,152838,232000,116000,0,1058,1058,1058
65,Ethiopia,210760,20000,1563805,3107610,4642390,8000,3504000,7000000,47240,311783,1586965,1236965,1236965,1266965,1283357,93875,90000,1051200,0,1247255,3705000,39500,4000,6401381,6308619,623718,2661750,247386,2971697,7265937,2558661,4469676,1376203,51500,1154405,2257310,6615355,2029935,0,200000,1229854,5480263,22331030,3593538,3593538
66,Europe,431100,92250,251050,530820,67200,25545,273000,28500,1106770,1086666,1465924,2343742,1166479,2421229,1972540,3149737,266950,299233,544388,4699226,2876670,763876,1218128,1250791,438950,523559,178637,1602413,255240,39058,815548,19969,549127,1443609,1305428,227022,92333,126598,81454,435288,306745,409071,136617,1701792,8518
67,European Union (27),426100,81650,251050,529680,67200,300,47000,8000,300,0,375770,1140074,1128729,2031129,1149574,1439324,10650,267540,34888,3903097,122100,59831,613900,182266,44792,77879,63217,13143,18080,15315,620157,5300,71490,1385515,165598,5850,33760,37187,14851,160369,231202,45509,131517,1625995,8518
68,Fiji,28000,4700,123416,242132,182066,122000,218000,3369,1684.5,0,3000,2500,2000,150000,113375,76750,40125,3500,263455,0,0,0,15000,30000,5600,2996,392,969,0,14401,39101,33523,27945,40963.33333,53981.66667,67000,545414,362307,179200,7780,205115,82751,69564,230000,230000
69,Finland,,,,,,,,,,,0,26.66666667,53.33333333,80,106.6666667,133.3333333,160,186.6666667,213.3333333,240,266.6666667,293.3333333,320,346.6666667,373.3333333,400,376.4705882,352.9411765,329.4117647,305.8823529,282.3529412,258.8235294,235.2941176,211.7647059,188.2352941,164.7058824,141.1764706,117.6470588,94.11764706,70.58823529,47.05882353,23.52941176,0,0,0
70,France,300,0,0,3700,0,0,2000,0,300,0,0,0,2000,1700,410,5000,1380,11250,690,3504100,2300,17181,3730,30000,0,4000,600,900,2100,0,500000,2300,0,2000,4000,750,0,12160,4150,3215,13885,2395,60300,6759,4379
71,French Guiana,,,,,,,,,,,,,,,,,0,0,0,0,0,6.95,13.9,20.85,27.8,34.75,41.7,48.65,55.6,62.55,69.5,76.45,83.4,90.35,97.3,104.25,111.2,118.15,125.1,132.05,139,139,139,139,139
72,French Polynesia,4400,4600,4800,5000,3750,2500,1250,0,45.45454545,90.90909091,136.3636364,181.8181818,227.2727273,272.7272727,318.1818182,363.6363636,409.0909091,454.5454545,500,741.6666667,983.3333333,1225,1466.666667,1708.333333,1950,2191.666667,2433.333333,2675,2916.666667,3158.333333,3400,3557.142857,3714.285714,3871.428571,4028.571429,4185.714286,4342.857143,4500,4500,4500,4500,4500,4500,4500,4500
73,Gabon,,,,,,,,,10000,9523.809524,9047.619048,8571.428571,8095.238095,7619.047619,7142.857143,6666.666667,6190.47619,5714.285714,5238.095238,4761.904762,4285.714286,3809.52381,3333.333333,2857.142857,2380.952381,1904.761905,1428.571429,952.3809524,476.1904762,0,2647,883,77845,71040.90909,64236.81818,57432.72727,50628.63636,43824.54545,37020.45455,30216.36364,23412.27273,16608.18182,9804.090909,3000,3000
74,Gambia,31314,93685,93685,93685,93685,93946,85769.09091,77592.18182,69415.27273,61238.36364,53061.45455,44884.54545,36707.63636,28530.72727,20353.81818,12176.90909,4000,11666.66667,19333.33333,27000,13625,250,0,8000,6025,4116.666667,2208.333333,300,300,16608,38961,233480.5,428000,3300,33200,63100,41550,20000,17500,15000,15924.5,16849,17201,17201,17201
75,Georgia,,,,,,,,,,,,2190,0,100,200,300,300,300,68725,137150,205575,491325,18000,9000,0,2500,600,2833.333333,5066.666667,7300,4525,1750,100000,26750,12000,10320,7261,4202,1143,5088,5133,1780,5200,350000,350000
76,Germany,,,,,,,,,,,0,0,1500,100000,0,30000,0,5200,0,100000,50000,0,330000,0,150,450,1000,0,0,0,0,0,0,6350,0,0,0,600,0,0,0,600,0,0,0
77,Ghana,698663,931550.6667,1164438.333,1397326,5543742,5560432,4171024,2781616,1392208,2800,1001400,2000000,1625000,1250000,875000,500000,447893.25,395786.5,343679.75,291573,215286.5,139000,2200,68280,134360,200440,266520,332600,58000,159545,17174,94032,59516,25000,12500,0,0,1000000,100000,26083,200,320,5000,41107,41107
78,Greece,0,80450,40465,480,200,0,45000,0,0,0,0,0,1050,2100,1000,24500,1500,0,900,113031,7200,1350,540,450,0,1845,3690,2193,3468,715,150,175,200,38600,77000,500,200,6720,4118,0,2070,7000,55000,24510,0
79,Grenada,0,100,200,300,400,500,600,700,800,900,1000,912.2222222,824.4444444,736.6666667,648.8888889,561.1111111,473.3333333,385.5555556,297.7777778,210,163.3333333,116.6666667,70,30035,60000,50000,40000,30000,20000,10000,0,0,0,0,0,0,0,0,0,0,0,0,0,0,0
80,Guadeloupe,0,0,0,0,0,0,0,0,0,0,0,0,0,0,0,0,0,0,0,400,340,280,220,160,100,66.66666667,33.33333333,0,8000,16000,24000,32000,40000,48000,56000,64000,72000,80000,64000,48000,32000,16000,0,0,0
81,Guam,0,0,0,0,0,0,0,0,0,0,0,0,0,0,350,700,1050,1400,3128.8,4857.6,6586.4,8315.2,10044,5172,300,5547.368421,10794.73684,16042.10526,21289.47368,26536.84211,31784.21053,37031.57895,42278.94737,47526.31579,52773.68421,58021.05263,63268.42105,68515.78947,73763.15789,79010.52632,84257.89474,89505.26316,94752.63158,100000,100000
82,Guatemala,8000,14000,20000,3500,3000,1500,2500,45950,43050,0,11900,23800,5000,2800,600,7100,743,53521.5,106300,2488,3500,122031,100240,220,238824,477428,0,6001,197300,2512837,405058,537853,1598049,520,415076,605730,538336,46077,2847253,522428,2873226,24615,3378600,4524379,4524379
83,Guinea,,5000,0,20000,18606.6,17213.2,15819.8,14426.4,13033,11639.6,10246.2,8852.8,7459.4,6066,4852.8,3639.6,2426.4,1213.2,0,0,0,220000,146666.6667,73333.33333,0,600,1200,20685,4200,40000,48020,16143,13624.5,11106,20592.5,30079,16676.5,3274,18694.66667,34115.33333,49536,69671,49536,24135,24135
84,Guinea-Bissau,0,0,0,0,0,0,0,0,287,574,861,1148,1435,1722,1617.6,1513.2,1408.8,1304.4,1200,25900,50600,75300,100000,0,0,16000,32000,16000,0,28396,56792,51135.625,45479.25,39822.875,34166.5,28510.125,22853.75,17197.375,11541,11541,11541,11541,11541,11541,11541
85,Guyana,9882.352941,8647.058824,7411.764706,6176.470588,4941.176471,3705.882353,2470.588235,1235.294118,0,0,4000,8000,12000,16000,20000,24000,28000,203506,403694,385276.8571,366859.7143,348442.5714,330025.4286,311608.2857,293191.1429,274774,35000,67500,100000,50000,0,39800,79600,119400,159200,199000,101137,3274,11080.5,18887,26693.5,34500,500,500,500
86,Haiti,355802,25732,25732,25734,60489.33333,95244.66667,130000,8760,873700,24930,0,500000,1000000,5000,1500000,750020,40,6020,12000,0,0,5070,38585,166700,352356,41818,39690,203700,246160,2796,3500160,6930,202965,0,662582,412418,5284285,589840,38915,4280,44175,703380,13015,0,0
87,High-income countries,580309,200153,371434,723460,671131,2023570,348017,284393,13370,115769,756341,1423242,1414546,7433507,7474332,5279407,1022057,884014,1448221,7047816,982949,1206384,1279265,556839,5656017,1534497,326354,1258101,13743223,2439588,2969032,1297033,322349,3799513,921684,1328468,85757626,1549692,3507399,857635,644124,234068,755947,2545661,77730
88,Honduras,20000,0,20500,10250,0,15000,30000,22600,15200,0,42000,55482.33333,68964.66667,82447,0,25000,75000,0,2100000,500000,1125,89082,278150,58705,193259,103869,1500,35000,313350,55659,55538,75274,125000,645175.5,1165351,880649,450151,48090,260369,106579,5163484,2500,222457,56958,56958
89,Hong Kong,309,0,184,0,483,966,0,1000,100,1670,835,0,1700,964,4000,2733.333333,1466.666667,200,100,0,875,1750,2625,3500,1750,0,0,0,0,300,15000,12861,10722,8583,6444,4305,2166,27,0,46.66666667,93.33333333,140,70,0,0
90,Hungary,0,0,0,0,0,0,0,0,0,0,0,0,0,0,0,0,0,0,65720.5,131441,2000,10000,1430,0,384,0,32000,0,0,1000,2000,1000,0,64365,6500,4391,2282,1298,0,150000,100000,50000,0,0,0
91,Iceland,0,0,0,0,0,70,140,210,280,249,218,187,156,125,94,63,0,32.25,64.5,96.75,129,116.1,103.2,90.3,77.4,64.5,51.6,38.7,25.8,12.9,0,281.9230769,563.8461538,845.7692308,1127.692308,1409.615385,1691.538462,1973.461538,2255.384615,2537.307692,2819.230769,3101.153846,3383.076923,3665,3665
92,India,32051000,16131700,75760276,64830724,20335800,10982000,3345200,318380000,44221000,3700000,4100000,8378000,3070500,129187500,12428500,32721000,16347100,30384000,34510200,41157696,71655410,53515625,342018200,7854905,33748599,28041000,3234000,38143000,11589018,11091000,3372183,12504069,4280860,16704280,5503980,181276618,167042219,22335051,27239229,28098350,19648350,3832727,2195000,15241070,22810
93,Indonesia,75181,354682,393400,433415,375375,15378,78000,72651,109070,93285,40405,263679,46330,271005,3580795,237015,911596,1102805,112110,30000,738437,92500,606925,622689,269553,145542,2919211,1352120,474440,2883550,216133,18232,47895,677641,534965,489143,472020,532498,2839797,817656,1285582,1553928,2420940,18911612,644656
94,Iran,800100,30100,18552.5,7005,7002.5,7000,41900,0,163000,151500,521000,201450,36200,488725,111510,6000,2000,153400,49681,10142434,13427353,14667483,345750,208550,2720,126267,169800,185000,21900,0,750,33395,66040,3500,440300,24400,0,202000,21745,10022600,243540,3243703,2156668,303213,258387
95,Iraq,91667.4,83334,75000.6,66667.2,58333.8,50000.4,41667,33333.6,25000.2,16666.8,8333.4,0,0,0,0,0,0,0,0,0,0,0,2666.666667,5333.333333,8000,33945,59890,29945,0,3000,1500,0,0,0,32500,65000,35250,5500,25000,5865,1500,2636599,2625899,1748202,0
96,Ireland,,,,0,0,0,0,0,0,0,0,0,1750,3500,2333.333333,1166.666667,0,0,0,0,0,150,300,250,200,0,0,0,0,0,300,600,400,200,0,0,150,300,0,0,0,0,0,0,0
97,Isle of Man,,,,,,,,,,,,,,,,,,,,,,,,,,,,,,,,,,,,,,,,,,0,0,0,0
98,Israel,3,2,1,0,0,0,0,0,0,0,0,0,0,66.66666667,133.3333333,200,100,0,1000,0,410,2369,4328,6287,8246,10205,12164,14123,16082,18041,20000,680000,1340000,2000000,1000000,0,60000,30000,0,10.5,21,21,21,21,21
99,Italy,400000,300,10000,20000,5000,0,0,6000,4000,2000,0,7000,1000,1000,7300,3950,600,0,4363,0,46000,0,10000,1580,200,0,150,0,300,0,300,0,11500,2700,8610,550,30129,4600,2523,1412,2075,11600,280,47700,0
100,Jamaica,30000,0,0,0,0,0,40000,26000,810000,723333.3333,636666.6667,550000,277145,4290,0,0,0,0,0,0,0,0,26500,188310,350120,10396,5000,32000,4000,3240,2480,109165,215850,153697.5,91545,108272.5,125000,5000,5000,5000,5000,5000,5000,5000,5000
101,Japan,15000,60000,31000,29500,0,30000,177000,87599,0,0,147700,100000,40000,55287,0,269855,5400,67000,73130,44000,576090,20746,100792,22593,410846,276105,22909,64089,50270,32400,15000,366187,99686,75093,38931,105828,408876,44148,1551398,513602,250000,39447,26571,10557,31800
102,Jordan,1066.666667,914.2857143,761.9047619,609.5238095,457.1428571,304.7619048,152.3809524,0,4500,9000,13500,18000,0,0,0,0,0,0,90000,180000,150000,75000,0,0,0,0,0,0,0,0,0,0,0,0,0,0,0,0,0,400,800,1200,1600,2000,2000
103,Kazakhstan,25243.90244,25609.7561,25975.60976,26341.46341,26707.31707,27073.17073,27439.02439,27804.87805,28170.73171,28536.58537,28902.43902,29268.29268,29634.14634,30000,15000,0,304000,608000,406166.6667,204333.3333,2500,3668,19834,36000,0,25000,21000,17000,13000,18250,23500,12238,10955,3445,2700,12670,9835,7000,400,16700,33000,71000,35650,300,15000
104,Kenya,20028,11514,3000,301500,600000,450000,300000,150000,0,0,0,1348153,1351847,949544.5,547242,652758,0,1700000,800000,632653,7448979,7448979,7644389,60300,2312000,310189,4009311,42650,1336026,2607802,265974,6268127,2158235,115780,1131782,674407,1241823,2059426,383943,2833339,993966,2458344,2158345,161635,1180
105,Kiribati,25381.48148,28466.66667,31551.85185,34637.03704,37722.22222,40807.40741,43892.59259,46977.77778,50062.96296,53148.14815,56233.33333,59318.51852,62403.7037,65488.88889,68574.07407,71659.25926,74744.44444,77829.62963,80914.81481,84000,74666.66667,65333.33333,56000,46666.66667,37333.33333,28000,18666.66667,9333.333333,0,36.66666667,73.33333333,110,146.6666667,183.3333333,220,1500,1500,1500,1500,1500,1500,1500,1500,1500,1500
106,Kuwait,,,,,,,,,,,,,,,,,,200,190.4761905,180.952381,171.4285714,161.9047619,152.3809524,142.8571429,133.3333333,123.8095238,114.2857143,104.7619048,95.23809524,85.71428571,76.19047619,66.66666667,57.14285714,47.61904762,38.0952381,28.57142857,19.04761905,9.523809524,0,0,0,0,0,0,0
107,Kyrgyzstan,,,,,,,,,,,,,104168,74584,45000,30400,15800,1200,0,0,0,240,480,156,0,0,21075,845,3000,2000000,8350,0,11000,5500,0,11490,8245,5000,3750,2500,1250,0,13850,13850,13850
108,Laos,153000,0,666.6666667,1333.333333,2000,1333.333333,666.6666667,0,730000,610105,490210,370315,268775,0,190000,591400,420000,286666.6667,153333.3333,20000,450000,453000,150000,159031.6667,168063.3333,177095,186126.6667,195158.3333,204190,128796,297898,467000,520588,574176,750,47895,26328,0,748245,507500,70764,26000,42550,68885,68885
109,Latvia,,,,,,,,,,,,,,,,,,,,0,0,0,0,0,0,0,0,0,0,0,0,0,0,0,0,0,0,0,0,0,0,0,0,200,200
110,Lebanon,0,0,0,0,375,750,1125,1500,21200,40900,60600,80300,100000,90050,80100,70150,60200,50250,40300,30350,20400,10450,500,17000,12750,8500,4250,0,125117.75,250235.5,375353.25,500471,625588.75,750706.5,875824.25,1000942,667294.6667,333647.3333,0,11000,0,341400,682800,1024200,2975000
111,Lesotho,231656.8,233961.5333,236266.2667,238571,261429,80000,90000,100000,50000,0,0,37574.5,75149,128175,128176,64188,200,360,520,680,840,1000,214843,285157,253595,222033,190471,158909,320591,237706.3333,154821.6667,71937,658578,329289,0,324474,648948,60052,246526,433000,109685,330707,328158,968,968
112,Liberia,,,200,0,142857.1429,285714.2857,428571.4286,571428.5714,714285.7143,857142.8571,1000000,800000,600000,400000,200000,0,1666.666667,3333.333333,5000,6333.333333,7666.666667,9000,10333.33333,11666.66667,13000,14333.33333,15666.66667,17000,0,584,15486,15476.83333,15467.66667,15458.5,15449.33333,15440.16667,15431,15431,15431,15431,15431,15431,15431,15431,15431
113,Libya,0,0,0,0,0,0,0,0,0,0,0,0,0,0,0,0,111.1111111,222.2222222,333.3333333,444.4444444,555.5555556,666.6666667,777.7777778,888.8888889,1000,1111.111111,1222.222222,1333.333333,1444.444444,1555.555556,1666.666667,1777.777778,1888.888889,2000,5000,8000,11000,14000,17000,20000,415000,810000,1205000,1600000,1600000
114,Lithuania,,,,,,,,,,,,,0,780000,650000,520000,390000,260000,130000,0,0,0,0,0,0,0,0,0,0,0,0,0,0,0,0,0,0,0,0,0,0,0,0,0,0
115,Low-income countries,2468649,5388936,4064950,8067501,11382272,6091661,112108,11738506,4560592,1095252,9624705,7086991,10475279,5045150,5880785,7825627,4303762,4104433,1190177,2670669,14532695,8101295,9001659,8568049,7896531,8604430,11726659,4750995,9685337,17540555,15485138,12933922,20832869,4611635,4824949,26823958,22612755,12514558,10363622,29141380,22403019,25160579,99899995,22074011,289335
116,Lower-middle-income countries,64566928,20148985,80249227,104006655,65955887,26658283,10409896,355314332,106415478,19792381,16671640,37132750,22052947,153744544,22957431,62891576,29626153,39713254,72197879,66284887,116035059,93343118,364442045,16616377,81933979,40940529,24028220,72368068,32620289,41008022,39616819,45493151,43871072,55724716,34156829,206976072,195434949,61110138,44773338,70155784,51444441,29546010,86174589,32141824,10229001
117,Luxembourg,,,,0,0,0,0,0,0,0,0,0,0,0,0,0,0,0,0,0,0,0,0,0,0,0,0,0,0,0,0,166.6666667,333.3333333,500,666.6666667,833.3333333,1000,1166.666667,1333.333333,1500,750,0,0,0,0
118,Macao,,,,,,,,,,,,,,1200,1150,1100,1050,1000,950,900,850,800,750,700,650,600,550,500,450,400,350,300,250,200,150,100,50,0,0,0,0,0,0,0,0
119,Madagascar,751333.3333,1118000,0,13560,100000,106054,112108,131298.5,150489,255086,199740,324740,200291,350145.5,500000,300000,100000,520000,20000,678749,1337498,952805,568112,410944,1050273,60704,18108,243495,518617,302563,371876,269176,335300,44752,10166,9834,1050982,1153018,842190,15100,514306,405555,893537,793025,154475
120,Malawi,15333.33333,10666.66667,6000,147531,289062,430593,572124,713655,715612,0,2800000,0,1405109,1864963,1864963,1864965,1132482.5,400000,15000,2000,20000,508750,3225775,18500,1298260.5,2578021,2521979,615241,107427,13018,21290,74993,616540,1421788,1404377.5,1386967,2971445,3035509,9613,991074,2250,55500,3686247,2299132,14000
121,Malaysia,7800,10200,12600,15000,18333.33333,21666.66667,25000,2576,60000,52000,44000,36000,28000,20000,10000,0,1568,2115,7500,2000,8500,29046,4309,18300,57538,23541,113577,137533,3043,15832,17916,20000,47500,75000,2430000,3000,12013,42235,16900,22477,21883,144638,107594,84187,84187
122,Maldives,,,,,,,,300,225,150,75,0,923.0769231,1846.153846,2769.230769,3692.307692,4615.384615,5538.461538,6461.538462,7384.615385,8307.692308,9230.769231,10153.84615,11076.92308,12000,8549.666667,5099.333333,1649,1661.583333,1674.166667,1686.75,1699.333333,1711.916667,1724.5,1737.083333,1749.666667,1762.25,1774.833333,1787.416667,1800,1560,1320,1320,1320,1320
123,Mali,250456,249771,249771,249771,249771,250460,166973.3333,83486.66667,0,14635,158317.5,302000,259112,216224,173336,130448,87560,44672,1784,2000,0,3500,22519,0,250000,500000,525000,42662,0,20390,632000,1763021,1752394,46000,24000,2000,9500,11325,13150,6979,6800000,4307376.5,1814753,1814753,1814753
124,Malta,,,,,,,,,,,,,,,,,,,,,,,,,,,,,,,,,,,,,,,,,,,0,0,0
125,Marshall Islands,,,,,,,,,,,,0,35.29411765,70.58823529,105.8823529,141.1764706,176.4705882,211.7647059,247.0588235,282.3529412,317.6470588,352.9411765,388.2352941,423.5294118,458.8235294,494.1176471,529.4117647,564.7058824,600,1756.8,2913.6,4070.4,5227.2,6384,360,14825,6175,4116.666667,2058.333333,0,1493.333333,2986.666667,4480,18968,33456
126,Martinique,0,0,0,0,0,0,0,0,0,0,1500,1000,500,0,0,0,0,133.3333333,266.6666667,400,350,300,250,200,150,100,50,0,0,0,0,0,0,0,0,0,0,0,0,0,0,0,0,0,0
127,Mauritania,167843,286274,286274,286274,289274,293061,244217.5,195374,146530.5,97687,48843.5,0,223253.5,446507,223457.5,408,5083.5,9759,11641,3800,138715.5,273631,390684,363185,185342.5,7500,0,54120,32060,10000,427750,780005,361995,4225,977112.25,1949999.5,2922886.75,3895774,159886,224314,347430,559693,541085,7200,7200
128,Mauritius,77500,55000,32500,350,958.3333333,1566.666667,2175,2783.333333,3391.666667,4000,5000,6000,4266.666667,2533.333333,800,400,0,0,0,0,0,0,0,0,0,0,0,0,0,0,0,0,0,0,6000,12000,18000,24000,30000,22534.75,15069.5,7604.25,139,2500,100000
129,Mexico,106000,0,80000,250000,30000,2000000,0,3000,100000,0,17800,9800,10000,282500,75700,75535,10000,771555,36218,698413,112237,5600,516600,237530,4050,2683571,270700,1828000,520000,252170,1600075,3610600,132000,172000,171381,20592,71500,1452210,13000,1842,123575,37342,52603,988000,988000
130,Micronesia (country),,,,,,,,0,2618.181818,5236.363636,7854.545455,10472.72727,13090.90909,15709.09091,18327.27273,20945.45455,23563.63636,26181.81818,28800,21925,15050,8175,1300,0,6000,4500,3000,1500,0,5000,10000,15000,20000,25000,30000,35000,100000,70000,40000,10000,23680.75,37361.5,51042.25,64723,48277
131,Moldova,,,,,,,,,,,,,,,25000,17382.66667,9765.333333,2148,1554,960,2600000,1300250,500,2500,4500,6500,0,210394,4000,8000,12000,12587,13174,12072,10970,9868,8766,7664,6562,5460,4095,2730,1365,0,0
132,Mongolia,31250,15625,0,0,0,0,0,0,0,0,0,0,50000,100000,0,2500,5000,306887.25,608774.5,910661.75,1212549,329225,486726,334000,267200,200400,133600,66800,0,146001,638105,575170.8,512236.6,449302.4,386368.2,323434,750258,48308,272301,3000,49105,14480,33931,624078,340357
133,Montenegro,,,,,,,,,,,,,,,,,,,,,,,,,,,,1086,635.5,185,6615,5557.5,4500,3640,2780,1920,1060,200,160,120,80,40,0,0,0
134,Montserrat,0,0,0,0,0,0,0,0,0,0,0,1000,2000,3000,4000,5000,4000,4000,3577.777778,3155.555556,2733.333333,2311.111111,1888.888889,1466.666667,1044.444444,622.2222222,200,200,200,200,200,200,200,200,200,200,200,200,200,200,200,200,200,200,200
135,Morocco,7040,8520,10000,0,0,0,0,0,0,5428.571429,10857.14286,16285.71429,21714.28571,27142.85714,32571.42857,38000,60000,0,31137.5,62275,107166,106809,15000,10000,0,0,2100,11050,20000,9500,77000,42250,7500,62250,117000,433500,750000,1650000,70000,200,787.5,1375,420687.5,840000,840000
136,Mozambique,1498973,2948452,2452560,949479,1299479,1452084,730042,8000,4000,0,1271788,2543576,756424,1378212,2000000,1100000,200000,400000,0,70000,4500350,849326,600000,657500,621393,585286,853539,1067043,218941,471276,477000,63946,109945,240000,76210,177645,2250417,971183,300,1973357,2901343,1103575,1945297,119635,93240
137,Myanmar,34294,28588,36000,72015.11111,108030.2222,144045.3333,180060.4444,216075.5556,252090.6667,288105.7778,324120.8889,360136,4625,34797.5,64970,19544,61597,103650,51825,0,0,0,50000,31250,12500,0,70075,162317,2400000,1351,405000,53734,86255,73300,40000,1635703,941297,199520,173050,6200,26500,125000,100150,75300,75300
138,Namibia,,,0,0,0,28587,57174,85761,114348,142935,171522,200109,49891,60423.33333,70955.66667,81488,81712,41834.5,1957,23043,5000,0,115628,241372,25000,13650,2300,15000,65000,350000,110000,500000,650,733439,61061,464254,115746,2502,62153,246585,248262,401,1295.5,2190,2190
139,Nepal,1952394,10000,0,200000,0,60500,0,351000,300000,0,2500,615,0,553230,281872.5,10515,138600,0,20000,18000,50000,21019,265760,43395,800000,31600,200000,640658,250000,560724,8000,182186,12500,12474,187621,5621790,20500,1713500,1400,96742,117390,3850,37025,337750,337750
140,Netherlands,0,0,0,0,0,0,0,0,0,0,0,0,0,13000,0,250000,125030,60,2000,1500,1000,500,0,0,0,0,0,0,0,0,0,0,0,0,0,0,0,0,0,0,0,0,0,0,0
141,Netherlands Antilles,0,0,0,0,0,0,0,0,0,0,6666.666667,13333.33333,20000,26666.66667,33333.33333,40000,40000,40000,40000,40000,40000,40000,40000,40000,40000,40000,40000,40000,40000,40000,40000,40000,40000,40000,40000,40000,40000,40000,40000,40000,40000,40000,40000,40000,40000
142,New Caledonia,1600,2000,1888.888889,1777.777778,1666.666667,1555.555556,1444.444444,1333.333333,1222.222222,1111.111111,1000,888.8888889,777.7777778,666.6666667,555.5555556,444.4444444,333.3333333,222.2222222,111.1111111,0,0,0,0,0,0,0,0,0,0,0,0,0,0,0,0,0,0,0,0,0,0,0,0,0,0
143,New Zealand,2900,2250,1195,140,6805,270,1830,7830,1958,154,141,128,0,78.5,157,70,2000,340,200,350,0,0,300,0,5350,100,1200,300,100200,200100,300000,300000,450,13836,7168,500,300,2371,100,0,2895,1880,690,14589,14589
144,Nicaragua,40000,46000,52000,93333.33333,134666.6667,176000,217333.3333,258666.6667,300000,203205.5,106411,0,305690,123000,75000,27085,10724,290000,868225,105695,9795,212866,26842,16396.5,5951,7880,110303,212726,39188,26782,75860,143000,29500,14149,404341,131769,10570,52765,224184,88816,930000,466500,3000,3000,3000
145,Niger,367156,626225,626225,626225,626225,627944,778629.3333,929314.6667,1080000,947500,815000,815000,543333.3333,271666.6667,0,1217.333333,2434.666667,3652,4848,11606,4156,1560239,2045569,30000,711969.5,1393939,1606061,57264,32000,4625355,3580385,1510948,2033004,181029,165578,1060682,1415532,1663003,130468,223000,3750000,105690,4722000,169598,169598
146,Nigeria,271746,407619,543492,679365,1158730,1167905,778603.3333,389301.6667,0,0,0,0,0,90000,180000,135000,90000,45000,0,80000,500,84065,0,210000,29300,1000,3000,55000,102500,150000,1500000,30265,7015000,81506,10000,100420,1000,10000,1936727,71140,192900,8330,21910398,31336,500
147,Niue,109.0909091,118.1818182,127.2727273,136.3636364,145.4545455,154.5454545,163.6363636,172.7272727,181.8181818,190.9090909,200,200,200,200,200,200,200,200,200,200,200,200,200,200,200,200,200,200,200,200,200,200,200,200,200,200,200,200,200,200,200,200,200,200,200
148,North America,739152,175732,419432,609745,82078,3494528,726692,90110,3658892,62440,189149,788470,1391096,1289217,1800588,532422,1440385,1334563,5359372,4610576,271296,8478847,1636607,809045,6335800,6868641,432181,3420077,15538359,3107798,5940136,5189171,2509689,593169,3024155,2634324,95183644,13793888,5757387,901640,9513056,1053834,8913244,6052740,300
149,North Korea,,,,,,,,20000,17083.33333,14166.66667,11250,8333.333333,5416.666667,2500,2851250,5700000,3270000,0,10000,39136,480000,157500,45771,23110.5,450,0,7310,1000000,698595,397190,95785,56705,3103905,800000,9401770.5,18003541,667715,0,595036,15400000,85000,5000,5000,5000,5000
150,North Macedonia,,,,,,,,,,,,,,10000,5750,1500,1200,900,600,300,0,0,1500,4750,100000,2000,1500,1000202,801181.6,602161.2,403140.8,204120.4,5100,4911,5028,108772,33522,2220,21665,41110,60555,80000,80000,80000,80000
151,Northern Mariana Islands,,,,,,,,,,,,,,,,,,,,,,,0,0,200,213.6363636,227.2727273,240.9090909,254.5454545,268.1818182,281.8181818,295.4545455,309.0909091,322.7272727,336.3636364,350,233.3333333,116.6666667,0,0,0,0,0,0,0
152,Norway,0,0,0,0,0,0,0,0,0,0,0,0,0,0,2000,4000,3320,2640,1960,1280,600,1500,1125,750,375,0,0,0,0,166.6666667,333.3333333,500,456.25,412.5,368.75,325,281.25,237.5,193.75,150,1000,500,0,0,0
153,Oceania,38952,80898,170000,287272,6805,240420,315330,66899,6058,2154,182100,85518,285987,5588594,6385251,3200665,638100,139596,698424,108350,2150,27738,36388,35885,115515,27593,8691,171514,98147,72232,402002,485471,263184,77716,169833,2914211,675992,71462,826222,46043,580156,133981,406110,1042991,81733
154,Oman,1250,0,2.380952381,4.761904762,7.142857143,9.523809524,11.9047619,14.28571429,16.66666667,19.04761905,21.42857143,23.80952381,26.19047619,28.57142857,30.95238095,33.33333333,35.71428571,38.0952381,40.47619048,42.85714286,45.23809524,47.61904762,50,0,5000,10000,15000,20000,13333.33333,6666.666667,0,0,1500,3000,4500,6000,0,200,0,0,100,90,123.3333333,156.6666667,190
155,Pakistan,86200,225,10000,64300,0,12000,750,375,0,142400,0,175005,9888753,261495,840000,1855000,1300000,836328,200000,403213,527595,1841787,682337,1794809,10765,7523073,2000,1652502,365752,75000,20394883,5401000,5047662,1697020,2530000,2023936,3235,62310,0,4811364,2559155,63890,33004000,120165,0
156,Palau,,,,,,,,,,,,,,,,,,,,,,,,,,,,,,,,,0,0,3569,7138,7062,7107.2,7152.4,7197.6,7242.8,7288,7288,7288,7288
157,Palestine,,,,,,,,,,,,,,,,,,,,,,,,,,,,,0,0,0,750,1500,62471,46760.5,31050,30840,30630,30420,30210,30000,16750,3500,3500,3500
158,Panama,33600,49400,65200,81000,1000,2250,3500,5116,6732,14654.66667,22577.33333,30500,0,166.6666667,333.3333333,500,2833.333333,5166.666667,7500,500,0,0,25000,2000,22748,7000,6576,129,23832,4248,32642,4000,9416,0,116,3500,12000,12000,0,0,5150,30190,150,150,150
159,Papua New Guinea,8052,31948,34974,38000,19000,0,1000,4000,1000,500,0,0,90000,49000,106000,53900,1800,133256,383943,0,0,0,17563,600,19600,17493,3999,162140,75300,0,0,0,200000,35000,40726,2549199,6600,275668,544736,16450,61000,30500,0,13635,0
160,Paraguay,108333.3333,96666.66667,85000,100000,86000,72000,58000,44000,30000,22500,15000,40287.5,65575,135383.3333,205191.6667,275000,175000,75000,0,6534,11145,11145,13941,6970.5,0,52990,88995,125000,65655,212735,0,0,1495845,136468,283292,108284,41866,44083,46300,525197,265598.5,6000,26328,46656,46656
161,Peru,39000,12156,80000,702700,0,0,208000,27500,5000,0,2274100,46500,1130000,219120,89000,0,55355,78346,535254,247000,0,292800,119036,1900221,346134,2446,18000,1589240,450000,61573,304747,172801,705671,275697,179481,372345,21315,2188000,7885,43123,7562,47757,4213,585934,698
162,Philippines,2354911,1397418,891025,1835262,3280815,1609281,1236561,3913127,4450946,2283086,7562494,2682778,2181283,3787719,2771574,3287550,37615,471765,9922433,3482543,6298695,3524478,1207979,528194,3329234,213057,8610114,2010553,8404236,13351474,3963143,13210117,12489647,25637240,13272389,3935535,5614843,4812022,9614691,6454382,6115102,12470277,7920999,3497056,1400000
163,Poland,4500,10275,16050,900,675,450,225,0,0,0,0,0,0,0,0,54166.66667,108333.3333,162500,1200,0,0,15000,0,0,600,3600,500,0,1050,150,100700,0,300,0,0,1200,0,5799,0,0,390,2000,1500,1500,1500
164,Portugal,21300,900,1450,2000,1000,0,0,0,0,0,0,0,622,1244,1866,2488,3110,0,0,0,0,0,0,150036,0,0,240,156,72,0,600,1700,2800,3900,50,0,699,500,310,0,0,0,0,1400,1400
165,Puerto Rico,2250,0,0,0,0,0,500,1000,1500,2000,1533.333333,1066.666667,600,300,0,98000,57315,28657.5,0,0,4650,9300,5852.5,2405,3500,2333.333333,1166.666667,0,375,750,1125,1500,0,0,0,180000,360000,540000,400,2360,4320,2160,0,0,0
166,Qatar,,,,,,,,,,,,,,,,,,,,,,,,,,,,,,,,,,,,,,,1500,1500,1500,1500,1500,1500,1500
167,Reunion,7000,5250,3500,1750,0,1333.333333,2666.666667,4000,5100,6200,4650,3100,1550,0,0,0,0,0,0,0,0,0,0,0,0,0,0,0,35.71428571,71.42857143,107.1428571,142.8571429,178.5714286,214.2857143,250,237.5,225,212.5,200,150,100,50,0,25000,700
168,Romania,100000,66666.66667,33333.33333,0,2000,1666.666667,1333.333333,1000,666.6666667,333.3333333,0,8845,4422.5,0,0,0,0,0,13700,8418,63000,14800,4800,0,30528,55769,19581,4260,11090,0,12237,9768.5,7300,5400,525,1500,300,0,2700,362,1161,100,0,0,0
169,Russia,,,,,,,,,,,,,1750,14500,797266,1350,234300,500,254100,731000,77001,393305,406913,1000600,12658,9045,19720,14000,5135,29299.5,53464,14169,37397,35635,22545,6500,11696,15721,14972,50000,40878,31756,1050,28200,28200
170,Rwanda,665050.2857,603787.7143,542525.1429,481262.5714,420000,320407,220814,121221,21628,60000,52345.57143,44691.14286,37036.71429,29382.28571,21727.85714,14073.42857,6419,75581,101686.5,127792,766753,3000,21535,173174,206564,206564,208564,211634,11295,5647.5,0,3588,11160,8581.666667,6003.333333,3425,30000,6525,26360,5360,21930,18125,750,51905,51905
171,Saint Barthelemy,,,,,,,,,,,,,,,,,,,,,,,,,,,,,,,,,,,,,,0,0,0,0,0,0,0,0
172,Saint Helena,,,,,,,,,,,,,,,,,,,,,,300,300,300,300,300,300,300,300,300,300,300,300,300,300,300,300,300,300,300,300,300,300,300,300
173,Saint Kitts and Nevis,0,0,0,0,0,0,0,0,0,0,0,360,720,1080,1440,1800,4533.333333,7266.666667,10000,1080,960,840,720,600,480,360,240,120,0,55.55555556,111.1111111,166.6666667,222.2222222,277.7777778,333.3333333,388.8888889,444.4444444,500,500,500,500,500,500,500,500
174,Saint Lucia,70000,47666.66667,25333.33333,3000,2000,1000,0,0,0,100,200,300,400,500,600,387.5,175,116.6666667,58.33333333,0,0,0,0,0,0,0,0,0,61000,122000,183000,128661.3333,74322.66667,19984,21656,23328,25000,20000,15000,10000,5000,0,5500,5500,5500
175,Saint Martin (French part),,,,,,,,,,,,,,,,,,,,,,,,,,,,,,,,,,,,,,0,0,0,0,0,0,0,0
176,Saint Vincent and the Grenadines,20000,16690.33333,13380.66667,10071,6761.333333,3451.666667,142,1000,840,680,520,360,200,185.7142857,171.4285714,157.1428571,142.8571429,128.5714286,114.2857143,100,66.66666667,33.33333333,0,500,1000,530,1624,2718,3812,4906,6000,275,8580,16885,19590,22295,25000,22685.8,20371.6,18057.4,15743.2,13429,6789.5,150,150
177,Samoa,1600,1733.333333,1866.666667,2000,1666.666667,1333.333333,1000,666.6666667,333.3333333,0,170000,85000,76500,68000,59500,51000,42500,34000,25500,17000,8500,0,0,0,0,0,1318.5,2637,3955.5,5274,7750.333333,10226.66667,12703,8468.666667,4234.333333,0,0,0,0,0,0,0,0,0,0
178,Sao Tome and Principe,,,,30971,30971,31058,36297.16667,41536.33333,46775.5,52014.66667,57253.83333,62493,67732.16667,72971.33333,78210.5,83449.66667,88688.83333,93928,99167.16667,104406.3333,109645.5,114884.6667,120123.8333,125363,130602.1667,135841.3333,141080.5,146319.6667,151558.8333,156798,162037.1667,167276.3333,172515.5,177754.6667,182993.8333,188233,193472.1667,198711.3333,203950.5,209189.6667,214428.8333,219668,219668,219668,219668
179,Saudi Arabia,111.1111111,55.55555556,0,0,0,0,0,0,0,0,0,0,0,0,0,0,0,0,0,0,0,0,0,13000,400,50,37.5,25,12.5,0,85,0,0,1021,510.5,0,1035,481,944,1407,600,600,600,600,600
180,Senegal,475650,387722,299794,304794,299794,303618,202412,101206,0,1000,2000,3000,4000,5000,0,75000,150000,225000,300000,65853,0,231500,463000,1277,0,50000,27650,5300,23600,264000,102453,39794,464152,571480,322494,317208,10540,37363,64186,94112,102193,85428,19838,19838,19838
181,Serbia,,,,,,,,,,,,,,,,,,,,,,,,,,,,12370,7790,3210,30340,59287,88234,3000,62600,35627.5,8655,0,231,11650,2100,22,0,15662,15662
182,Serbia and Montenegro,,,,,,,,,,,,,0,8662.714286,17325.42857,25988.14286,34650.85714,43313.57143,51976.28571,60639,6000,4200,2400,5165,7930,10695,36200,36200,36200,36200,36200,36200,36200,36200,36200,36200,36200,36200,36200,36200,36200,36200,36200,36200,36200
183,Seychelles,,,,,,,,,,,,,,,,,,1125,2260,3395,4530,5665,6800,5780,4760,4564.444444,4368.888889,4173.333333,3977.777778,3782.222222,3586.666667,3391.111111,3195.555556,3000,4435,4435,4435,4435,4435,4435,4435,4435,4435,4435,4435
184,Sierra Leone,4444.444444,3333.333333,2222.222222,1111.111111,0,16666.66667,33333.33333,50000,66666.66667,83333.33333,100000,116666.6667,133333.3333,150000,166666.6667,183333.3333,200000,133333.3333,66666.66667,0,0,0,0,0,0,15000,9750,4500,2977.5,1455,234,0,0,0,12151.5,24303,18059.5,11816,11098.5,10381,11221.66667,12062.33333,12903,0,0
185,Sint Maarten (Dutch part),,,,,,,,,,,,,,,,,,,,,,,,,,,,,,,,,,,,,,5000,5000,5000,5000,5000,5000,5000,5000
186,Slovakia,,,,,,,,,,,,,,,,,,0,10850,35207,0,0,0,0,10530,0,100,0,283.3333333,566.6666667,850,0,0,0,0,0,0,0,0,0,250,0,0,0,0
187,Slovenia,,,,,,,,,,,,,,,,,,,0,0,0,0,0,0,600,0,0,0,2400,4800,7200,9600,12000,32275,52550,43791.66667,35033.33333,26275,17516.66667,8758.333333,0,1500,0,1503120,1503120
188,Solomon Islands,14000,22000,30000,20216.66667,10433.33333,650,90000,45000,0,0,0,0,0,88500,66375,44250,22125,0,380,285,190,95,0,275,800,1325,1850,2375,4687.5,7000,17141,0,4836,13556,52000,44096,9769,5384.5,1000,75500,150000,107439.6667,64879.33333,22319,22319
189,Somalia,0,30000,15000,0,125000,250000,375000,500000,53500,50000,40000,30000,20000,10000,0,8500,100,1002000,919440,836880,754320,605680,0,300,304800,5000,486500,8000,2537185,816565,2016000,2002800,3012200,247380,166995,2603032,3802736,1673157,928000,2030000,1311000,3637853,3866563,3326001,3326001
190,South Africa,0,0,0,0,500000,675000,850000,65000,1320000,660000,0,0,0,0,11000,303500,8000,300,0,15300,4000,42656,103650,500,15000000,0,7160,38000,4000,20300,3517,205089,126350,2870,9185,1117346,1124846,472426,0,754500,410,12012410,176032,9511,7418
191,South America,365150,82156,413410,33875839,578264,2808292,1008893,651888,8397656,853000,2606685,254687,1470998,388802,325980,334582,320355,746901,5787781,7245906,354968,1975260,801855,2160198,1092592,1085192,1017165,6323934,4339295,2461064,5194786,3524793,5240096,3304682,10922755,12206344,10437180,2444039,217496,11124903,571719,3364833,1713126,5042553,1110588
192,South Korea,20000,14253,5000,179992,354984,0,6623,56000,0,75145,189233,20750,530,1790,0,2400,31865,0,2000,24408,500,310000,92625,65000,6691,15910,4630,1000,0,20750,41500,29000,3120,1560,0,15650,31300,5000,0,87808,18400,600,47400,11000,11000
193,South Sudan,,,,,,,,,,,,,,,,,,,,,,,,,,,,,92791,2150000,2440000,1298500,157000,581000,1594666.667,2608333.333,3622000,2726266.667,1830533.333,934800,1042000,4868103,4690567,4690567,4690567
194,Spain,0,0,225000,501600,60000,300,1150,2000,1000,0,375770,1124229,1124229,1124229,1140729,1127314,4000,750,600,0,1000,300,400,200,1600,0,0,4730,2365,0,30,2400,600,600,0,150,150,1500,0,3820,2000,589,3500,29129,3671
195,Sri Lanka,0,20000,631026,2498974,185000,8000,64485,2200000,238065,867935,440000,100000,394810,290130,0,0,0,5000,152655,136830,775000,250513,1249487,695000,716130,145000,333000,391294,841611,320000,770255,268600,2247000,77424,2852689,180078,642342,1612235,303712,671820,235589,330770,178170,288845,175000
196,Sudan,0,799407.3333,1598814.667,2398222,3047713,3056065,3253032.5,3450000,1500000,1054000,608000,1727510,6872490,0,5965,106082.5,206200,100000,900000,235841,1001367,1095633,100000,325000,240500,156000,161000,365000,238227.5,111455,16350,0,3335000,500000,266000,800000,90000,29935,116055,352498,875000,319000,12188300,12188300,12188300
197,Suriname,10664.86486,11216.21622,11767.56757,12318.91892,12870.27027,13421.62162,13972.97297,14524.32432,15075.67568,15627.02703,16178.37838,16729.72973,17281.08108,17832.43243,18383.78378,18935.13514,19486.48649,20037.83784,20589.18919,21140.54054,21691.89189,22243.24324,22794.59459,23345.94595,23897.2973,24448.64865,25000,15774,6548,6821.230769,7094.461538,7367.692308,7640.923077,7914.153846,8187.384615,8460.615385,8733.846154,9007.076923,9280.307692,9553.538462,9826.769231,10100,9000,9000,9000
198,Sweden,0,0,0,0,0,0,0,0,0,0,0,0,0,0,0,0,0,0,0,0,0,0,0,0,0,0,0,0,0,0,0,0,0,0,0,0,0,0,0,0,0,13500,0,0,0
199,Switzerland,0,0,0,140,0,0,0,0,2000,1000,0,0,0,0,0,0,0,0,0,0,1500,0,281,0,1250,2500,3000,100,50,0,0,0,0,0,0,66.66666667,133.3333333,200,0,0,13,0,0,15000,0
200,Syria,130461.52,130538.44,130615.36,130692.28,130769.2,130846.12,130923.04,130999.96,131076.88,131153.8,131230.72,131307.64,131384.56,131461.48,131538.4,131615.32,131692.24,131769.16,131846.08,131923,197077,0,0,0,0,0,0,217062,434124,432937,432939,346351.2,259763.4,173175.6,86587.8,0,58750,117500,176250,235000,140000,3621202,2383498,8802850,9700
201,Taiwan,7750,0,0,0,0,53,106,2200,1100,0,20000,0,0,228.5,457,228.5,0,0,400300,0,0,650000,300,0,8765,4200,1100,1000,0,2307477,0,17500,35000,1500,0,0,0,4000,6000,0,0,0,100,0,300
202,Tajikistan,,,,,,,,,,,,,63500,15000,5000,92500,180000,0,40935,6366,1210918,1798102,2248,7156,400180,6327,29131,24184,2800000,15000,15028,2130,8087,2500,12760,18764,12905,700,5725,6750,2690,25110,13656,2202,2202
203,Tanzania,73333.33333,56666.66667,40000,970000,1900000,950000,0,58250,116500,141056,142000,399452,400548,201513,0,1850,600985,607371,603943,599343,601736,0,1200,562115,1593885,15548,3700000,1854085,8170,21193,29412,353797,705203,372601.5,40000,5000,265503,0,15862,2005000,47581,332705,1799296,2904678,0
204,Thailand,630000,43000,521500,1000000,786140,7640,27780,0,1112941,154000,0,4373285,359326,1072619,134113,4224000,5343386,50000,3166781,6283562,3364450,461150,8317858,112700,574650,658064,2722014,183000,11544016,228141,13979936,12441062,12483912,3500000,1148780,0,808843,3819058,2348971.5,878885,1196082,957691,1381741,271323,1400
205,Togo,37500,25000,12500,0,66666.66667,133333.3333,200000,266666.6667,333333.3333,400000,322000,244000,166000,88000,10000,110000,83468.33333,56936.66667,30405,65000,56000,47000,38000,29000,20000,11000,2000,127880,44735,0,111550,97908.57143,84267.14286,70625.71429,56984.28571,43342.85714,29701.42857,16060,29706.66667,43353.33333,57000,37798,18596,18596,18596
206,Tokelau,1133.333333,1214.285714,1295.238095,1376.190476,1457.142857,1538.095238,1619.047619,1700,1133.333333,566.6666667,0,0,0,0,0,0,0,0,0,0,0,0,0,0,0,0,0,0,0,0,0,0,0,0,0,0,0,0,0,0,0,0,0,0,0
207,Tonga,66000,83000,100000,87825,75650,63475,51300,39125,26950,14775,2600,2228.571429,1857.142857,1485.714286,1114.285714,742.8571429,371.4285714,0,3571,7880.666667,12190.33333,16500,11000,5500,0,100,200,300,400,500,250,0,1333.333333,2666.666667,4000,0,392,43696,87000,56000,25000,54588,84176,84176,84176
208,Trinidad and Tobago,31625,28562.5,25500,22437.5,19375,16312.5,13250,10187.5,7125,4062.5,1000,666.6666667,333.3333333,0,66.66666667,133.3333333,200,0,251.4285714,502.8571429,754.2857143,1005.714286,1257.142857,1508.571429,1760,0,0,0,0,0,0,18750,37500,56250,75000,93750,112500,131250,150000,137500,125000,112500,100000,100000,100000
209,Tunisia,10500,20250,30000,22500,15000,7500,0,0,0,76000,152000,142384.6154,132769.2308,123153.8462,113538.4615,103923.0769,94307.69231,84692.30769,75076.92308,65461.53846,55846.15385,46230.76923,36615.38462,27000,21875,16750,11625,6500,3250,0,250,500,750,1000,1250,1500,1750,2000,30000,35000,40000,1000,4000,4000,4000
210,Turkey,60000,0,400000,800000,750200,565,20750,0,1305,2902.5,4500,500,251000,0,8000,430200,17500,1359545,2701590,880000,25000,3555,225000,245240,38435,5950,63000,3150,0,35106,3500,6786,0,0,0,5000,2635,270,0,16709,76995,567766,3213,9100504,900
211,Turkmenistan,,,,,,,,,,,,,,300,257.1428571,214.2857143,171.4285714,128.5714286,85.71428571,42.85714286,0,0,0,0,0,0,0,0,0,0,0,0,0,0,0,0,0,0,0,0,0,0,0,0,0
212,Turks and Caicos Islands,,,,,,770,616,462,308,154,0,14.28571429,28.57142857,42.85714286,57.14285714,71.42857143,85.71428571,100,114.2857143,128.5714286,142.8571429,157.1428571,171.4285714,185.7142857,200,525,850,1175,1500,1333.333333,1166.666667,1000,833.3333333,666.6666667,500,333.3333333,166.6666667,0,0,0,0,0,0,0,0
213,Tuvalu,233.3333333,175,116.6666667,58.33333333,0,0,0,0,100,200,300,200,100,0,0,0,0,0,0,0,0,0,0,0,0,0,0,0,0,0,0,0,1153.25,2306.5,3459.75,4613,4790.4,4967.8,5145.2,5322.6,5500,10204,10204,10204,10204
214,USSR,8000,10000,0,1000,0,18000,225000,20500,1100000,20000,23488,137000,137000,137000,137000,137000,137000,137000,137000,137000,137000,137000,137000,137000,137000,137000,137000,137000,137000,137000,137000,137000,137000,137000,137000,137000,137000,137000,137000,137000,137000,137000,137000,137000,137000
215,Uganda,250342,221271.8571,192201.7143,163131.5714,134061.4286,104991.2857,75921.14286,46851,555149,277574.5,0,12500,25000,37500,50000,83333.33333,116666.6667,150000,76000,184153,289027,293676,655760,700,10000,463636,142044,438070,444754,685246,12785,732075,15000,25445,20296.66667,15148.33333,10000,0,0,209528,140200,116794,599018,1000,1000
216,Ukraine,,,,,,,,,,,,,1000,325000,1012500,1700000,10000,0,0,23700,47400,300000,150300,600,4470,8340,55000,6268,224725,0,40000,62500,85000,265,243.3333333,221.6666667,200,0,600,28775,56950,1700,2275,2850,2850
217,United Arab Emirates,,,,,,,,,,,,,,,,,,,,,,,,,,,,,,,,,,,,,,188,210.5714286,233.1428571,255.7142857,278.2857143,300.8571429,323.4285714,346
218,United Kingdom,0,0,0,0,0,0,0,0,0,0,0,0,300,600,700,0,12000,0,253300,530,21540,240,750,0,1000,3000,173850,344700,3300,4080,0,1892.5,3785,4283,19057,63600,31835,70,0,100,480,0,0,0,0
219,United States,111000,0,36000,1500,14000,1005550,2150,5400,0,300,14138,2900,45450,46900,36050,199300,240327,203408,224579,3051851,81264,128833,167400,258195,5099440,845004,86385,666470,13364886,35014,12300,395700,91409,205325,106563,32556,85111420,757169,1760509,18722,40900,19236,6197,26198,300
220,United States Virgin Islands,,,,,,,,,,2000,1666.666667,1333.333333,1000,666.6666667,333.3333333,0,0,0,0,0,0,0,0,0,0,0,0,0,0,0,0,0,0,0,0,0,0,0,0,0,0,0,0,0,0
221,Upper-middle-income countries,1455681,3624138,1923582,33860904,3035121,4877820,16459363,3078870,90396922,140297461,51236813,221552023,30752234,11640333,221254851,152688293,176715696,17831075,237849438,145089121,32729770,50599114,296866055,222447020,70323677,91535469,95064717,131035024,151674293,102078228,208434994,174175432,64987321,35464496,80519896,18246071,89238357,33834019,15162286,19796352,21724963,39602325,22891187,42755290,1888478
222,Uruguay,22967.26316,21806.05263,20644.84211,19483.63158,18322.42105,17161.21053,16000,13100,10200,7300,4400,1500,4700,2000,1500,1000,500,0,9300,0,5400,5000,1300,200,2000,0,55000,110000,57000,4000,0,7065.2,14130.4,21195.6,28260.8,35326,10355,6639,14741,27844,15461,14741,192281,645457,8556
223,Uzbekistan,,,,,,,,,,,,,50000,42857.14286,35714.28571,28571.42857,21428.57143,14285.71429,7142.857143,0,231818,368182,276511.5,184841,93170.5,1500,1250,1000,750,500,250,0,7777.777778,15555.55556,23333.33333,31111.11111,38888.88889,46666.66667,54444.44444,62222.22222,70000,0,159,159,159
224,Vanuatu,0,0,29375,58750,88125,117500,82750,48000,3100,1550,0,575,1150,5000,0,0,0,0,2400,12000,8502.5,5005,4000,29000,54000,5000,0,923.5,1847,8503,20251.5,32000,28000,24000,20000,188000,100782,13564,13586,71793,130000,3383,298542.5,593702,593702
225,Venezuela,150,4000,6750,9500,12250,15000,150,15000,5480,0,0,0,0,0,0,17500,35000,0,208773.5,417547,27000,41188,55376,450,1645,44000,95,797.5,1500,0,94800,1668,11000,22432.33333,33864.66667,45297,0,5350,10700,2000,3690,1401300,185850,112,112
226,Vietnam,15615000,8457500,1300000,580000,688416,3025000,2500000,584800,1320000,5635000,510000,316478,178234,41520,393000,423000,1041500,1135904,5073986,7039150,5027505,1785895,2733500,402880,535900,851817,2994720,1599755,767996,3616154,1522710,1361570,59320,4121350,48075,134069,3817847,5362164,283710,663363,2363690,397340,514188,90170,90170
227,Wallis and Futuna,3150,3375,3600,3825,4050,4275,4500,3857.142857,3214.285714,2571.428571,1928.571429,1285.714286,642.8571429,0,65.78947368,131.5789474,197.3684211,263.1578947,328.9473684,394.7368421,460.5263158,526.3157895,592.1052632,657.8947368,723.6842105,789.4736842,855.2631579,921.0526316,986.8421053,1052.631579,1118.421053,1184.210526,1250,1250,1250,1250,1250,1250,1250,1250,1250,1250,1250,1250,1250
228,West Germany,0,0,0,0,0,0,1166.666667,2333.333333,3500,2333.333333,1166.666667,0,0,0,0,0,0,0,0,0,0,0,0,0,0,0,0,0,0,0,0,0,0,0,0,0,0,0,0,0,0,0,0,0,0
229,World,69078567,29377212,87309193,146658520,81044411,39651334,27333884,370423801,201389862,161567063,78291199,267195006,64695006,177863534,257567399,228689903,211671668,62537476,312685715,221093443,164280473,153250955,671589024,248188285,165810504,142615525,131146150,209412188,207723142,163066393,266508177,233899538,130014861,99600360,120423608,253374569,393043687,109103407,73806845,119951151,96216686,94542982,209721718,99541786,12485244
230,Yemen,,,,,,,,,,,,0,4500,9000,49000,89000,129000,66120,3240,12250,6125,0,260,0,107.5,215,0,2600,25000,0,0,16360.66667,32721.33333,49082,87041,125000,29750,0,15750,80500,173255,228180,219400,398000,398000
231,Yemen Arab Republic,240000,320000,400000,342857.1429,285714.2857,228571.4286,171428.5714,114285.7143,57142.85714,0,0,0,0,0,0,0,0,0,0,0,0,0,0,0,0,0,0,0,0,0,0,0,0,0,0,0,0,0,0,0,0,0,0,0,0
232,Yemen People's Republic,11250,15000,300000,294285.7143,288571.4286,282857.1429,277142.8571,271428.5714,265714.2857,260000,260000,260000,260000,260000,260000,260000,260000,260000,260000,260000,260000,260000,260000,260000,260000,260000,260000,260000,260000,260000,260000,260000,260000,260000,260000,260000,260000,260000,260000,260000,260000,260000,260000,260000,260000
233,Yugoslavia,5000,0,0,0,750,1500,1000,500,0,0,0,0,0,0,0,0,0,0,0,0,0,0,0,0,0,0,0,0,0,0,0,0,0,0,0,0,0,0,0,0,0,0,0,0,0
234,Zambia,15000,7500,0,0,133333.3333,266666.6667,400000,533333.3333,666666.6667,800000,824418.5,848837,851163,991843.3333,1132523.667,1273204,1282136,1291068,1300000,656000,12000,617900,308950,0,196385,1204000,1361956.5,1519913,48608,614814,1200,1375,1587.5,1800,0,142804.2,285608.4,428412.6,571216.8,714021,1421751,636148,965434,176608,5000000
235,Zimbabwe,0,0,0,0,0,113150,226300,339450,452600,565750,678900,792050,1051267,1051267,1051267,1054149,721099.3333,388049.6667,55000,127500,200000,1802200,2113899,2131901,1813224,1494547,1175870,857193,840727,419080,305492,453900,453900,1516789,1053693,1052693,1053943,2187552,2180519,2450519,543638,123284,49616,0,0